"",,,,,,,,Monthly
Stop Location,Location ID,Direction,Position,Ons,Offs,Total,,Lifts
SW Patton & Montgomery,4417,W,FS,0,3,3,|,0
SW Patton & Old Orchard,4419,W,OP,0,2,2,|,0
SW Patton & Old Orchard,4420,E,NS,1,0,1,|,0
SW Patton & Patton Ct,4422,E,OP,0,0,0,|,0
SW Patton & Patton Ln,4423,W,OP,0,2,2,|,0
SW Patton & Patton Ln,4424,E,FS,3,0,3,|,0
PCC Drive & Springville,4426,S,NS,14,0,14,|,0
PCC Lower Drive (G St) & H St,4427,E,NS,0,5,5,|,3
PCC Rock Creek Main Stop,4429,S,AT,491,524,"1,015",|,85
PCC Sylvania Main Stop,4431,S,AT,541,531,"1,072",|,143
N Peninsular & Farragut,4432,N,FS,1,27,28,|,0
N Peninsular & Farragut,4433,S,NS,38,1,39,|,0
N Peninsular & Halleck,4434,N,NS,1,6,7,|,0
N Peninsular & Halleck,4435,S,NS,17,9,26,|,1
N Peninsular & Russet,4437,S,FS,46,9,55,|,4
N Peninsular & Watts,4438,N,FS,1,13,14,|,1
N Peninsular & Watts,4439,S,NS,24,1,25,|,0
N Philadelphia & Ivanhoe,4440,E,NS,1,82,83,|,4
N Philadelphia & Syracuse,4441,W,NS,52,1,53,|,6
SW Pine & 2nd,4451,S,NS,0,16,16,|,1
SW Pine & 2nd,4452,N,NS,9,0,9,|,1
N Rosa Parks Way & Albina,4455,E,NS,17,14,31,|,17
Portland Ave & W Arlington,4456,S,NS,4,5,9,|,2
N Rosa Parks Way & Boston,4457,E,NS,9,3,12,|,1
N Rosa Parks Way & Congress,4458,W,FS,4,17,21,|,0
N Rosa Parks Way & Congress,4459,E,OP,18,4,22,|,1
N Rosa Parks Way & Curtis,4461,E,NS,6,3,9,|,1
Portland Ave & W Dartmouth,4462,S,NS,1,5,6,|,1
Portland Ave & E Dartmouth,4463,N,NS,22,4,26,|,21
N Rosa Parks Way & Delaware,4464,W,NS,4,13,17,|,1
N Rosa Parks Way & Denver,4465,W,NS,6,13,19,|,1
N Rosa Parks Way & Denver,4466,E,NS,11,4,15,|,1
Portland Ave & W Fairfield,4467,S,NS,0,0,0,|,0
Portland Ave & E Fairfield,4468,N,NS,1,0,1,|,0
N Rosa Parks Way & Greeley,4470,E,FS,9,12,21,|,5
N Rosa Parks Way & Greeley,4471,W,NS,13,16,29,|,8
Portland Ave & E Hereford,4472,N,NS,2,1,3,|,1
N Rosa Parks Way & Interstate,4473,W,NS,61,34,95,|,14
N Rosa Parks Way & Interstate,4474,E,FS,25,51,76,|,11
Portland Ave & W Ipswich,4475,S,NS,1,0,1,|,0
N Rosa Parks Way & Vancouver,4485,W,FS,12,23,35,|,1
N Rosa Parks Way & Vancouver,4486,E,NS,22,9,31,|,2
N Portsmouth & Amherst,4491,S,NS,0,10,10,|,0
N Portsmouth & Depauw,4492,N,FS,14,0,14,|,0
N Portsmouth & Lombard St,4494,S,NS,3,29,32,|,3
N Portsmouth & Lombard St,4495,N,NS,45,5,50,|,7
N Portsmouth & Oberlin,4496,S,NS,0,10,10,|,1
