"",,,,,,,,Monthly
Stop Location,Location ID,Direction,Position,Ons,Offs,Total,,Lifts
Country Club & Wembley Park,1234,E,NS,0,0,0,|,0
NE Cully & Shaver,1239,S,FS,5,1,6,|,0
NE Cully & Prescott,1240,N,NS,38,102,140,|,60
NE Cully & Prescott,1241,S,FS,118,40,158,|,53
NE Cully & Killingsworth,1243,N,FS,14,7,21,|,1
NE Cully & Mason,1244,N,FS,7,29,36,|,7
NE Cully & Mason,1245,S,NS,16,6,22,|,1
SE Currin & Hwy 211-224,1252,S,NS,0,0,0,|,0
E Dartmouth & Cornell,1255,E,NS,3,1,4,|,0
E Dartmouth & Cornell,1256,W,NS,1,4,5,|,1
E Dartmouth & Harvard,1257,E,NS,3,2,5,|,4
E Dartmouth & Harvard,1258,W,NS,1,4,5,|,1
E Dartmouth & Portland Ave,1259,W,NS,2,14,16,|,14
NE Dekum & Dean,1264,E,NS,46,16,62,|,6
NE Dekum & Durham,1265,E,FS,64,18,82,|,15
NE Dekum & Durham,1267,W,NS,27,54,81,|,13
NE Dekum & Saratoga,1271,W,NS,9,9,18,|,11
NE Dekum & M L King,1273,W,NS,28,98,126,|,17
NE Dekum & Claremont,1275,W,FS,18,47,65,|,3
NE Dekum & 15th,1277,W,NS,26,20,46,|,3
NE Dekum & 15th,1278,E,NS,21,22,43,|,5
NE Dekum & 18th,1280,W,FS,18,16,34,|,2
NE Dekum & 18th,1281,E,NS,14,17,31,|,3
NE Dekum & 22nd,1282,W,NS,13,7,20,|,1
NE Dekum & 22nd,1283,E,FS,7,13,20,|,1
NE Dekum & 24th,1284,E,NS,7,10,17,|,11
NE Dekum & 27th,1285,W,NS,26,18,44,|,12
NE Dekum & 27th,1286,E,NS,39,27,66,|,10
NE Dekum & 29th,1287,W,FS,27,20,47,|,2
NE Dekum & 29th,1288,E,FS,20,38,58,|,1
NE Dekum & 32nd Pl,1289,W,OP,29,13,42,|,3
NE Dekum & 33rd,1290,E,NS,22,34,56,|,3
NE Dekum & 6th,1292,W,NS,12,40,52,|,7
NE Dekum & 6th,1293,E,NS,134,52,186,|,38
N Denver & Russet,1299,S,OP,5,15,20,|,7
N Denver & Terry,1300,N,NS,2,15,17,|,1
N Denver & Terry,1301,S,NS,10,2,12,|,0
N Denver & Watts,1303,N,FS,2,11,13,|,0
N Denver & Watts,1304,S,NS,7,2,9,|,0
13100 Block SE Division,1309,W,AT,24,10,34,|,4
16900 Block SE Division,1310,W,AT,70,18,88,|,47
3100 Block NW Division,1312,E,AT,5,17,22,|,3
SE Division & 68th,1313,W,FS,64,28,92,|,24
7300 Block SE Division,1314,E,AT,12,33,45,|,14
NW Division & Civic Dr,1315,E,FS,4,34,38,|,9
NW Division & Civic Dr,1316,W,FS,37,7,44,|,6
NE Division & Hogan Pl,1317,W,FS,33,49,82,|,34
