"",,,,,,,,Monthly
Stop Location,Location ID,Direction,Position,Ons,Offs,Total,,Lifts
SE Hubbard & 125th,10227,W,OP,4,0,4,|,0
SE Hubbard & 125th,10228,E,FS,1,4,5,|,0
SE 122nd & Mountain Sun Dr,10229,N,NS,3,1,4,|,0
SE 122nd & Mountain Sun Dr,10230,S,FS,1,1,2,|,0
SE 122nd & Echo Valley,10231,N,OP,1,0,1,|,0
SE 122nd & Echo Valley,10232,S,FS,0,1,1,|,0
SE 97th & Lawnfield,10234,S,NS,1,7,8,|,2
SE 97th & Talbert Dr,10235,S,OP,1,2,3,|,0
SW 170th & Timberland Dr,10273,S,OP,2,1,3,|,0
SW 170th & Timberland Dr,10274,N,NS,2,2,4,|,0
27500 Block SE Eagle Creek Rd,10275,N,AT,0,0,0,|,0
NE 15th & Edgefield,10277,S,NS,1,3,4,|,0
NE 15th & Edgefield,10278,N,OP,3,2,5,|,1
NE 15th & Prahl Pkwy,10279,S,NS,3,2,5,|,0
NE 15th & Prahl Pkwy,10280,N,OP,2,1,3,|,0
NW 23rd & Overton,10287,S,NS,84,6,90,|,20
1300 Block NE 25th,10288,N,AT,0,0,0,|,0
1200 Block NE 25th,10289,S,AT,0,0,0,|,0
SE Washington & 2nd,10290,E,NS,18,39,57,|,23
NW St Helens & Marina Way,10291,N,FS,0,0,0,|,0
PSU South/SW 6th & College MAX Stn,10293,N,NS,"1,041",434,"1,475",|,0
SE 152nd & Sedona Drive,10297,S,FS,2,0,2,|,0
MAX Station/Oregon Zoo,10299,W,AT,43,38,81,|,1
SE 17th & Spokane,10302,N,NS,27,6,33,|,4
SE King & Home,10303,W,FS,11,10,21,|,4
Kerr & Touchstone,10305,W,NS,14,5,19,|,39
SE Flavel & 92nd (MAX Stn),10307,W,NS,28,12,40,|,37
SE 152nd & Ranger Drive,10308,N,NS,1,2,3,|,0
NE Sandy & 154th,10309,E,NS,5,12,17,|,1
SW Patton & Humphrey,10310,S,NS,1,21,22,|,0
NW Cornell & 169th Pl,10313,W,OP,2,5,7,|,0
2400 Block NW Westover,10314,N,OP,0,0,0,|,0
NE Sandy & 181st/Airport Way,10315,E,FS,22,30,52,|,2
NE Sandy & Airport Way/181st,10318,W,FS,40,21,61,|,6
NW Cornell & 169th Pl,10319,E,NS,3,3,6,|,0
SE McLoughlin & Glen Echo,10323,S,FS,23,41,64,|,36
McLoughlin & Gloucester,10324,S,FS,14,45,59,|,40
McLoughlin & River Rd,10325,S,NS,26,56,82,|,21
SE McLoughlin & Glen Echo,10326,N,FS,42,28,70,|,18
SE McLoughlin & W Gloucester,10327,N,FS,41,15,56,|,66
McLoughlin & W Arlington,10328,N,FS,82,32,114,|,20
19300 Block McLoughlin,10421,N,AT,5,3,8,|,5
19300 Block McLoughlin,10422,S,AT,4,7,11,|,9
NE Weidler & 15th,10425,E,NS,38,51,89,|,13
SW Hart & 149th,10436,W,OP,1,3,4,|,0
SW Hart & 149th,10437,E,FS,2,1,3,|,0
NW Leahy & Alpenglow Way,10442,E,NS,0,0,0,|,0
