"",,,,,,,,Monthly
Stop Location,Location ID,Direction,Position,Ons,Offs,Total,,Lifts
SE Oatfield & Guilford,4160,S,OP,1,1,2,|,0
SE Oatfield & Guilford,4161,N,FS,0,1,1,|,0
Oatfield & E Hereford,4164,S,FS,2,5,7,|,0
SE Oatfield & Hill,4165,S,OP,0,3,3,|,3
SE Oatfield & Hill,4166,N,FS,2,1,3,|,0
SE Oatfield & Jennings,4169,N,NS,1,1,2,|,0
SE Oatfield & Jennings,4170,S,NS,1,2,3,|,0
Oatfield & E Kenmore,4171,S,FS,1,4,5,|,0
SE Oatfield & Loeffelman Rd,4172,S,OP,1,3,4,|,0
SE Oatfield & Loeffelman Rd,4173,N,FS,3,1,4,|,0
SE Oatfield & McNary,4174,N,FS,3,1,4,|,0
SE Oatfield & McNary,4175,S,OP,1,3,4,|,0
SE Oatfield & Naef,4176,S,OP,0,1,1,|,0
SE Oatfield & Naef,4177,N,NS,1,0,1,|,0
SE Oatfield & Oak Grove,4178,S,NS,9,8,17,|,10
SE Oatfield & Oakland,4179,S,OP,0,1,1,|,0
SE Oatfield & Oakland,4180,N,FS,1,0,1,|,0
Oatfield & Oakridge,4181,E,OP,2,4,6,|,0
Oatfield & Oakridge,4182,W,NS,5,2,7,|,0
SE Oatfield & Oatfield Ct,4183,S,OP,0,0,0,|,0
SE Oatfield & Oatfield Ct,4184,N,FS,0,0,0,|,0
SE Oatfield & Park,4185,S,FS,3,2,5,|,1
SE Oatfield & Park,4186,N,NS,1,20,21,|,0
Oatfield & Park Way,4187,W,NS,5,7,12,|,0
SE Oatfield & Pinehurst,4188,N,FS,0,1,1,|,0
SE Oatfield & Raymond,4189,S,FS,0,1,1,|,0
SE Oatfield & Raymond,4190,N,OP,1,0,1,|,0
Oatfield & Ridgegate,4191,N,NS,4,3,7,|,0
SE Oatfield & Risley,4192,S,FS,1,2,3,|,0
SE Oatfield & Risley,4193,N,NS,1,2,3,|,0
SE Oatfield & Roethe,4194,S,NS,2,9,11,|,0
SE Oatfield & Roethe,4195,N,FS,5,4,9,|,0
SE Oatfield & Silver Springs,4198,S,OP,1,3,4,|,19
SE Oatfield & Silver Springs,4199,N,FS,2,1,3,|,12
SE Oatfield & Thiessen,4200,N,NS,3,1,4,|,0
SE Oatfield & Thiessen,4201,S,OP,1,3,4,|,1
Oatfield & 82nd Dr,4204,E,NS,1,2,3,|,0
SW Oleson & Alden,4205,S,NS,3,8,11,|,4
SW Oleson & Garden Home,4206,N,NS,33,21,54,|,1
SW Oleson & Garden Home,4207,S,FS,13,8,21,|,0
SW Oleson & Hall,4208,E,FS,6,2,8,|,1
SW Oleson & Hall,4209,S,NS,1,6,7,|,0
SW Oleson & Obrien,4210,S,NS,0,1,1,|,0
SW Oleson & Rustling Leaves Pl,4214,E,FS,3,1,4,|,0
SW Oleson & Rustling Leaves Pl,4215,W,OP,1,4,5,|,0
SW Oleson & 80th,4216,N,NS,13,4,17,|,2
SW Oleson & Skyhar Dr,4217,S,NS,2,5,7,|,0
