"",,,,,,,,Monthly
Stop Location,Location ID,Direction,Position,Ons,Offs,Total,,Lifts
SW Hart & 165th,9680,E,FS,15,8,23,|,0
SW Hart & 161st,9681,E,FS,7,3,10,|,0
SW Hart & 157th,9682,E,FS,9,5,14,|,0
SW Hart & 155th,9683,E,FS,5,4,9,|,0
SW Hart & Dunsmuir,9684,E,FS,2,1,3,|,0
SW Arctic Dr & Western Ave,9685,E,FS,0,4,4,|,0
SW Arctic Dr & Harvest Ct,9686,S,OP,0,19,19,|,0
SW Allen & Lombard,9687,E,FS,1,5,6,|,4
SW Allen & King,9688,E,NS,1,3,4,|,0
10400 Block SW Allen,9689,E,AT,37,3,40,|,0
SW Arctic Dr & Sunshine Ct,9694,N,NS,12,3,15,|,0
SW Arctic Dr & Harvest Ct,9695,N,FS,7,2,9,|,0
SW Arctic Dr & Western Ave,9696,W,NS,3,0,3,|,0
SW 5th & Western,9697,W,FS,4,2,6,|,0
10900 Block SW 5th,9698,W,OP,2,2,4,|,0
10900 Block SW 5th,9699,E,AT,2,3,5,|,0
SW 5th & Western,9700,E,NS,0,2,2,|,0
SW Arctic Dr & Allen,9701,S,NS,2,9,11,|,0
10500 Block SW Allen,9703,W,AT,0,20,20,|,0
SW Allen & King,9704,W,NS,6,1,7,|,0
5000 Block SW Griffith Drive,9705,N,AT,2,1,3,|,0
4800 Block SW Griffith Drive,9706,N,AT,1,0,1,|,0
4900 Block SW Griffith Drive,9707,E,AT,0,1,1,|,0
SW Morrison & 14th,9708,W,NS,46,32,78,|,16
NE Glisan & 28th,9709,W,FS,62,34,96,|,6
18600 Block NE Sandy,9715,E,FS,1,3,4,|,0
19000 Block NE Sandy (East Entrance),9716,E,NS,0,0,0,|,0
21100 Block NE Sandy,9717,E,AT,3,4,7,|,1
NE Sandy & 201st,9718,E,FS,24,19,43,|,26
NE Sandy & 205th,9719,E,FS,27,20,47,|,16
21100 Block NE Sandy,9722,W,OP,4,3,7,|,3
NE Sandy & 206th Pl,9723,W,FS,19,24,43,|,14
NE Sandy & 201st,9724,W,NS,19,25,44,|,21
19000 Block NE Sandy (East Entrance),9725,W,OP,1,1,2,|,0
18600 Block NE Sandy,9726,W,NS,1,1,2,|,0
Beavercreek & Fir,9755,W,NS,3,0,3,|,3
NE Sandy & 42nd,9756,W,FS,153,96,249,|,84
Providence Park MAX Station,9757,W,AT,"1,091","1,771","2,862",|,0
Providence Park MAX Station,9758,E,AT,"1,384","1,067","2,451",|,0
Kings Hill/SW Salmon St MAX Station,9759,N,AT,333,312,645,|,0
SW Apple Way & Laurelwood,9760,E,NS,2,0,2,|,0
SW 78th & Westmoor,9761,N,FS,0,0,0,|,0
SW 78th & Brentwood,9762,N,NS,0,0,0,|,0
SW Brentwood & Laurelwood,9763,W,NS,0,0,0,|,0
SW Laurelwood & Beaverton-Hillsdale Hwy,9764,S,NS,0,0,0,|,0
8500 Block SW Apple Way,9765,S,FS,0,0,0,|,0
NE 223rd & Glisan,9766,N,NS,4,22,26,|,9
