"",,,,,,,,Monthly
Stop Location,Location ID,Direction,Position,Ons,Offs,Total,,Lifts
8300 Block SW Hall,13481,W,AT,45,24,69,|,13
SE 21st & Jackson,13482,S,NS,99,278,377,|,74
10100 Block SW Commerce Circle,13493,E,AT,44,39,83,|,39
SE Hwy 224 & Dowty Rd,13495,S,FS,0,0,0,|,0
SE Hwy 224 & Dowty Rd,13496,N,OP,0,0,0,|,0
50 Block NE Gertz Rd,13497,E,OP,9,54,63,|,6
SW 198th & Rock Rd,13498,N,NS,7,6,13,|,0
3300 Block SW 198th,13499,N,OP,19,46,65,|,9
SW Heiney & 18th Terrace,13500,N,OP,1,3,4,|,0
SW Heiney & 18th Terrace,13501,S,NS,4,2,6,|,0
SW Towle & 17th Ct,13502,N,NS,3,1,4,|,0
Portland International Airport - Arrivals,13504,S,AT,8,6,14,|,1
NE Halsey & 208th Pl,13505,W,FS,18,4,22,|,0
Gresham Transit Center,13506,E,FS,2,20,22,|,7
SW 198th & Oak Ct,13517,S,FS,4,4,8,|,0
19400 Block SE Stark,13523,W,AT,17,15,32,|,12
N Columbia Blvd & Burgard,13526,N,NS,0,1,1,|,0
N Lombard & Burgard,13527,S,NS,0,0,0,|,0
NE Evergreen & Evergreen Middle School,13528,W,OP,0,0,0,|,0
NE Century (NW 229th) & Brighton St,13529,S,FS,2,6,8,|,2
NW Cornell & 188th,13530,E,FS,19,27,46,|,5
NW Graham/257th & W Columbia River Hwy,13532,N,FS,9,66,75,|,7
SW Langer & Holland,13546,W,FS,3,16,19,|,2
SE Stark & 169th,13547,W,NS,27,11,38,|,14
E Main & SE 33rd,13548,E,NS,8,3,11,|,1
SE Powell Valley & Ironwood Flag Stop,13551,E,AT,0,0,0,|,0
SE 282nd & Salquist,13552,S,FS,0,0,0,|,0
SE 282nd & Welch Rd,13553,S,NS,2,0,2,|,0
SE 257th/Kane & 11th,13554,S,NS,0,2,2,|,0
SE Orient Dr & Chase,13555,S,OP,1,1,2,|,0
SE Orient Dr & Chase,13558,N,FS,0,0,0,|,0
SE 257th/Kane & 11th,13559,N,NS,1,0,1,|,0
SE 282nd & Welch Rd,13560,N,FS,1,2,3,|,0
SE 282nd & Salquist,13561,N,FS,0,0,0,|,0
Powell Valley & Old Woods Lp Flag Stop,13562,W,AT,0,0,0,|,0
S Buxton & SW 2nd,13569,S,FS,4,0,4,|,0
NE M L King & Winchell,13570,S,NS,62,16,78,|,10
SW Dosch & Doschview,13571,N,NS,0,0,0,|,0
2600 Block SW Ravensview,13572,N,AT,4,0,4,|,0
2500 Block SW Vista,13573,W,OP,0,2,2,|,0
SE Mather & Summers Ln,13576,N,FS,0,7,7,|,1
12900 Block SW Canyon,13577,E,AT,3,33,36,|,4
6500 Block SW Taylors Ferry,13578,W,OP,0,1,1,|,0
SW Farmington & Rosa Rd,13579,W,NS,14,20,34,|,0
9900 Block SW Hall,13581,S,AT,4,6,10,|,1
SW Blum & Palmblad,13582,W,FS,1,8,9,|,0
72nd & Cardinal,13583,S,FS,1,5,6,|,0
