"",,,,,,,,Monthly
Stop Location,Location ID,Direction,Position,Ons,Offs,Total,,Lifts
600 Block NE 162nd,13966,N,OP,9,22,31,|,3
NE 162nd & Holladay,13967,N,NS,0,2,2,|,0
NE 162nd & Halsey,13968,N,FS,6,20,26,|,3
NE 162nd & San Rafael,13969,N,FS,1,2,3,|,0
NE 162nd & Thompson,13970,N,OP,1,4,5,|,0
NE 162nd & Fargo,13971,N,NS,0,9,9,|,2
NE 158th & Mason,13972,N,FS,3,5,8,|,0
SE 1st & 3rd,13973,S,NS,8,6,14,|,5
SE 3rd & 1st,13974,N,NS,2,0,2,|,0
1200 Block NW Swigert Way,13975,E,AT,83,77,160,|,7
1500 Block NE Graham Rd,13976,S,FS,1,0,1,|,0
900 Block NE Graham Rd,13977,S,AT,2,0,2,|,0
SE Hwy 224 & Oak,13978,E,NS,4,2,6,|,2
SE Harmony & Fuller,13980,E,FS,1,1,2,|,0
7700 Blk SE Harmony (Clack. Comm. College),13981,E,AT,2,2,4,|,0
SE Harmony & Fuller,13983,W,FS,8,3,11,|,1
SE Harmony & Cedarcrest,13984,W,NS,10,12,22,|,0
SE Harmony & International Way,13985,S,NS,2,3,5,|,0
SE Hwy 224 & Oak,13986,N,FS,3,5,8,|,2
900 Block NE Graham Rd,13988,N,OP,2,3,5,|,0
1500 Block NE Graham Rd,13989,N,AT,0,0,0,|,0
NW Graham & N Entrance Rd,13990,W,NS,1,2,3,|,0
NW Sundial & Rogers Circle,13991,N,OP,3,23,26,|,2
SW Hall & Locust,13992,N,NS,2,2,4,|,0
Molalla & Warner-Milne,13993,N,FS,7,0,7,|,1
10800 SW Walnut,14000,E,AT,1,1,2,|,0
9200 Block SE Foster,14002,W,AT,145,215,360,|,66
SW Denney & 100th Terr,14003,E,NS,7,11,18,|,10
NW McDaniel & Ridge,14005,S,FS,0,0,0,|,0
SW Alder & 17th,14006,E,NS,69,146,215,|,50
W Burnside & NW 24th Pl,14009,W,FS,14,46,60,|,5
NE Couch & Grand,14015,W,FS,268,263,531,|,126
SE Powell & 99th,14018,E,FS,11,23,34,|,5
Clackamas Community College,14019,N,AT,37,37,74,|,6
10100 Block SE 82nd,14028,N,FS,77,59,136,|,53
SE Eagle Creek Rd & Hill Way,14029,N,FS,0,0,0,|,0
SE Eagle Creek Rd & Hill Way,14030,S,NS,0,1,1,|,0
N Kerby & Graham,14031,N,NS,8,7,15,|,2
NW Thurman & 23rd,14032,E,FS,54,33,87,|,7
NW 19th & Raleigh,14033,S,FS,10,19,29,|,3
NW 19th & Marshall,14034,S,FS,8,22,30,|,4
NW 19th & Flanders,14035,S,FS,3,21,24,|,8
SW 17th & Yamhill,14036,S,NS,1,35,36,|,6
NW 18th & Flanders,14037,N,FS,17,3,20,|,5
NW 18th & Lovejoy,14038,N,NS,23,9,32,|,5
NW 18th & Raleigh,14039,N,FS,22,12,34,|,3
NW Thurman & 21st,14040,W,FS,5,23,28,|,5
