"",,,,,,,,Monthly
Stop Location,Location ID,Direction,Position,Ons,Offs,Total,,Lifts
SW Beaverton-Hillsdale & Dosch,340,W,NS,20,100,120,|,3
SW Beaverton-Hillsdale & Griffith,341,W,FS,21,54,75,|,28
SW Beaverton-Hillsdale & Griffith,342,E,NS,52,21,73,|,28
SW Beaverton-Hillsdale & Jamieson,343,W,OP,34,28,62,|,5
SW Beaverton-Hillsdale & Jamieson,344,E,FS,30,36,66,|,5
SW Beaverton-Hillsdale & White Pine Ln,345,E,FS,19,8,27,|,0
SW Beaverton-Hillsdale & Laurelwood,346,W,NS,12,23,35,|,3
SW Beaverton-Hillsdale & Laurelwood,347,E,NS,24,12,36,|,2
SW Beaverton-Hillsdale & Oleson,348,E,NS,133,41,174,|,27
SW Beaverton-Hillsdale & Poplar Ln,349,W,NS,4,3,7,|,0
SW Beaverton-Hillsdale & Oleson,350,W,NS,24,69,93,|,14
SW Beaverton-Hillsdale & Shattuck,351,E,NS,73,24,97,|,11
SW Beaverton-Hillsdale & Shattuck,352,W,FS,26,95,121,|,28
SW Beaverton-Hillsdale & Western,354,E,NS,23,36,59,|,22
SW Beaverton-Hillsdale & Western,355,W,OP,41,35,76,|,23
SW Beaverton-Hillsdale & White Pine Ln,356,W,NS,8,12,20,|,0
SW Beaverton-Hillsdale & 101st,357,E,FS,5,8,13,|,3
SW Beaverton-Hillsdale & 101st,358,W,NS,3,4,7,|,1
SW Beaverton-Hillsdale & 107th,360,E,NS,23,42,65,|,20
SW Beaverton-Hillsdale & 110th,361,W,NS,40,27,67,|,14
SW Beaverton-Hillsdale & 110th,362,E,OP,11,19,30,|,5
SW Beaverton-Hillsdale & 18th Dr,363,W,NS,52,64,116,|,29
SW Beaverton-Hillsdale & 25th,364,E,FS,18,5,23,|,0
SW Beaverton-Hillsdale & 25th,365,W,NS,8,31,39,|,0
2600 Block SW Beaverton-Hillsdale,366,W,FS,4,7,11,|,3
SW Beaverton-Hillsdale & 30th,367,E,NS,80,17,97,|,2
SW Beaverton-Hillsdale & 33rd,368,E,NS,34,13,47,|,8
SW Beaverton-Hillsdale & 35th,369,E,FS,29,10,39,|,0
SW Beaverton-Hillsdale & 35th,370,W,OP,19,29,48,|,5
SW Beaverton-Hillsdale & 39th Dr,371,E,OP,32,5,37,|,7
SW Beaverton-Hillsdale & 39th Dr,372,W,NS,5,37,42,|,1
SW Beaverton-Hillsdale & 42nd,373,E,FS,33,9,42,|,4
SW Beaverton-Hillsdale & 42nd,374,W,NS,8,33,41,|,8
SW Beaverton-Hillsdale & 45th,375,E,FS,63,24,87,|,4
SW Beaverton-Hillsdale & 45th,376,W,NS,24,70,94,|,4
SW Beaverton-Hillsdale & 50th,377,E,NS,16,3,19,|,0
SW Beaverton-Hillsdale & 50th,378,W,OP,3,12,15,|,0
SW Beaverton-Hillsdale & 56th,379,E,OP,31,12,43,|,3
SW Beaverton-Hillsdale & 56th,380,W,FS,12,35,47,|,6
SW Beaverton-Hillsdale & 59th,381,W,NS,14,38,52,|,71
SW Beaverton-Hillsdale & 62nd,382,E,FS,46,25,71,|,40
6500 Block SW Beaverton-Hillsdale,383,E,AT,24,15,39,|,7
SW Beaverton-Hillsdale & 65th,384,W,OP,22,41,63,|,6
SW Beaverton-Hillsdale & 78th,385,W,NS,45,31,76,|,9
SW Beaverton-Hillsdale & 78th,386,E,NS,18,27,45,|,1
SW Beaverton-Hillsdale & 91st,387,W,FS,22,25,47,|,23
SW Beaverton-Hillsdale & 91st,388,E,OP,25,15,40,|,18
