"",,,,,,,,Monthly
Stop Location,Location ID,Direction,Position,Ons,Offs,Total,,Lifts
NE 102nd & Prescott,10838,S,NS,22,7,29,|,5
NE 102nd & Shaver,10840,S,NS,3,0,3,|,1
NE 102nd & Prescott,10842,N,NS,8,18,26,|,12
SW Barbur & Spring Garden,10844,W,OP,7,27,34,|,2
SW Barbur & Huber,10845,W,NS,32,48,80,|,12
NE Jonesmore & 82nd,10846,W,NS,78,350,428,|,52
SW Barbur & Bertha,10848,E,NS,107,38,145,|,15
SW Barbur & 26th Way,10849,E,AT,16,2,18,|,2
Parkrose/ Sumner Transit Center,10850,W,AT,440,426,866,|,148
Parkrose/ Sumner Transit Center,10853,E,AT,13,248,261,|,62
Parkrose/ Sumner Transit Center,10854,E,AT,371,45,416,|,45
Parkrose/ Sumner Transit Center,10855,E,AT,403,8,411,|,53
Gresham Transit Center,10858,E,AT,431,393,824,|,73
Gresham Transit Center,10859,W,AT,188,160,348,|,23
Gateway Transit Center,10860,S,AT,177,20,197,|,65
Gateway Transit Center,10861,S,AT,186,15,201,|,89
Gateway Transit Center,10862,S,AT,202,26,228,|,35
Gateway Transit Center,10863,S,AT,183,130,313,|,25
SW 36th & Capitol Hwy,10865,S,NS,5,4,9,|,0
NE 9th & Halsey,10866,N,NS,20,46,66,|,17
NE 9th & Weidler,10867,S,NS,26,27,53,|,20
Hollywood Transit Center,10868,E,AT,350,349,699,|,77
Hollywood Transit Center,10869,E,AT,106,80,186,|,51
Hollywood Transit Center,10870,E,AT,90,118,208,|,60
Hollywood Transit Center,10871,E,AT,39,39,78,|,3
Hollywood Transit Center,10872,N,AT,368,358,726,|,85
SW Pacific Hwy & Main,10873,E,FS,18,7,25,|,1
NE Sandy & 185th Dr,10874,W,FS,9,13,22,|,1
NE Multnomah & 9th,10876,W,FS,88,49,137,|,17
E Burnside & NE 102nd,10877,W,FS,100,151,251,|,76
NE Kane & 29th (MHCC),10878,S,FS,93,116,209,|,49
"NE Kane & 29th, MHCC",10879,N,NS,132,94,226,|,48
SE 103rd Dr & Stark,10910,N,FS,87,121,208,|,75
SW Walnut & 121st,10913,E,FS,4,6,10,|,0
SW Capitol & 40th,10932,S,NS,0,1,1,|,0
SW Capitol & Garden Home,10933,S,FS,9,28,37,|,0
SW Capitol & Taylors Ferry,10935,N,FS,43,9,52,|,23
5600 Block SE International Way,10939,N,AT,3,3,6,|,0
NE Evergreen Pkwy & Imbrie Dr,10940,N,NS,24,9,33,|,1
NE Evergreen Pkwy & Imbrie Dr,10941,S,NS,5,29,34,|,1
SW Capitol & Huber,10952,S,NS,30,56,86,|,4
NE Grand & Wasco,10953,N,NS,155,49,204,|,36
NE Killingsworth & Garfield,10957,W,NS,161,110,271,|,106
N Willamette & Burr,10975,S,OP,9,0,9,|,0
NE Airport Way & 158th,10994,E,FS,5,13,18,|,3
NE Airport Way & 158th,10995,W,NS,5,6,11,|,1
SW Harbor & Montgomery,11001,S,OP,19,2,21,|,0
