"",,,,,,,,Monthly
Stop Location,Location ID,Direction,Position,Ons,Offs,Total,,Lifts
SW Farmington & Murray,1661,E,NS,71,62,133,|,19
SW Farmington & Watson,1665,E,NS,7,66,73,|,8
SW Farmington & 142nd,1668,W,FS,11,29,40,|,5
SW Farmington & 142nd,1669,E,FS,20,12,32,|,4
SW Farmington & St Marys Dr,1670,W,FS,19,31,50,|,39
SW Farmington & 149th,1671,E,NS,35,18,53,|,29
SW Farmington & 153rd,1672,E,FS,18,5,23,|,0
SW Farmington & 153rd,1673,W,NS,7,19,26,|,0
SW Farmington & 160th,1674,W,FS,20,20,40,|,16
SW Farmington & 160th,1675,E,FS,19,21,40,|,17
SW Farmington & 165th,1678,W,FS,6,10,16,|,1
SW Farmington & 165th,1679,E,FS,10,6,16,|,0
SW Farmington & 170th,1682,W,FS,12,19,31,|,1
SW Farmington & 170th,1683,E,FS,18,13,31,|,1
SW Farmington & 179th,1688,E,NS,15,11,26,|,0
SW Farmington & 188th Ct,1689,W,FS,13,10,23,|,0
SW Farmington & 188th Ct,1690,E,NS,8,7,15,|,0
SW Farmington & 192nd,1691,W,FS,5,6,11,|,0
SW Farmington & 192nd,1692,E,FS,6,5,11,|,1
SW Farmington & 195th,1693,E,NS,22,8,30,|,1
SW Farmington & 196th,1694,W,NS,9,18,27,|,1
N Fessenden & Allegheny,1698,W,NS,6,31,37,|,7
N Fessenden & Allegheny,1699,E,FS,29,7,36,|,4
N Fessenden & Berkeley,1700,W,FS,9,29,38,|,3
N Fessenden & Burr,1703,E,NS,144,47,191,|,9
N Fessenden & Burr,1704,W,NS,50,141,191,|,8
N Fessenden & Columbia Way,1707,E,FS,141,23,164,|,13
N Fessenden & Columbia Way,1708,W,NS,22,125,147,|,20
N Fessenden & Geneva,1709,E,FS,64,23,87,|,8
N Fessenden & Midway,1712,E,FS,65,19,84,|,16
N Fessenden & Midway,1713,W,NS,14,65,79,|,15
N Fessenden & Richmond,1714,E,FS,59,16,75,|,15
N Fessenden & Richmond,1715,W,OP,13,51,64,|,14
N Fessenden & Tioga,1718,W,NS,5,14,19,|,1
N Fessenden & Portsmouth,1719,W,NS,8,19,27,|,3
N Fessenden & Portsmouth,1720,E,NS,18,9,27,|,4
N Fessenden & Van Houten,1721,W,NS,12,34,46,|,4
N Fessenden & Van Houten,1722,E,NS,39,13,52,|,1
N Fessenden & Wall,1723,W,OP,11,31,42,|,4
8900 Block SE Flavel,1728,E,OP,1,10,11,|,0
8800 Block SE Flavel,1729,W,OP,12,0,12,|,0
SE Flavel & 52nd,1731,W,NS,45,14,59,|,11
SE Flavel & 52nd,1732,E,FS,10,40,50,|,17
SE Flavel & 57th,1737,W,NS,23,5,28,|,0
SE Flavel & 57th,1738,E,FS,5,22,27,|,0
SE Flavel & 60th,1739,E,NS,21,54,75,|,19
SE Flavel & 60th,1740,W,NS,34,17,51,|,17
