"",,,,,,,,Monthly
Stop Location,Location ID,Direction,Position,Ons,Offs,Total,,Lifts
NE 42nd & Fremont,7501,N,FS,33,66,99,|,6
NE 42nd & Alberta Ct,7504,S,NS,68,22,90,|,5
NE 42nd & Alberta St,7505,N,NS,22,69,91,|,4
NE 42nd & Beech,7506,N,NS,7,19,26,|,0
NE 42nd & Brazee,7507,N,NS,5,8,13,|,0
NE 42nd & Brazee,7508,S,NS,5,3,8,|,1
NE 42nd & Broadway,7509,N,NS,107,68,175,|,70
NE 42nd & Broadway,7510,S,FS,85,85,170,|,67
NE 42nd & Failing,7511,S,NS,14,5,19,|,0
NE 42nd & Fremont,7512,S,NS,66,41,107,|,6
NE 42nd & Holman,7516,N,NS,12,37,49,|,3
NE 42nd & Holman,7517,S,FS,43,12,55,|,2
NE 42nd & Killingsworth,7519,S,NS,136,97,233,|,27
NE 42nd & Killingsworth,7520,N,FS,98,155,253,|,27
NE 42nd & Knott,7521,N,NS,4,9,13,|,1
NE 42nd & Knott,7522,S,NS,9,2,11,|,0
SE 42nd & Llewellyn,7523,N,OP,49,61,110,|,41
SE 42nd & Llewellyn,7524,S,NS,56,57,113,|,49
NE 42nd & Prescott,7525,S,FS,55,19,74,|,0
NE 42nd & Prescott,7526,N,NS,18,48,66,|,3
NE 42nd & Sandy,7527,S,NS,78,135,213,|,60
NE 42nd & Sandy,7528,N,FS,134,84,218,|,56
NE 42nd & Shaver,7529,N,NS,3,18,21,|,6
NE 42nd & Shaver,7530,S,NS,14,3,17,|,9
NE 42nd & Simpson St,7531,N,NS,7,8,15,|,0
NE 42nd & Simpson St,7532,S,OP,13,12,25,|,0
NE 42nd & Skidmore,7533,N,NS,3,24,27,|,2
NE 42nd & Skidmore,7534,S,NS,19,3,22,|,1
NE 42nd & Sumner,7535,N,NS,5,33,38,|,2
NE 42nd & Sumner,7536,S,NS,36,5,41,|,1
NE 42nd & Tillamook,7537,N,FS,38,19,57,|,5
NE 42nd & Tillamook,7538,S,NS,16,32,48,|,4
SW 45th & Caldew,7540,S,FS,0,0,0,|,0
SE 45th & Evergreen,7542,N,OP,7,2,9,|,1
SE 45th & Evergreen,7543,S,NS,2,14,16,|,2
SW 45th & Flower Pl,7544,S,FS,1,1,2,|,0
SE 45th & Harney,7546,N,OP,32,6,38,|,18
SE 45th & Harney St,7548,S,NS,7,26,33,|,13
SW 45th & Illinois,7549,S,NS,6,2,8,|,0
SE 45th & Knapp,7551,S,NS,5,27,32,|,4
SE 45th & Knapp,7552,N,FS,26,7,33,|,1
SE 45th & Malden Dr,7554,N,NS,29,2,31,|,1
SW 45th & Pendleton,7555,S,NS,8,3,11,|,0
SE 45th & Rex,7556,S,NS,2,25,27,|,1
SE 45th & Rural,7557,N,FS,17,3,20,|,1
SE 45th & Rural,7558,S,NS,3,19,22,|,1
SW 45th & Vermont,7559,S,NS,0,0,0,|,0
