"",,,,,,,,Monthly
Stop Location,Location ID,Direction,Position,Ons,Offs,Total,,Lifts
SW Canyon & Canyon Dr,883,W,OP,1,29,30,|,0
SW Canyon & Benz Park,885,W,NS,1,3,4,|,0
SW Canyon & Copel,890,W,NS,1,5,6,|,0
SW Canyon & Jade,892,N,FS,4,1,5,|,0
SW Canyon & Linden,893,E,OP,2,1,3,|,0
Hwy 26 On Ramp & SW Skyline,894,E,FS,49,13,62,|,8
Hwy 26/Canyon Rd Ramp & SW Skyline,895,W,FS,14,50,64,|,7
SW Canyon & Walker,898,W,FS,20,23,43,|,3
SW Canyon & Walker,899,E,OP,14,27,41,|,7
SW Canyon & 104th,904,W,NS,11,11,22,|,2
SW Canyon & 107th,906,E,NS,33,25,58,|,8
SW Canyon & 107th,907,W,NS,22,29,51,|,5
SW Canyon & 110th,908,E,NS,9,8,17,|,3
SW Canyon & 110th,909,W,FS,8,9,17,|,2
SW Canyon & 115th,910,W,NS,5,23,28,|,7
SW Canyon & 73rd,912,E,NS,5,0,5,|,0
SW Canyon & 87th,913,E,FS,58,23,81,|,2
SW Canyon & 87th,914,W,FS,21,23,44,|,0
SW Canyon & 91st,915,E,NS,9,8,17,|,1
SW Canyon & 93rd,917,W,OP,2,2,4,|,0
SW Canyon & 93rd,918,E,NS,2,2,4,|,0
SW Canyon & 96th,919,W,OP,1,2,3,|,0
SW Canyon & 96th,920,E,NS,4,1,5,|,0
SW Capitol & Alice,921,S,NS,2,10,12,|,0
SW Capitol & Alice,922,N,NS,9,2,11,|,0
SW Capitol & Barbur,923,N,NS,73,35,108,|,8
SW Capitol & Bertha Ct,925,E,FS,115,104,219,|,34
9500 Block SW Capitol,926,S,OP,2,11,13,|,1
SW Capitol & Carson,927,S,NS,3,11,14,|,2
SW Capitol & Sunset,929,E,OP,305,374,679,|,19
SW Capitol & Taylors Ferry,930,S,NS,9,50,59,|,21
SW Capitol & Dickinson,931,S,FS,2,27,29,|,5
SW Capitol & Dickinson,932,N,NS,29,3,32,|,2
SW Capitol & Dolph,933,S,OP,2,13,15,|,0
SW Capitol & Dolph,934,N,FS,13,2,15,|,0
SW Capitol & Florida,935,S,FS,6,28,34,|,4
SW Capitol & Galeburn,936,S,OP,9,57,66,|,1
SW Capitol & Galeburn,937,N,NS,40,8,48,|,1
SW Capitol & Garden Home,939,N,OP,22,8,30,|,0
SW Capitol & Idaho,942,N,NS,34,3,37,|,0
SW Capitol & Idaho,943,W,FS,4,27,31,|,0
SW Capitol & Marigold,946,N,FS,16,2,18,|,0
SW Capitol & Marigold,947,S,FS,2,10,12,|,0
SW Capitol & Miles,948,N,NS,30,5,35,|,0
SW Capitol & Miles,949,S,FS,3,36,39,|,1
SW Capitol & Pomona,951,S,FS,2,42,44,|,1
SW Capitol & Pomona,952,N,NS,41,4,45,|,5
