"",,,,,,,,Monthly
Stop Location,Location ID,Direction,Position,Ons,Offs,Total,,Lifts
900 Block NW North Frontage Rd,9472,W,AT,0,3,3,|,0
NE Middlefield Rd & N Vancouver Way,9477,N,FS,19,6,25,|,1
1000 Block N Marine,9478,E,AT,0,1,1,|,0
NE Vancouver Way & Gertz Rd,9480,S,FS,48,8,56,|,23
1100 Block NW Frontage Rd,9481,E,AT,130,117,247,|,24
9400 Block SW Commerce Circle,9484,W,AT,0,5,5,|,0
SE 122nd & Schiller,9487,N,FS,21,4,25,|,7
3505 SW US Veterans Rd,9488,W,OP,48,35,83,|,1
5500 Block SE International Way,9503,S,AT,3,2,5,|,0
N Lombard & New York,9505,S,NS,139,12,151,|,48
13900 Block SW 72nd,9509,W,OP,0,0,0,|,0
SW Boones Ferry Rd & Iowa Dr,9511,N,FS,6,0,6,|,0
SW Boones Ferry Rd & Iowa Dr,9512,S,FS,1,5,6,|,0
Beavercreek & Molalla,9516,E,NS,3,26,29,|,4
Beavercreek & Library Ct,9517,N,OP,58,8,66,|,8
20300 Block SW Pacific Hwy,9519,W,AT,0,4,4,|,1
SE Eagle Creek Rd & Hinman,9520,N,NS,1,0,1,|,0
SE Eagle Creek Rd & Strubhar Lane,9521,S,FS,0,0,0,|,0
SW Garden Home & Orchard Lane,9525,S,NS,0,1,1,|,0
W Burnside & SW 2nd,9526,E,NS,452,198,650,|,219
SW Barnes & NW 118th,9531,W,NS,10,31,41,|,0
SW Barnes & 117th,9532,E,NS,8,6,14,|,3
5200 Block NE 148th (Relay Resources),9537,S,AT,2,0,2,|,1
SW Laurelwood & Laurel,9544,S,FS,1,71,72,|,0
Lake Oswego Transit Center,9545,E,NS,32,119,151,|,33
NE Fremont & Sandy,9548,E,NS,6,11,17,|,5
NE Riverside Way & 33rd Dr,9549,W,FS,24,0,24,|,0
2800 Block NE Riverside Way,9550,E,AT,0,9,9,|,0
SW Salmon & 18th,9552,W,NS,78,11,89,|,1
Linn & Williams,9559,S,OP,4,30,34,|,6
29200 Block SE Eagle Creek Rd,9561,S,AT,0,1,1,|,0
29200 Block SE Eagle Creek Rd,9562,N,OP,0,0,0,|,0
NE Cornell & 48th,9564,W,FS,10,10,20,|,4
SW Durham & 72nd,9565,E,NS,1,5,6,|,0
8800 Block SW Oleson,9570,E,OP,3,0,3,|,0
N Lombard & Reno,9575,S,NS,8,0,8,|,0
N Lombard & Reno,9576,N,NS,1,69,70,|,13
1700 Block Beavercreek Rd,9578,W,AT,8,1,9,|,3
1600 Block Beavercreek Rd,9579,W,AT,6,1,7,|,1
Beavercreek & Hwy 213,9580,W,FS,16,1,17,|,3
1600 Block Beavercreek Rd,9581,E,AT,0,10,10,|,2
2000 Block Beavercreek Rd,9582,E,AT,0,7,7,|,1
Beavercreek & Hwy 213,9583,E,NS,0,5,5,|,4
SW Pacific Hwy & Royalty Parkway,9597,N,FS,54,10,64,|,18
SW Morrison & 12th,9598,W,NS,70,34,104,|,22
SW Morrison & 17th,9599,W,FS,182,61,243,|,32
SW 11th & Alder,9600,S,NS,77,173,250,|,84
