"",,,,,,,,Monthly
Stop Location,Location ID,Direction,Position,Ons,Offs,Total,,Lifts
SW Canyon & 115th Ave,13042,E,FS,28,12,40,|,20
SE Belmont & 26th Ave,13043,E,NS,57,139,196,|,38
Bryant & Lamont Way,13044,S,NS,0,1,1,|,0
Beaverton TC WES Station,13066,,AT,568,599,"1,167",|,0
Hall/Nimbus WES Station,13067,,AT,140,102,242,|,0
Tigard TC WES Station,13068,S,AT,76,158,234,|,0
Tualatin WES Station,13069,,AT,213,213,426,|,0
Wilsonville WES Station,13070,,AT,257,306,563,|,0
NE Glisan & 120th,13071,W,NS,4,1,5,|,1
Tigard TC WES Station,13073,N,AT,188,65,253,|,0
NE Glisan & 152nd,13075,E,OP,0,1,1,|,0
SE 182nd & Bush Terrace,13076,S,FS,1,2,3,|,1
Kaiser Sunnyside Medical Center,13077,W,AT,18,10,28,|,27
SW Boones Ferry Rd & Martinazzi,13078,W,FS,7,48,55,|,18
SW Boones Ferry Rd & Nyberg,13079,S,NS,47,44,91,|,5
SW Warm Springs & Boones Ferry,13080,E,FS,6,25,31,|,0
SW Warm Springs & Martinazzi,13081,E,NS,12,25,37,|,12
SW Warm Springs & Martinazzi,13082,W,FS,16,10,26,|,0
SW Warm Springs & Boones Ferry,13083,W,NS,24,5,29,|,0
SW Boones Ferry Rd & Seneca,13084,N,NS,46,17,63,|,2
SW Boones Ferry Rd & Martinazzi,13085,E,NS,38,9,47,|,6
22800 Block NE Sandy,13086,E,AT,3,1,4,|,0
23200 Block NE Sandy,13087,E,AT,5,4,9,|,1
23500 Block NE Sandy,13088,E,AT,83,56,139,|,57
NE 223rd & Arata,13089,S,OP,32,9,41,|,11
23500 Block NE Sandy,13090,W,AT,46,83,129,|,50
22800 Block NE Sandy,13092,W,AT,1,3,4,|,0
1700 Block NW Naito Parkway,13098,N,AT,1,1,2,|,0
3500 Block Willamette Falls Dr,13108,E,AT,0,0,0,|,0
17500 Block SE Hwy 224,13113,W,AT,0,0,0,|,0
NE Brookwood Pkwy & 49th Pl,13115,W,NS,1,0,1,|,0
NE Shaver & 115th,13116,W,NS,10,1,11,|,0
NE 125th Pl & Shaver,13117,S,NS,3,0,3,|,0
4200 Block NE 125th Pl,13118,W,NS,8,1,9,|,1
SE Harold & 104th,13122,W,NS,19,2,21,|,0
SW 6th & Madison MAX Station,13123,N,NS,"1,094",825,"1,919",|,0
SE Main St MAX Station,13124,S,NS,366,534,900,|,0
SE Division St MAX Station,13125,S,FS,218,459,677,|,0
SE Powell Blvd MAX Station,13126,S,FS,170,738,908,|,0
SE Holgate Blvd MAX Station,13127,S,NS,120,487,607,|,0
Lents/SE Foster Rd MAX Station,13128,S,NS,184,563,747,|,0
SE Flavel St MAX Station,13129,S,FS,101,373,474,|,0
SE Fuller Rd MAX Station,13130,S,AT,48,403,451,|,0
Clackamas Town Center TC MAX Station,13132,N,AT,"2,228","2,460","4,688",|,0
SE Fuller Rd MAX Station,13133,N,AT,355,44,399,|,0
SE Flavel St MAX Station,13134,N,NS,390,89,479,|,0
Lents/SE Foster Rd MAX Station,13135,N,FS,544,174,718,|,0
