"",,,,,,,,Monthly
Stop Location,Location ID,Direction,Position,Ons,Offs,Total,,Lifts
SE Holgate & 100th,2686,E,FS,2,19,21,|,1
SE Holgate & 101st,2687,W,FS,20,2,22,|,1
SE Holgate & 103rd,2690,W,NS,78,15,93,|,19
SE Holgate & 104th,2691,E,NS,14,70,84,|,35
SE Holgate & 107th,2692,E,OP,1,7,8,|,0
SE Holgate & 108th Pl,2695,W,OP,11,3,14,|,1
SE Holgate & 112th,2696,E,NS,6,46,52,|,5
SE Holgate & 112th,2697,W,NS,53,11,64,|,5
SE Holgate & 115th,2699,E,FS,2,28,30,|,1
SE Holgate & 115th,2700,W,NS,26,2,28,|,0
SE Holgate & 118th,2701,E,NS,0,24,24,|,2
SE Holgate & 122nd,2703,E,FS,26,171,197,|,61
SE Holgate & 122nd,2705,W,FS,103,12,115,|,32
SE Holgate & 128th,2706,E,NS,1,19,20,|,9
SE Holgate & 130th,2707,E,FS,0,12,12,|,19
SE Holgate & 136th,2708,E,NS,28,2,30,|,1
SE Holgate & 26th,2712,E,NS,16,25,41,|,3
SE Holgate & 26th,2713,W,NS,24,13,37,|,3
SE Holgate & 28th,2714,E,FS,45,86,131,|,4
SE Holgate & 28th,2715,W,NS,102,50,152,|,4
SE Holgate & 32nd,2718,E,OP,44,53,97,|,87
SE Holgate & 32nd,2719,W,NS,46,42,88,|,96
SE Holgate & 34th,2720,E,NS,8,30,38,|,2
SE Holgate & 34th,2721,W,OP,31,9,40,|,5
SE Holgate & 36th,2722,E,NS,6,30,36,|,2
SE Holgate & 36th,2723,W,NS,51,7,58,|,4
SE Holgate & Cesar Chavez Blvd,2726,E,OP,60,136,196,|,78
SE Holgate & Cesar Chavez Blvd,2727,W,NS,124,65,189,|,81
SE Holgate & 41st,2728,E,NS,10,42,52,|,4
SE Holgate & 41st,2729,W,OP,45,9,54,|,4
SE Holgate & 45th,2732,E,NS,3,34,37,|,1
SE Holgate & 45th,2733,W,NS,25,4,29,|,0
SE Holgate & 47th,2734,E,NS,3,15,18,|,1
SE Holgate & 47th,2735,W,NS,15,4,19,|,1
SE Holgate & 49th,2736,E,NS,3,19,22,|,0
SE Holgate & 49th,2737,W,NS,22,4,26,|,1
SE Holgate & 52nd,2738,E,FS,41,66,107,|,9
SE Holgate & 52nd,2739,W,FS,75,38,113,|,15
SE Holgate & 56th,2740,E,NS,3,8,11,|,1
SE Holgate & 56th,2741,W,NS,12,2,14,|,0
SE Holgate & 58th,2742,E,NS,6,25,31,|,5
SE Holgate & 58th,2743,W,NS,29,7,36,|,5
SE Holgate & 62nd,2746,E,NS,33,66,99,|,8
SE Holgate & 62nd,2747,W,OP,49,23,72,|,6
SE Holgate & 64th,2748,W,NS,38,31,69,|,10
SE Holgate & 65th,2749,E,NS,23,28,51,|,17
SE Holgate & 67th,2750,E,FS,9,18,27,|,2
