"",,,,,,,,Monthly
Stop Location,Location ID,Direction,Position,Ons,Offs,Total,,Lifts
Millikan Way MAX Station/Park and Ride,9957,W,AT,64,224,288,|,14
Millikan Way MAX Station/Park and Ride,9958,W,AT,194,76,270,|,24
NE Shaver & Parkrose HS,9959,W,AT,31,11,42,|,1
NE 34th & Cornell,9962,N,NS,0,0,0,|,0
NE 25th & Kathryn,9963,N,OP,0,1,1,|,0
NE Griffin Oaks & 15th,9965,W,NS,4,1,5,|,0
1800 Block NE Griffin Oaks,9966,W,OP,1,3,4,|,0
NE 15th & Jones Farm Pkwy,9967,N,OP,5,4,9,|,1
Sunset TC MAX Station,9969,E,AT,"2,353",496,"2,849",|,0
Sunset Transit Center,9970,W,AT,134,77,211,|,44
Sunset Transit Center,9971,W,AT,78,110,188,|,0
Sunset Transit Center,9972,W,AT,17,20,37,|,2
Sunset Transit Center,9975,W,AT,64,169,233,|,52
Beaverton Transit Center,9976,S,AT,279,238,517,|,73
Beaverton Transit Center,9977,E,AT,182,198,380,|,8
Beaverton Transit Center,9978,S,AT,601,490,"1,091",|,229
Beaverton Transit Center,9979,N,AT,416,360,776,|,120
Beaverton Transit Center,9981,S,AT,522,27,549,|,125
Beaverton Transit Center,9982,S,AT,545,38,583,|,148
Beaverton Transit Center,9983,S,AT,142,152,294,|,41
Beaverton Transit Center,9984,N,AT,"1,042",848,"1,890",|,225
Beaverton Transit Center,9985,S,AT,395,347,742,|,94
Beaverton Transit Center,9986,S,AT,563,483,"1,046",|,131
NE Evergreen & Jackson School Rd S,9987,W,OP,0,0,0,|,0
NE Evergreen & Sunburst,9988,W,OP,0,0,0,|,0
NE Evergreen & 3rd,9989,W,OP,1,0,1,|,0
30900 Block NE Evergreen,9990,W,OP,0,0,0,|,0
2800 Block NW Glencoe,9991,S,AT,7,1,8,|,0
NW Glencoe & Cory,9992,S,FS,3,2,5,|,0
3100 Block NW Glencoe,9993,S,AT,10,3,13,|,0
NW Glencoe & Milne,9994,S,NS,1,2,3,|,0
N 1st & NW Garibaldi,9995,S,NS,1,0,1,|,0
N 1st & NW Tiffany,9996,S,NS,1,0,1,|,0
300 Block N 1st,9997,S,AT,0,1,1,|,3
NE Lincoln & 2nd,9998,E,NS,0,2,2,|,0
NE 3rd & E Main,10000,S,NS,0,1,1,|,0
5400 Block NE Dawson Creek,10001,W,AT,2,0,2,|,0
NE Evergreen & Brookwood,10004,E,NS,1,2,3,|,0
3100 Block NE Dawson Creek,10005,N,AT,2,4,6,|,41
SE 223rd & Stark,10006,S,FS,13,57,70,|,15
600 Block SE 223rd,10007,N,AT,3,7,10,|,2
NW Cornell & 192nd,10008,W,OP,7,19,26,|,2
NW Cornell & NE Amberglen (NW 194th),10009,W,FS,14,13,27,|,2
NW Cornell & NE Overlook (NW Amberbrook),10010,W,NS,6,7,13,|,0
NW Cornell & NE John Olsen,10011,W,NS,15,15,30,|,7
NW Cornell & NE Aloclek,10013,W,FS,3,9,12,|,0
NE Cornell & Cornelius Pass,10014,W,FS,3,7,10,|,2
