"",,,,,,,,Monthly
Stop Location,Location ID,Direction,Position,Ons,Offs,Total,,Lifts
SE Holgate Blvd MAX Station,13136,N,FS,505,124,629,|,0
SE Powell Blvd MAX Station,13137,N,NS,662,197,859,|,0
SE Division St MAX Station,13138,N,NS,418,233,651,|,0
SE Main St MAX Station,13139,N,FS,536,344,880,|,0
NE 148th & Rose Parkway,13141,S,NS,5,2,7,|,4
NE 148th & Rose Parkway,13142,N,NS,2,3,5,|,0
12700 Block NE San Rafael,13143,W,AT,1,0,1,|,0
Flavel & I-205 Overpass,13145,E,FS,87,83,170,|,23
15700 Block SE McKinley,13146,N,AT,0,1,1,|,0
SE Lake & 41st Ct,13147,E,OP,1,1,2,|,1
SE Lake & Vernie/41st Ct,13148,W,OP,1,2,3,|,0
17100 Block SE Webster,13149,S,AT,5,2,7,|,0
NE M L King & Columbia Blvd,13150,N,NS,11,63,74,|,7
Webster & Cason,13153,S,NS,2,3,5,|,2
E Burnside & 63rd,13155,E,FS,4,13,17,|,0
SE Hwy 224 & Goosehollow,13156,S,NS,0,5,5,|,0
200 Block NE Gertz Rd,13161,E,AT,4,22,26,|,27
NE Gertz Rd & Vancouver Way,13162,E,NS,3,22,25,|,1
NE Century (NW 229th) & Intel South Drwy,13163,N,OP,7,6,13,|,0
NE Century (NW 229th) & Intel South Drwy,13164,S,NS,6,6,12,|,1
SW 5th & Clay,13167,S,NS,269,136,405,|,36
SW Oak & 6th,13168,W,NS,157,158,315,|,30
SW Main & 6th,13169,W,NS,542,"1,133","1,675",|,169
SW Broadway & W Burnside,13170,N,NS,61,127,188,|,46
W Burnside & SW 5th,13171,E,NS,171,118,289,|,100
NW Naito Parkway & Couch,13176,S,FS,2,49,51,|,10
NW Broadway & Everett,13178,S,NS,45,103,148,|,42
SW Moody & Thomas,13183,S,NS,14,41,55,|,4
SW Macadam & Lowell,13184,N,NS,21,12,33,|,1
SW Macadam & Tram Tower,13185,N,AT,34,194,228,|,3
13800 Block SE Oatfield,13186,N,AT,0,1,1,|,0
Molalla & Harris,13187,N,FS,7,1,8,|,0
NE Glisan & 24th,13193,E,FS,28,62,90,|,5
NE Glisan & 24th,13194,W,NS,53,21,74,|,8
SW Lower Boones Ferry & McEwan Rd,13195,E,FS,4,2,6,|,1
SW Hall & Burnham,13196,N,NS,1,2,3,|,0
SW Watson & 5th,13197,S,NS,33,35,68,|,31
SW Highland & 14th Dr,13198,W,FS,0,0,0,|,0
3500 Block SE 182nd,13199,S,AT,2,14,16,|,1
NE Airport Way & Mason Ct,13200,W,FS,1,2,3,|,0
NE Airport Way & Mason Ct,13201,E,NS,2,4,6,|,1
SW 158th & Greystone Ct,13202,N,NS,5,5,10,|,2
NW Cornell & 158th,13205,E,NS,3,2,5,|,0
SW 68th & Atlanta,13210,S,FS,4,1,5,|,0
NE Hood & 5th,13211,S,NS,2,0,2,|,1
N Richmond & Syracuse,13212,S,FS,30,4,34,|,8
NW St Helens & Larson,13214,N,FS,0,2,2,|,0
