"",,,,,,,,Monthly
Stop Location,Location ID,Direction,Position,Ons,Offs,Total,,Lifts
SE 82nd & Schiller,8040,N,NS,29,13,42,|,12
SE 82nd & Schiller,8041,S,OP,5,13,18,|,4
NE 82nd & Schuyler,8042,N,FS,15,11,26,|,6
NE 82nd & Schuyler,8043,S,NS,16,9,25,|,4
NE 82nd & Siskiyou,8045,S,NS,82,19,101,|,6
NE 82nd & Siskiyou,8046,N,FS,25,48,73,|,10
SE 82nd & Stark,8047,N,FS,72,105,177,|,48
SE 82nd & Stark,8048,S,NS,140,124,264,|,61
SE 82nd & Sunnyside,8049,N,FS,11,15,26,|,5
SE 82nd & Sunnyside Dr,8050,S,NS,9,12,21,|,1
SE 82nd & Tibbetts,8052,N,OP,47,23,70,|,8
SE 82nd & Tibbetts,8053,S,NS,20,52,72,|,17
NE 82nd & Tillamook,8055,N,NS,43,33,76,|,6
NE 82nd & Tillamook,8056,S,NS,29,21,50,|,6
SE 82nd & Tolman,8057,N,NS,21,11,32,|,2
SE 82nd & Tolman,8058,S,NS,8,28,36,|,1
SE 82nd & Woodstock,8059,N,NS,52,27,79,|,16
SE 82nd & Woodstock,8060,S,NS,28,60,88,|,14
SE 82nd & Woodward,8061,N,NS,64,47,111,|,12
SE 82nd & Woodward,8062,S,FS,46,81,127,|,15
NE 82nd & Wygant,8063,N,NS,5,24,29,|,11
NE 82nd & Wygant,8064,S,NS,48,10,58,|,11
SE 82nd & Yamhill,8065,N,NS,24,17,41,|,10
SE 82nd & Yamhill,8066,S,FS,19,27,46,|,17
SE 82nd Dr & Beaverlake Dr,8067,S,FS,5,13,18,|,5
SE 82nd Dr & Scotts Tree Way,8070,N,OP,15,7,22,|,2
SE 82nd Dr & Clackamas,8071,N,NS,6,1,7,|,0
SE 82nd Dr & Greenhouse Square,8072,S,OP,28,41,69,|,17
SE 82nd Dr & Greenhouse Square,8073,N,AT,34,24,58,|,12
SE 82nd Dr & Enoch Ct,8074,N,NS,6,4,10,|,1
SE 82nd Dr & Herbert Ct,8075,S,NS,4,8,12,|,1
SE 82nd Dr & Jannsen,8076,N,FS,10,5,15,|,3
SE 82nd Dr & Jannsen,8077,S,NS,8,16,24,|,2
SE 82nd Dr & Manfield Ct,8078,S,FS,4,5,9,|,1
15900 Block SE 82nd Dr,8079,N,AT,54,11,65,|,9
SE 82nd Dr & Scotts Tree Way,8080,S,NS,8,15,23,|,3
SE 82nd Dr & Tolbert,8082,S,FS,3,11,14,|,1
SE 82nd Dr & Tolbert,8083,N,FS,14,4,18,|,3
16700 Block SE 82nd Dr,8084,N,AT,12,6,18,|,2
16700 Block SE 82nd Dr,8085,S,OP,10,6,16,|,1
15900 Block SE 82nd Dr,8086,S,OP,15,48,63,|,6
9th & Jackson,8092,E,NS,1,2,3,|,0
9th & Jefferson,8093,E,NS,1,2,3,|,0
9th & Jefferson,8094,W,NS,0,1,1,|,1
9th & Main,8096,W,NS,4,7,11,|,1
9th & Monroe,8097,S,NS,3,2,5,|,1
9th & Monroe,8098,W,NS,1,1,2,|,1
