"",,,,,,,,Monthly
Stop Location,Location ID,Direction,Position,Ons,Offs,Total,,Lifts
SW Sagert & 72nd,5003,E,FS,0,6,6,|,0
SW Sagert & 86th,5004,E,NS,4,5,9,|,0
SW Salmon & 19th,5006,E,FS,3,18,21,|,0
SW Salmon & Park,5007,E,NS,108,95,203,|,32
SW Salmon & 10th,5009,E,NS,105,50,155,|,59
SW Salmon & 12th,5012,E,FS,69,67,136,|,82
SW Salmon & 14th,5014,E,NS,58,76,134,|,11
SW Salmon & 16th,5016,E,OP,1,58,59,|,0
SW Salmon & 20th,5018,W,FS,5,5,10,|,0
SW Salmon & 20th,5019,E,NS,2,1,3,|,0
SW Salmon & 5th,5020,E,NS,491,477,968,|,133
NW Barnes & Saltzman,5025,S,FS,42,9,51,|,4
SW Sam Jackson Pk & Campus Dr,5027,E,NS,82,34,116,|,7
SW Sam Jackson Pk & OHSU,5028,E,AT,548,322,870,|,89
SW Sam Jackson Pk & US Veterans,5032,E,FS,427,520,947,|,66
NE San Rafael & 125th,5033,E,FS,0,0,0,|,0
NE San Rafael & 125th,5034,W,FS,0,2,2,|,0
NE San Rafael & 122nd,5035,E,FS,7,4,11,|,9
NE San Rafael & 122nd,5036,W,NS,3,8,11,|,1
NE San Rafael & 128th,5037,E,OP,0,1,1,|,0
NE San Rafael & 132nd,5039,E,NS,0,2,2,|,0
NE Sandy & Flanders,5044,E,NS,38,63,101,|,11
NE Sandy & Fremont,5045,E,NS,17,26,43,|,16
NE Sandy & Grotto,5046,E,AT,7,13,20,|,3
NE Sandy & Imperial,5048,E,FS,8,18,26,|,17
NE Sandy & Lawrence,5049,E,FS,8,21,29,|,7
NE Sandy & Parkrose Transit Center,5050,W,AT,0,314,314,|,2
NE Sandy & Prescott,5051,E,FS,3,36,39,|,6
NE Sandy & Prescott,5052,W,FS,15,4,19,|,3
NE Sandy & Sacramento,5054,E,FS,8,26,34,|,1
NE Sandy & 14th,5058,W,NS,52,29,81,|,13
NE Sandy & 16th,5060,W,NS,80,38,118,|,34
NE Sandy & 18th,5061,E,NS,68,84,152,|,59
NE Sandy & 18th,5062,W,FS,83,55,138,|,82
NE Sandy & 20th,5063,W,NS,103,54,157,|,19
NE Sandy & 24th,5066,E,FS,50,85,135,|,11
NE Sandy & 24th,5067,W,NS,69,34,103,|,9
NE Sandy & 26th,5068,W,FS,53,40,93,|,14
NE Sandy & 28th,5069,W,NS,2,14,16,|,2
NE Sandy & 28th,5070,E,NS,43,65,108,|,17
NE Sandy & 31st,5076,E,FS,21,40,61,|,16
NE Sandy & 31st,5077,W,FS,32,22,54,|,20
NE Sandy & 33rd,5079,E,FS,41,71,112,|,21
NE Sandy & 33rd,5080,W,NS,73,38,111,|,21
NE Sandy & 35th,5081,W,FS,15,9,24,|,16
NE Sandy & 42nd,5087,E,FS,161,217,378,|,117
NE Sandy & 44th,5091,E,FS,29,24,53,|,17
