"",,,,,,,,Monthly
Stop Location,Location ID,Direction,Position,Ons,Offs,Total,,Lifts
SE 50th & Brooklyn,8241,S,FS,70,72,142,|,2
SE 50th & Woodward,8242,N,FS,89,134,223,|,5
SE Woodstock & 38th,8243,E,NS,1,12,13,|,1
SW Martinazzi & Martinazzi Square,8249,N,OP,12,3,15,|,0
SW Martinazzi & Tualatin-Sherwood,8250,N,FS,11,8,19,|,1
SW Martinazzi & Martinazzi Square,8252,S,AT,4,10,14,|,1
13300 Block SW Pacific Hwy,8260,E,AT,14,5,19,|,3
SW Watson & Broadway,8262,S,NS,88,6,94,|,9
SW Canyon & Red Robin,8265,W,AT,1,15,16,|,1
SW Canyon & Watson,8270,E,NS,3,93,96,|,10
SW Canyon & Broadway,8271,E,NS,18,3,21,|,8
SW Canyon & Hall,8272,W,NS,43,3,46,|,4
12900 Block SW Canyon,8273,W,AT,33,9,42,|,6
SW Sagert & Tillamook,8276,W,OP,1,1,2,|,0
SW Sagert & Tillamook,8278,E,FS,0,0,0,|,0
SW 65th & Borland,8279,S,OP,8,0,8,|,0
SW Sagert & 68th,8281,W,FS,39,1,40,|,0
SW Sagert & 72nd,8282,W,NS,10,0,10,|,0
7800 Block SW Sagert,8283,W,OP,4,1,5,|,0
SW Sagert & Martinazzi,8284,W,FS,2,50,52,|,3
SW Martinazzi & Mohawk,8285,N,NS,126,43,169,|,18
SE 32nd & Van Water,8301,S,FS,2,4,6,|,0
7500 Block NE 21st,8303,N,OP,0,12,12,|,1
7500 Block NE 21st,8304,S,AT,11,0,11,|,1
16400 Block SW Langer,8306,N,OP,9,1,10,|,0
Washington & 16th,8309,N,OP,5,2,7,|,0
S Holcomb & Front Ave,8310,E,OP,2,5,7,|,0
S Holcomb & Hunter Ave,8311,E,NS,0,1,1,|,0
Longview & Holcomb,8312,N,FS,2,5,7,|,0
900 Block Abernethy,8313,W,OP,0,0,0,|,0
SE Main & 3rd,8315,N,NS,6,0,6,|,1
3900 Block SW Murray,8316,S,OP,1,9,10,|,0
9800 Block NE Pacific St,8321,W,OP,0,77,77,|,23
SE 32nd & Floss,8326,N,NS,6,5,11,|,1
N Rosa Parks Way & Knowles,8329,W,NS,2,9,11,|,0
Library/SW 9th Ave MAX Station,8333,E,AT,"1,284","1,855","3,139",|,0
Pioneer Square South MAX Station,8334,E,AT,"1,956","3,516","5,472",|,0
Mall/SW 4th Ave MAX Station,8335,E,AT,"1,101","1,424","2,525",|,0
Yamhill District MAX Station,8336,E,AT,"1,228","1,014","2,242",|,0
Oak/ SW 1st Ave MAX Station,8337,N,NS,637,490,"1,127",|,0
Skidmore Fountain MAX Station,8338,N,AT,585,610,"1,195",|,0
Old Town/Chinatown MAX Station,8339,N,AT,"1,018",638,"1,656",|,0
Rose Quarter TC MAX Station,8340,E,AT,"2,560","1,692","4,252",|,0
Convention Center MAX Station,8341,E,AT,829,830,"1,659",|,0
NE 7th Ave MAX Station,8342,E,FS,"1,053","1,080","2,133",|,0
Lloyd Center/NE 11th Ave MAX Station,8343,E,AT,"1,891","1,882","3,773",|,0
Hollywood/NE 42nd Ave TC MAX Station,8344,E,AT,"1,038","1,476","2,514",|,0
