"",,,,,,,,Monthly
Stop Location,Location ID,Direction,Position,Ons,Offs,Total,,Lifts
NW Evergreen Pkwy & Tanasbourne Terr,8406,W,OP,3,1,4,|,0
NW Evergreen Pkwy & NE Amberglen (NW 194th),8408,E,FS,9,28,37,|,15
NW Evergreen Pkwy & Tanasbourne Terr,8409,E,AT,3,6,9,|,1
NW Vaughn & 26th,8414,W,NS,2,52,54,|,9
3300 Block SW Dosch,8416,N,AT,0,0,0,|,0
SE Hwy 224 & 232nd Dr,8420,W,NS,2,0,2,|,0
SE Hwy 224 & 232nd Dr,8421,E,NS,0,2,2,|,0
SE Harold & 64th,8422,W,NS,25,2,27,|,0
16500 Block SE 82nd Dr,8430,N,OP,12,7,19,|,4
Gillihan Rd & Sauvie Island,8437,N,AT,55,54,109,|,2
NW St Helens & Harborton Dr,8438,S,NS,1,0,1,|,0
NW St Helens & Larson,8439,S,OP,1,0,1,|,0
S Holcomb & Front Ave,8441,W,NS,9,3,12,|,1
SE Eagle Creek Rd & River Mill Rd,8442,S,NS,0,3,3,|,0
SW Jenkins & Meridian,8443,W,FS,2,7,9,|,39
Abernethy & Redland Rd,8446,W,FS,0,0,0,|,0
Abernethy & Redland Rd,8447,E,NS,0,1,1,|,0
8300 Block SE Causey,8448,E,AT,18,21,39,|,17
SW Terwilliger & Cheltenham,8450,S,NS,0,1,1,|,0
SW Dennis & Baseline,8452,N,NS,16,29,45,|,10
SW US Veterans Rd & Bldg 16,8455,N,AT,73,95,168,|,12
SE Bell & Sandview,8457,S,NS,13,48,61,|,33
E Powell & NE Liberty,8461,W,NS,2,3,5,|,1
SE Stark & SW 257th Dr,8464,W,FS,129,63,192,|,85
NE 102nd & Thompson,8465,S,NS,2,1,3,|,4
SE 90th & Monterey,8467,S,NS,2,8,10,|,15
NE Shaver & Parkrose Middle School,8471,E,AT,3,33,36,|,0
NW 158th & Blueridge,8474,S,FS,15,3,18,|,1
NW 158th & Blueridge,8475,N,NS,5,22,27,|,1
N Lombard & Baltimore,8480,N,NS,60,131,191,|,85
NW Wardway & Montgomery Pk,8481,W,AT,2,42,44,|,2
NW Nicolai & Wardway,8482,E,FS,3,32,35,|,2
NW 27th & Vaughn at Montgomery Park,8484,S,NS,275,81,356,|,31
SW Lombard & 2nd,8491,S,NS,16,11,27,|,8
SE McLoughlin & Naef,8494,S,NS,13,40,53,|,3
15700 Block SW 72nd,8495,N,AT,0,0,0,|,0
5500 Block N Channel Ave (Shipyards),8496,E,AT,11,12,23,|,0
NE Columbia Blvd & 24th,8498,W,OP,0,1,1,|,0
NE Columbia Blvd & 29th,8499,E,NS,4,0,4,|,0
NE Columbia Blvd & 27th,8500,E,NS,1,0,1,|,0
NE Evergreen Pkwy & Cornelius Pass Rd,8505,E,NS,1,5,6,|,0
SW Sagert & Martinazzi,8506,E,FS,2,20,22,|,5
NE Columbia Blvd & 24th,8507,E,FS,1,0,1,|,0
NE Columbia Blvd & 29th,8508,W,FS,0,11,11,|,1
Jackson & 9th,8509,S,NS,2,0,2,|,0
W Burnside & SW 20th,8511,E,NS,481,168,649,|,229
E Burnside & NE 20th,8512,W,NS,79,41,120,|,21
