"",,,,,,,,Monthly
Stop Location,Location ID,Direction,Position,Ons,Offs,Total,,Lifts
19th & Hawthorne,7044,E,NS,54,4,58,|,20
19th & Main,7046,E,FS,93,1,94,|,19
SW 19th & Multnomah,7047,N,FS,4,11,15,|,0
19th Way & 19th Ave,7048,E,FS,127,39,166,|,43
SW 19th & Spring Garden,7049,S,NS,0,3,3,|,0
700 Block SW 197th,7052,S,OP,4,4,8,|,0
SW 197th & W Baseline,7053,N,NS,7,6,13,|,1
SW 197th & Frances,7054,S,FS,3,6,9,|,10
SW 198th & Blanton,7060,N,NS,6,2,8,|,0
SW 198th & Blanton,7061,S,NS,9,8,17,|,3
SW 198th & Butternut,7062,N,FS,3,0,3,|,7
SW 198th & Butternut,7063,S,OP,1,1,2,|,7
SW 198th & Carlin,7064,S,FS,16,17,33,|,0
SW 198th & Carlin,7065,N,OP,17,17,34,|,1
SW 198th & Celebrity,7066,S,NS,2,4,6,|,1
SW 198th & Celebrity,7067,N,FS,3,3,6,|,0
SW 198th & Deline,7068,S,FS,4,4,8,|,0
SW 198th & Deline,7069,N,OP,4,4,8,|,0
SW 198th & Farmington,7070,S,NS,23,19,42,|,0
SW 198th & Farmington,7071,N,FS,21,25,46,|,1
SW 198th & Imperial,7072,S,NS,2,3,5,|,3
SW 198th & Johnson,7073,S,FS,3,2,5,|,0
SW 198th & Johnson,7074,N,NS,3,4,7,|,0
SW 198th & Kinnaman,7075,S,NS,7,7,14,|,0
SW 198th & Kinnaman,7076,N,NS,7,7,14,|,0
SW 198th & Prospect,7077,N,FS,4,4,8,|,1
SW 198th & Prospect,7078,S,OP,2,2,4,|,4
SW 198th & Rock Dr,7079,S,NS,8,8,16,|,0
SW 198th & Rosa,7082,N,FS,13,10,23,|,10
SW 198th & Rosa,7083,S,FS,9,10,19,|,10
SW 198th & Sandra,7084,N,NS,3,4,7,|,1
SW 198th & Southview,7086,S,FS,3,10,13,|,1
SW 198th & Southview,7087,N,NS,9,5,14,|,1
SW 198th & Trelane,7089,S,OP,2,2,4,|,0
SW 198th & Trelane,7090,N,FS,2,1,3,|,0
SW 198th & Oak,7092,N,FS,5,4,9,|,0
SW 198th & York,7093,S,NS,4,5,9,|,0
SW 198th & York,7094,N,FS,5,4,9,|,0
SW 2nd & Alder,7095,N,NS,370,37,407,|,27
SW 2nd & Taylor,7098,N,NS,176,73,249,|,10
S 2nd & Tumwater,7101,W,FS,6,3,9,|,1
NE 21st & Argyle,7105,N,NS,0,17,17,|,0
NE 21st & Clackamas,7106,S,NS,11,2,13,|,1
NE 21st & Clackamas,7107,N,NS,7,11,18,|,3
SE 21st & Clinton,7108,S,NS,13,8,21,|,0
SE 21st & Division,7110,N,NS,9,18,27,|,3
NW 21st & Glisan,7112,S,NS,109,14,123,|,23
