"",,,,,,,,Monthly
Stop Location,Location ID,Direction,Position,Ons,Offs,Total,,Lifts
SW Lombard & Allen,3454,S,NS,31,70,101,|,9
SW Lombard & Allen,3455,N,FS,87,25,112,|,16
N Lombard & Buchanan,3462,W,FS,7,34,41,|,41
N Lombard & Buchanan,3464,E,FS,37,6,43,|,50
N Lombard & Burlington,3465,E,OP,264,103,367,|,157
N Lombard & Burrage,3471,E,FS,44,12,56,|,20
N Lombard & Burrage,3472,W,NS,5,24,29,|,6
N Lombard & Charleston,3474,E,FS,165,57,222,|,43
N Lombard & Chautauqua,3478,W,NS,9,14,23,|,6
N Lombard & Chautauqua,3479,E,NS,13,10,23,|,5
N Lombard & Clarendon,3480,W,NS,9,13,22,|,2
N Lombard & Delaware,3483,W,NS,24,27,51,|,9
N Lombard & Delaware,3484,E,NS,18,16,34,|,4
N Lombard & Denver,3485,W,NS,101,77,178,|,46
N Lombard & Denver,3486,E,NS,12,21,33,|,8
N Lombard & Dwight,3487,W,NS,7,13,20,|,7
N Lombard & Fenwick,3489,E,NS,39,49,88,|,15
N Lombard & Fiske,3491,W,NS,26,63,89,|,47
N Lombard & Gilbert,3494,W,FS,4,34,38,|,4
N Lombard & Gilbert,3496,E,OP,84,14,98,|,25
N Lombard & Hodge,3498,W,NS,28,29,57,|,7
N Lombard & Hodge,3500,E,NS,15,26,41,|,4
N Lombard & Huron,3501,E,NS,25,15,40,|,13
N Lombard & Huron,3502,W,FS,12,22,34,|,14
N Lombard & Ida,3503,E,NS,181,84,265,|,40
N Lombard & Ida,3504,W,NS,87,219,306,|,87
N Lombard Transit Center,3506,E,NS,461,754,"1,215",|,338
N Lombard Transit Center,3507,W,FS,748,455,"1,203",|,323
N Lombard & John,3509,W,NS,71,208,279,|,90
N Lombard & Jordan,3511,E,NS,60,37,97,|,44
N Lombard & McKenna,3518,W,NS,5,14,19,|,1
N Lombard & Mississippi,3521,W,NS,40,28,68,|,8
N Lombard & Oswego,3532,E,OP,29,5,34,|,13
N Lombard & Oswego,3534,W,NS,3,35,38,|,21
N Lombard & Peninsular,3535,W,NS,84,151,235,|,62
N Lombard & Portsmouth,3537,E,FS,45,40,85,|,37
N Lombard & Portsmouth,3538,W,NS,32,44,76,|,32
13200 Block N Lombard,3540,N,AT,2,0,2,|,0
13200 Block N Lombard,3541,S,OP,2,1,3,|,0
NE Lombard & Rodney,3546,W,NS,8,4,12,|,0
NE Lombard & Rodney,3547,E,FS,6,8,14,|,1
N Lombard & Russet,3548,W,FS,3,10,13,|,1
N Lombard & Tyler,3554,E,FS,59,18,77,|,42
N Lombard & Tyler,3555,W,NS,19,54,73,|,59
NE Lombard & M L King,3557,W,FS,97,25,122,|,34
NE Lombard & M L King,3558,E,NS,15,89,104,|,24
N Lombard & Van Houten,3559,E,NS,16,14,30,|,6
