"",,,,,,,,Monthly
Stop Location,Location ID,Direction,Position,Ons,Offs,Total,,Lifts
NE 60th & Wasco,7837,S,NS,23,3,26,|,4
SW 65th & Borland,7839,N,NS,0,23,23,|,1
SW 68th & Baylor,7844,N,NS,1,2,3,|,0
SW 68th & Clinton,7846,S,FS,3,2,5,|,0
SW 68th & Franklin,7847,N,NS,6,18,24,|,8
SW 68th & Franklin,7848,S,NS,5,6,11,|,1
SW 68th & Freeway Entrance/Dartmouth,7849,N,FS,1,5,6,|,0
SE 69th & Yamhill,7853,S,NS,4,33,37,|,0
SE 7th & Clay,7855,S,NS,29,26,55,|,6
SE 7th & Clay,7856,N,FS,16,37,53,|,8
SE 7th & Grant,7857,S,NS,5,7,12,|,1
SE 7th & Grant,7858,N,FS,9,13,22,|,1
SE 7th & Harrison,7859,S,FS,41,57,98,|,15
SE 7th & Harrison,7860,N,FS,43,34,77,|,7
16500 Block SW 72nd,7865,N,OP,1,0,1,|,0
16500 Block SW 72nd,7866,S,AT,0,2,2,|,0
SW 72nd & Bonita,7867,N,NS,2,1,3,|,0
SW 72nd & Bonita,7868,S,NS,2,2,4,|,0
SE 72nd & Luther,7874,S,OP,16,14,30,|,11
SE 72nd & Flavel,7875,S,FS,15,53,68,|,21
SW 72nd & Hunziker,7876,S,FS,10,11,21,|,14
SW 72nd & Kable,7877,N,OP,1,1,2,|,0
SW 72nd & Kable,7878,S,FS,1,3,4,|,0
Tualatin Park & Ride,7879,N,AT,276,80,356,|,13
Tualatin Park & Ride,7880,S,AT,42,225,267,|,10
SE 72nd & Lexington,7881,N,FS,35,8,43,|,11
SE 72nd & Lexington,7882,S,NS,8,31,39,|,9
SW 72nd & Cardinal,7885,N,NS,3,3,6,|,0
SW 72nd & Sandburg,7887,N,NS,1,0,1,|,0
SE 72nd & Tenino,7891,N,NS,20,7,27,|,2
SE 72nd & Tenino,7892,S,FS,6,22,28,|,8
SW 72nd & Upper Boones Ferry,7893,N,NS,35,9,44,|,0
SW 72nd & Varns,7894,N,FS,9,4,13,|,0
14100 Block SW 72nd,7895,N,AT,1,0,1,|,0
14100 Block SW 72nd,7896,S,OP,0,1,1,|,0
SE 76th & Washington,7897,N,NS,7,37,44,|,2
SE 76th & Washington,7898,S,NS,29,7,36,|,2
SE 76th & Yamhill,7899,S,NS,50,8,58,|,5
SW 78th & Beaverton-Hillsdale Hwy,7900,S,NS,0,0,0,|,0
SW 78th & Westmoor,7901,S,NS,0,0,0,|,0
SW 80th & Birch,7904,S,OP,1,1,2,|,0
SW 80th & Birch,7905,N,FS,0,0,0,|,0
SW 80th & Cedarcrest,7906,S,FS,1,1,2,|,10
SW 80th & Cedarcrest,7907,N,NS,1,1,2,|,4
SW 80th & Elmwood,7910,S,NS,0,0,0,|,0
SW 80th & Elmwood,7911,N,NS,0,0,0,|,0
SW 80th & Landau,7912,S,OP,0,0,0,|,0
