"",,,,,,,,Monthly
Stop Location,Location ID,Direction,Position,Ons,Offs,Total,,Lifts
N Willamette & Mohawk,6279,E,OP,10,0,10,|,6
N Willamette & Monteith,6280,W,FS,3,10,13,|,0
N Willamette & Oswego,6282,W,NS,0,15,15,|,4
N Willamette & Edgewater,6283,W,OP,1,12,13,|,0
N Willamette & Portsmouth,6284,W,NS,9,19,28,|,1
N Willamette & Portsmouth,6285,E,FS,13,9,22,|,1
N Willamette & Saratoga,6286,S,OP,6,2,8,|,0
N Willamette & Tyler,6288,W,FS,0,11,11,|,1
N Willamette & Tyler,6289,E,FS,10,1,11,|,2
N Willamette & University of Portland,6290,E,AT,36,9,45,|,0
N Willamette & Van Houten,6291,E,NS,14,4,18,|,0
N Willamette & Wall,6292,W,NS,3,12,15,|,1
N Willamette & Wall,6293,E,NS,16,2,18,|,0
N Willamette & Washburne,6294,W,NS,0,8,8,|,0
N Willamette & Washburne,6295,E,OP,6,0,6,|,0
N Willamette & Woolsey,6298,W,NS,1,13,14,|,0
N Willamette & Woolsey,6299,E,OP,7,1,8,|,0
Willamette Dr & Mapleton Dr,6300,S,FS,3,3,6,|,0
Willamette Dr & Arbor,6301,N,NS,6,1,7,|,0
Willamette Dr & Arbor,6302,S,NS,1,6,7,|,0
Willamette Dr & Barlow,6303,W,OP,1,1,2,|,0
Willamette Dr & Barlow,6304,E,NS,1,4,5,|,2
Willamette Dr & Burns,6306,W,NS,19,5,24,|,0
Willamette Dr & Cedar Oak,6309,N,FS,63,13,76,|,2
Pacific Hwy & Cherry,6310,N,OP,3,0,3,|,0
Pacific Hwy (Hwy 43) & Cherry,6311,S,FS,0,3,3,|,0
Willamette Dr & Elliott,6312,W,FS,13,3,16,|,0
Willamette Dr & West A,6314,E,NS,3,11,14,|,0
Pacific Hwy & Glenmorrie,6317,N,FS,1,0,1,|,0
Pacific Hwy & Glenmorrie,6318,S,FS,0,1,1,|,0
Willamette Dr & Hidden Springs,6319,S,NS,10,63,73,|,3
Willamette Dr & Holly,6320,N,NS,11,4,15,|,0
Willamette Dr & Holmes,6321,N,NS,5,1,6,|,0
Willamette Dr & Holmes,6322,S,OP,1,5,6,|,0
Willamette Dr & Hughes,6323,N,NS,5,1,6,|,0
Willamette Dr & Hughes,6324,S,OP,1,4,5,|,0
Willamette Dr & Jolie Pointe,6325,N,NS,4,2,6,|,0
Willamette Dr & Jolie Pointe,6326,S,OP,2,4,6,|,0
Pacific Hwy & Laurel,6327,N,OP,8,0,8,|,0
Pacific Hwy & Burnham,6328,S,OP,0,7,7,|,0
Willamette Dr & Mapleton,6331,N,NS,8,4,12,|,0
Willamette Dr & Mark Ln,6332,N,NS,5,3,8,|,0
Willamette Dr & Linnwood,6333,S,NS,4,7,11,|,0
Pacific Hwy & Furman,6334,N,FS,3,2,5,|,1
Pacific Hwy & Holy Names Drive,6335,N,FS,9,5,14,|,1
Pacific Hwy & Brookhurst Dr,6336,S,FS,5,11,16,|,4
Willamette Dr & Marylhurst Dr,6337,S,FS,4,12,16,|,1
