"",,,,,,,,Monthly
Stop Location,Location ID,Direction,Position,Ons,Offs,Total,,Lifts
SE 102nd & E Burnside,6510,N,NS,21,67,88,|,37
SE 102nd & Burnside,6511,S,FS,261,147,408,|,140
NE 102nd & Clackamas,6513,S,OP,7,21,28,|,13
NE 102nd & Fremont,6514,N,NS,3,18,21,|,6
NE 102nd & Fremont,6515,S,NS,16,4,20,|,1
NE 102nd & Glisan,6516,N,NS,8,31,39,|,10
NE 102nd & Glisan,6517,S,FS,29,12,41,|,12
NE 102nd & Hancock,6518,N,NS,14,9,23,|,12
NE 102nd & Knott,6519,S,OP,4,1,5,|,1
102nd & Morris St,6520,S,FS,18,4,22,|,2
NE 102nd & Morris Ct,6521,N,FS,4,17,21,|,1
1200 Block NE 102nd,6522,N,OP,65,12,77,|,30
1200 Block NE 102nd,6523,S,AT,9,41,50,|,25
NE 102nd & Pacific,6525,S,NS,3,13,16,|,4
SE 102nd & Pine,6526,S,FS,31,50,81,|,14
NE 102nd & Shaver,6528,N,NS,2,9,11,|,5
SE 102nd & Washington,6529,S,NS,28,40,68,|,34
NE 102nd & Tillamook,6530,N,NS,4,8,12,|,11
NE 102nd & Weidler,6531,N,NS,29,11,40,|,14
NE 102nd & Weidler,6532,S,NS,5,17,22,|,7
NW 107th & Copeland,6535,S,NS,0,0,0,|,0
NW Cornell & 107th,6536,E,NS,2,0,2,|,1
NW 107th & Cornell,6537,N,NS,0,1,1,|,0
NW 107th & Walters,6539,N,NS,0,0,0,|,0
SE 11th & Ash,6541,S,NS,20,19,39,|,8
SE 11th & Belmont,6542,S,FS,83,78,161,|,37
SE 11th & Clay,6543,S,NS,13,20,33,|,14
SE 11th & Division,6545,S,NS,34,72,106,|,9
SW 11th & Gibbs,6548,N,NS,67,135,202,|,31
SE 11th & Madison,6551,S,FS,47,98,145,|,18
SE 11th & Sherman,6553,S,NS,3,13,16,|,2
SE 11th & Stark,6554,S,NS,37,37,74,|,40
SE 11th & Stephens,6555,S,NS,5,20,25,|,2
NE 111th & Knott,6557,N,NS,0,1,1,|,0
NE 111th & Knott,6558,S,NS,2,1,3,|,1
NE 111th & Morris,6559,N,NS,0,3,3,|,0
NE 111th & Sacramento,6561,N,NS,0,3,3,|,1
NE 111th & Sacramento,6562,S,NS,3,0,3,|,0
NE 111th & San Rafael,6563,N,NS,0,4,4,|,1
NE 111th & San Rafael,6564,S,OP,4,0,4,|,0
NE 111th & Weidler,6565,N,NS,3,4,7,|,3
NE 111th & Weidler,6566,S,NS,5,3,8,|,2
SE 112th & Mt Scott Blvd,6567,N,FS,10,15,25,|,3
SE 12th & Clay,6576,N,NS,19,42,61,|,11
NE 12th & Couch,6577,S,FS,115,71,186,|,58
SE 12th & Division,6578,N,NS,75,39,114,|,14
NE 12th & Glisan,6580,S,NS,62,42,104,|,1
