"",,,,,,,,Monthly
Stop Location,Location ID,Direction,Position,Ons,Offs,Total,,Lifts
Pacific Hwy & Marylbrook Dr,6338,S,FS,1,1,2,|,0
Willamette Dr & McKillican,6339,S,NS,5,21,26,|,1
Willamette Dr & Pimlico,6344,N,OP,11,1,12,|,0
Willamette Dr & Pimlico,6345,S,NS,1,6,7,|,0
Willamette Dr & Shady Hollow,6346,N,NS,3,1,4,|,0
Willamette Dr & Shady Hollow,6347,S,OP,1,2,3,|,0
Willamette Dr & Holly (near gas stn),6348,S,FS,1,2,3,|,0
Willamette Dr & Walling Way,6349,N,FS,6,1,7,|,1
Willamette Dr & Walling Circle,6350,S,NS,1,4,5,|,2
Willamette Dr & Webb,6352,S,NS,0,2,2,|,0
N Williams & NE Russell,6354,N,FS,67,125,192,|,113
N Williams & NE Alberta,6355,N,NS,9,65,74,|,13
N Williams & NE Broadway,6357,N,FS,44,27,71,|,14
N Williams & NE Cook,6359,N,FS,41,200,241,|,22
N Williams & NE Fremont,6360,N,FS,27,50,77,|,8
N Williams & NE Graham,6362,N,NS,43,136,179,|,60
N Williams & NE Morris,6364,N,NS,82,117,199,|,88
N Williams & NE Shaver,6366,N,NS,11,52,63,|,4
N Williams & NE Skidmore,6367,N,NS,13,59,72,|,3
N Williams & NE Tillamook,6370,N,FS,22,64,86,|,2
N Williams & NE Wygant,6371,N,NS,3,32,35,|,2
N Willis & Bayard,6373,W,NS,12,39,51,|,0
N Willis & Chautauqua,6374,E,NS,21,2,23,|,1
N Willis & Druid,6375,W,FS,0,21,21,|,0
N Willis & Druid,6376,E,NS,26,0,26,|,0
N Willis & Emerald,6377,E,NS,49,12,61,|,3
N Willis & Wabash,6378,W,OP,5,31,36,|,9
N Willis & Hereford,6379,W,NS,0,18,18,|,2
N Willis & Hodge,6380,E,FS,16,1,17,|,5
N Willis & Newman,6381,E,NS,34,1,35,|,0
N Willis & Newman,6382,W,FS,1,25,26,|,0
N Willis & Peninsular,6383,E,NS,52,13,65,|,5
N Willis & Peninsular,6384,W,FS,16,46,62,|,11
N Willis & Portsmouth,6385,W,NS,0,33,33,|,1
N Willis & Wabash,6386,E,NS,40,7,47,|,3
N Willis & Washburne,6387,W,FS,3,18,21,|,1
N Willis & Washburne,6388,E,NS,35,13,48,|,2
N Willis & Wayland,6389,W,NS,1,20,21,|,1
N Willis & Wayland,6390,E,NS,25,1,26,|,2
N Willis & Woolsey,6391,W,NS,0,25,25,|,0
N Willis & Woolsey,6392,E,NS,28,1,29,|,0
SE Woodstock & 94th (I-205 West End),6398,E,FS,32,26,58,|,11
SE Woodstock & Moreland Ln,6399,E,NS,5,9,14,|,1
3000 Block SE Woodstock,6400,W,OP,6,3,9,|,1
SE Woodstock & 32nd,6402,E,NS,4,6,10,|,0
SE Woodstock & 32nd,6403,W,OP,22,11,33,|,8
SE Woodstock & 34th,6405,E,NS,9,9,18,|,2
