"",,,,,,,,Monthly
Stop Location,Location ID,Direction,Position,Ons,Offs,Total,,Lifts
SE M L King & Mill,5933,S,FS,0,0,0,|,0
NE M L King & Mason,5934,S,FS,82,32,114,|,80
NE M L King & Mason,5935,N,NS,35,78,113,|,61
NE M L King & Morgan,5937,N,NS,8,19,27,|,3
NE M L King & Morris,5938,S,FS,67,25,92,|,11
NE M L King & Morris,5939,N,FS,36,83,119,|,17
NE M L King & Rosa Parks Way,5943,S,NS,38,7,45,|,4
NE M L King & Rosa Parks Way,5944,N,NS,5,25,30,|,6
NE M L King & Prescott,5946,N,NS,19,43,62,|,5
NE M L King & Prescott,5947,S,OP,63,20,83,|,9
NE M L King & Russet,5950,S,FS,41,57,98,|,26
NE M L King & Sacramento,5951,S,OP,69,23,92,|,8
NE M L King & Tillamook,5955,S,NS,23,15,38,|,3
NE M L King & Tillamook,5956,N,NS,23,35,58,|,6
NE M L King & Wasco,5958,S,NS,24,90,114,|,23
NE M L King & Weidler,5960,S,FS,47,78,125,|,34
NE M L King & Wygant,5961,S,FS,26,11,37,|,2
NE M L King & Wygant,5962,N,NS,13,52,65,|,9
15800 Block SW 72nd,5973,S,AT,1,2,3,|,0
US Veterans Hospital,5975,S,AT,471,680,"1,151",|,494
N Vancouver & Ainsworth,5976,N,NS,5,12,17,|,1
N Vancouver & Ainsworth,5977,S,NS,13,3,16,|,0
N Vancouver & Alberta,5978,S,NS,82,20,102,|,13
N Vancouver & Beech,5979,S,NS,20,9,29,|,3
N Vancouver & Fargo,5984,S,OP,64,22,86,|,43
N Vancouver & Holman,5991,N,NS,2,14,16,|,1
N Vancouver & Holman,5992,S,NS,11,2,13,|,0
N Vancouver & Jessup,5995,S,NS,13,3,16,|,0
N Vancouver & Killingsworth,5996,S,FS,63,43,106,|,23
N Vancouver & Knott,5997,S,NS,114,61,175,|,73
N Vancouver & Ivy,6000,S,NS,195,107,302,|,30
N Vancouver & Page,6001,S,NS,23,18,41,|,3
N Vancouver & Russell,6003,S,FS,16,11,27,|,19
N Vancouver & Shaver,6004,S,NS,34,10,44,|,4
N Vancouver & Skidmore,6005,S,NS,71,9,80,|,1
N Vancouver & Stanton,6006,S,NS,171,104,275,|,125
N Vancouver & Tillamook,6008,S,NS,17,7,24,|,3
N Vancouver & Weidler,6009,S,NS,23,95,118,|,37
N Vancouver & Wygant,6010,S,NS,24,2,26,|,0
NW Vaughn & 24th,6013,E,NS,47,3,50,|,7
NW Vaughn & 24th,6014,W,NS,3,43,46,|,7
1900 Block SW Vermont,6017,E,AT,4,0,4,|,0
2200 Block SW Vermont,6018,W,AT,0,3,3,|,0
5700 Block SW Vermont,6019,W,OP,1,1,2,|,0
SW Vermont & Bertha,6022,E,NS,11,1,12,|,0
SW Capitol & Vermont,6023,E,FS,25,8,33,|,3
SW Vermont & Bertha,6024,W,FS,1,6,7,|,0
