"",,,,,,,,Monthly
Stop Location,Location ID,Direction,Position,Ons,Offs,Total,,Lifts
SW Hamilton & Dosch,2467,W,NS,20,8,28,|,0
SW Hamilton & Hamilton Ct,2468,E,FS,1,0,1,|,0
SW Hamilton & Hamilton Ct,2469,W,OP,0,1,1,|,0
SW Hamilton & Scholls Ferry,2470,W,NS,0,0,0,|,0
SW Hamilton & Shattuck,2471,W,NS,0,1,1,|,0
SW Hamilton & Shattuck,2472,E,NS,4,0,4,|,0
SW Hamilton & 34th,2473,W,FS,0,1,1,|,0
SW Hamilton & 34th,2474,E,NS,0,0,0,|,0
SW Hamilton & 36th Pl,2475,W,FS,0,0,0,|,0
SW Hamilton & 36th Pl,2476,E,OP,0,0,0,|,0
SW Hamilton & 39th Dr,2477,E,FS,0,0,0,|,0
SW Hamilton & 39th Dr,2478,W,OP,0,0,0,|,0
SW Hamilton & 41st,2479,W,NS,0,0,0,|,0
SW Hamilton & 42nd Pl,2480,E,NS,0,0,0,|,0
SW Hamilton & 45th,2481,W,OP,0,1,1,|,0
SW Hamilton & 45th,2482,E,NS,1,0,1,|,0
SW Hamilton & 47th Dr,2483,W,FS,0,1,1,|,0
SW Hamilton & 47th,2484,E,FS,1,0,1,|,0
SW Hamilton & 53rd,2486,E,FS,4,0,4,|,0
SW Hamilton & 54th Pl,2487,W,FS,0,0,0,|,0
SW Hamilton & 58th,2490,E,OP,0,0,0,|,0
SW Hamilton & 60th Pl,2492,E,NS,1,0,1,|,0
6900 Block SW Hampton,2494,E,AT,11,50,61,|,13
SW Hampton & 72nd,2496,E,FS,1,15,16,|,2
SE Harmony & Linwood,2498,E,FS,11,6,17,|,1
12400 Block SE Harold,2505,E,AT,0,2,2,|,0
12400 Block SE Harold,2506,W,AT,2,0,2,|,0
12900 Block SE Harold,2507,W,AT,5,0,5,|,0
SE Harold & 133rd,2510,W,OP,6,0,6,|,0
SE Harold & 92nd,2512,E,FS,18,15,33,|,3
SE Harold & 101st,2517,E,FS,1,14,15,|,0
SE Harold & 103rd,2518,E,NS,1,11,12,|,0
SE Harold & 105th,2520,E,OP,1,6,7,|,0
SE Harold & 109th,2522,E,FS,1,3,4,|,0
SE Harold & 109th,2523,W,NS,4,1,5,|,0
SE Harold & 111th,2524,E,OP,1,3,4,|,0
SE Harold & 111th,2525,W,NS,3,2,5,|,0
SE Harold & 113th,2526,E,OP,0,2,2,|,0
SE Harold & 113th,2527,W,NS,3,0,3,|,0
SE Harold & 115th,2528,E,NS,1,5,6,|,0
SE Harold & 115th,2529,W,NS,7,0,7,|,0
SE Harold & 118th,2530,E,OP,0,5,5,|,1
SE Harold & 118th,2531,W,NS,6,0,6,|,1
SE Harold & 122nd,2534,E,NS,16,21,37,|,4
SE Harold & 122nd,2535,W,FS,26,13,39,|,0
SE Harold & 128th,2537,E,NS,1,8,9,|,3
SE Harold & 128th,2538,W,NS,9,1,10,|,0
