"",,,,,,,,Monthly
Stop Location,Location ID,Direction,Position,Ons,Offs,Total,,Lifts
SW Terwilliger & Burlingame Terr,5785,S,FS,0,1,1,|,0
SW Terwilliger & Caldew,5786,N,OP,8,0,8,|,0
SW Terwilliger & Caldew,5787,S,FS,0,7,7,|,0
SW Terwilliger & Capitol Hwy,5788,N,NS,7,0,7,|,0
SW Terwilliger & Capitol Hwy,5789,S,NS,0,2,2,|,0
SW Terwilliger & Carson,5790,N,NS,5,5,10,|,0
SW Terwilliger & Chestnut,5791,N,NS,10,0,10,|,0
SW Terwilliger & Chestnut,5792,S,FS,0,9,9,|,0
9800 Block SW Terwilliger,5794,S,AT,0,5,5,|,0
SW Terwilliger & Hamilton,5795,E,FS,0,0,0,|,0
SW Terwilliger & Hamilton Terrace,5796,N,FS,1,0,1,|,0
SW Terwilliger & L&C Law School,5797,W,OP,4,0,4,|,0
SW Terwilliger & Lobelia,5798,N,NS,4,0,4,|,0
SW Terwilliger & Lobelia,5799,S,NS,0,3,3,|,0
SW Terwilliger & Nebraska,5800,N,FS,0,0,0,|,0
SW Terwilliger & Primrose,5801,N,NS,9,0,9,|,1
SW Terwilliger & Primrose,5802,S,FS,0,9,9,|,1
SW Terwilliger & Ralston Dr,5803,N,NS,1,0,1,|,0
SW Terwilliger & Sam Jackson,5804,S,FS,27,7,34,|,2
SW Terwilliger & Taylors Ferry,5806,N,NS,6,2,8,|,0
SW Terwilliger & Taylors Ferry,5807,S,FS,2,7,9,|,0
SW Terwilliger & 6th,5808,S,NS,0,4,4,|,0
SW Terwilliger & Troy,5809,N,FS,2,0,2,|,0
SW Terwilliger & Westwood,5811,N,OP,1,0,1,|,0
SW Terwilliger & Westwood,5812,S,FS,0,0,0,|,0
SW Terwilliger & 2nd,5813,W,FS,17,3,20,|,0
SW Terwilliger & 6th,5814,N,OP,4,1,5,|,0
SW Terwilliger & Carson,5816,S,OP,0,4,4,|,0
NW Thurman & Gordon,5824,W,NS,9,12,21,|,1
NW Thurman & 26th,5831,W,NS,1,48,49,|,10
NW Thurman & 26th,5832,E,FS,46,0,46,|,4
NW Thurman & 27th,5835,W,FS,1,52,53,|,3
NW Thurman & 27th,5836,E,FS,59,30,89,|,4
NW Thurman & 28th,5837,W,FS,12,33,45,|,1
NW Thurman & 29th,5839,W,OP,1,6,7,|,0
NW Thurman & 29th,5840,E,NS,8,0,8,|,0
NW Thurman & 32nd,5841,W,NS,2,8,10,|,0
NW Thurman & 32nd,5842,E,NS,8,0,8,|,0
NW Thurman & 34th,5843,W,OP,2,5,7,|,0
NW Thurman & 34th,5844,E,NS,6,0,6,|,0
Tigard Transit Center,5846,S,AT,476,357,833,|,85
SW Towle & 10th Dr,5851,N,FS,1,0,1,|,0
SW Towle & 10th Ct,5852,S,NS,0,1,1,|,0
SW Towle & 14th,5853,N,FS,0,0,0,|,0
SW Towle & 14th,5854,S,OP,0,0,0,|,0
SW Towle & 19th Dr,5855,S,OP,0,2,2,|,0
N Trenton & Alaska,5862,W,FS,32,45,77,|,24
