"",,,,,,,,Monthly
Stop Location,Location ID,Direction,Position,Ons,Offs,Total,,Lifts
SE Holgate & 67th,2751,W,NS,25,14,39,|,15
SE Holgate & 70th,2752,E,NS,7,13,20,|,0
SE Holgate & 70th,2753,W,NS,15,7,22,|,2
SE Holgate & 72nd,2754,E,NS,6,20,26,|,1
SE Holgate & 72nd,2755,W,NS,23,7,30,|,3
SE Holgate & 74th,2756,W,NS,19,3,22,|,6
SE Holgate & 75th,2757,E,NS,4,17,21,|,15
SE Holgate & 77th,2758,E,FS,1,13,14,|,0
SE Holgate & 77th,2759,W,OP,14,2,16,|,0
SE Holgate & 79th,2760,E,NS,9,49,58,|,23
SE Holgate & 79th,2761,W,NS,41,13,54,|,13
SE Holgate & 83rd,2762,E,NS,183,208,391,|,172
SE Holgate & 82nd,2763,W,FS,152,105,257,|,70
SE Holgate & 88th,2767,E,FS,7,37,44,|,3
SE Holgate & 88th,2768,W,NS,37,10,47,|,2
NE Hood & 9th,2798,S,OP,0,17,17,|,4
SW Huber & Capitol Hwy,2804,E,FS,6,3,9,|,0
SW Huber & 35th,2806,E,NS,4,1,5,|,0
SW Huber & 40th,2809,W,FS,1,1,2,|,0
7500 Block SW Hunziker,2810,W,AT,4,1,5,|,0
8000 Block SW Hunziker,2811,W,AT,3,0,3,|,0
8000 Block SW Hunziker,2812,E,OP,1,2,3,|,0
SW Hunziker & Hall,2815,E,FS,2,1,3,|,1
SW Hunziker & Knoll,2816,W,NS,2,2,4,|,3
SW Hunziker & 72nd,2817,W,FS,32,5,37,|,0
SW Hunziker & 72nd,2818,E,NS,6,44,50,|,15
29800 Block SE Hwy 211,2819,W,AT,0,0,0,|,0
SE Hwy 211 & Hwy 224,2824,E,FS,1,2,3,|,0
Molalla & Char Diaz Dr,2827,S,FS,0,5,5,|,0
Molalla & Lazy Creek Ln,2828,N,OP,21,1,22,|,4
Molalla & Sebastian Way,2830,E,NS,0,22,22,|,2
Molalla & Clairmont,2837,N,FS,88,8,96,|,12
Molalla & Clairmont,2838,S,FS,6,88,94,|,14
Molalla & Gaffney Ln,2841,N,NS,51,8,59,|,40
Molalla & Gaffney Ln,2842,S,FS,8,46,54,|,25
Molalla & Warner-Milne,2866,S,FS,1,18,19,|,5
10800 Block SE Highway 212,2868,E,AT,2,13,15,|,0
SE Hwy 224 & Eckert Ln,2870,S,NS,0,2,2,|,0
15700 Block SE Hwy 224,2872,S,AT,0,7,7,|,6
15700 Block SE Hwy 224,2873,N,OP,8,0,8,|,3
SE Hwy 224 & Springwater Rd,2874,W,OP,4,1,5,|,1
16200 Block SE Hwy 224,2875,E,AT,1,5,6,|,2
SE Hwy 224 & Amisigger Rd,2876,W,NS,1,0,1,|,0
SE Hwy 224 & Amisigger Rd,2877,E,OP,0,1,1,|,0
SE Hwy 224 & Bartlemay,2878,W,FS,0,0,0,|,0
SE Hwy 224 & Barton Church,2879,E,AT,1,0,1,|,1
SE Hwy 224 & Barton Church,2880,W,OP,0,1,1,|,0
