"",,,,,,,,Monthly
Stop Location,Location ID,Direction,Position,Ons,Offs,Total,,Lifts
SE 17th & Tolman,6898,N,NS,17,6,23,|,2
SE 17th & Tolman,6899,S,NS,6,23,29,|,6
SE 17th & Umatilla,6900,S,FS,5,37,42,|,17
SE 17th & Waverly,6901,N,NS,4,3,7,|,1
SE 17th & Waverly,6902,S,NS,1,5,6,|,1
NW 174th & Santiam,6904,N,OP,2,5,7,|,0
NW 174th & Santiam,6905,S,FS,9,1,10,|,0
SW 18th & Elizabeth,6908,N,FS,4,0,4,|,0
NE 181st & Davis,6912,S,NS,2,8,10,|,1
SE 181st & Yamhill,6913,N,FS,6,5,11,|,1
NE 181st & E Burnside,6914,N,FS,64,48,112,|,18
800 Block NE 181st,6916,N,AT,7,7,14,|,1
NE 181st & Everett Ct,6918,N,NS,2,3,5,|,2
NE 181st & Glisan,6919,N,NS,8,9,17,|,5
NE 181st & Glisan,6920,S,FS,12,19,31,|,9
SE 181st & Oak,6921,N,NS,33,27,60,|,14
NE 181st & Wasco,6922,N,OP,2,5,7,|,1
NE 181st & Wasco,6923,S,NS,13,4,17,|,2
1900 Block SE 182nd,6924,N,AT,9,3,12,|,3
SE 182nd & 3rd,6926,N,FS,3,1,4,|,1
SE 182nd & SW 5th Dr,6928,N,NS,3,0,3,|,0
SE 181st & Yamhill,6929,S,NS,6,5,11,|,1
SE 182nd & Brooklyn Ct,6930,N,NS,6,2,8,|,1
SE 182nd & Haig,6931,N,NS,20,2,22,|,3
SE 182nd & Clinton,6934,N,NS,2,2,4,|,1
SE 182nd & Division,6935,S,FS,10,45,55,|,13
SE 182nd & Division,6936,N,FS,58,10,68,|,16
SE 182nd & Lincoln,6937,S,FS,1,10,11,|,6
SE 182nd & Market,6938,S,NS,3,5,8,|,2
SE 182nd & Market,6939,N,OP,8,3,11,|,2
SE 182nd & Mill,6940,N,NS,4,1,5,|,0
SE 182nd & W Powell,6942,N,FS,37,0,37,|,4
SE 182nd & Stephens,6943,S,NS,2,4,6,|,1
SE 182nd & Tibbetts,6944,S,NS,4,9,13,|,0
2800 Block SW 185th,6945,N,AT,18,9,27,|,0
3000 Block SW 185th,6946,S,AT,11,14,25,|,0
SW 185th & Aloha High School Drive,6952,S,NS,12,13,25,|,2
NW 185th & Adrian,6953,N,OP,1,5,6,|,1
NW 185th & Adrian,6954,S,FS,6,2,8,|,0
SW 185th & Aloha Park Apts,6955,N,OP,7,19,26,|,1
SW 185th & Aloha Park Apts,6956,S,AT,13,12,25,|,4
SW 185th & Alexander,6957,N,FS,49,12,61,|,8
SW 185th & Blanton,6959,S,FS,12,7,19,|,12
SW 185th & Blanton,6960,N,OP,10,12,22,|,2
NW 185th & Cornell,6961,N,FS,26,183,209,|,29
NW 185th & Cornell,6964,S,FS,166,38,204,|,26
SW 185th & Ewen,6968,N,FS,9,3,12,|,0
