"",,,,,,,,Monthly
Stop Location,Location ID,Direction,Position,Ons,Offs,Total,,Lifts
SW Boones Ferry Rd & 4th,583,W,OP,0,1,1,|,0
SW Boones Ferry Rd & 4th,584,E,FS,0,0,0,|,0
SW Laurelwood & Brentwood,593,N,NS,0,0,0,|,0
SW Brentwood & 78th,595,E,NS,2,0,2,|,0
NW Bridge Ave & St Helens,596,N,NS,0,3,3,|,0
NW Bridge Ave & Germantown,597,N,OP,0,0,0,|,0
NW Bridge Ave & Germantown,598,S,NS,0,0,0,|,0
NW Bridge Ave & Springville,599,N,OP,0,2,2,|,0
NW Bridge Ave & Springville,600,S,NS,4,0,4,|,0
NE Broadway & Grand,605,W,NS,6,23,29,|,18
SW Broadway & Hall,607,S,FS,7,8,15,|,1
N Broadway & Benton,611,E,FS,8,18,26,|,4
SW Broadway & Lincoln,614,S,NS,1,2,3,|,0
SW Broadway & Market,616,S,FS,3,18,21,|,0
NE Broadway & M L King,622,W,FS,40,20,60,|,44
NW Broadway & Irving,625,N,NS,81,71,152,|,73
N Broadway & Vancouver,627,W,NS,21,29,50,|,15
NE Broadway & 12th,629,W,NS,176,110,286,|,237
NE Broadway & 16th,631,W,FS,103,66,169,|,33
NE Broadway & 2nd,633,W,NS,14,9,23,|,41
NE Broadway & 21st,634,W,FS,127,33,160,|,37
NE Broadway & 24th,635,W,FS,112,56,168,|,42
NE Broadway & 26th,636,E,FS,16,30,46,|,24
NE Broadway & 26th,637,W,FS,29,14,43,|,21
NE Broadway & 28th,638,E,FS,54,75,129,|,63
NE Broadway & 28th,639,W,NS,76,61,137,|,41
NE Broadway & 32nd,642,E,FS,70,72,142,|,44
NE Broadway & 33rd,644,W,FS,73,66,139,|,39
NE Broadway & 35th,646,E,FS,5,10,15,|,4
NE Broadway & 35th,647,W,NS,5,2,7,|,3
NE Broadway & 37th,648,E,NS,6,24,30,|,16
NE Broadway & 37th,649,W,NS,20,5,25,|,5
NE Broadway & 44th,650,W,NS,39,28,67,|,76
NE Broadway & 44th,651,E,FS,29,43,72,|,104
NE Broadway & 47th,653,E,NS,5,10,15,|,1
SW Broadway & 5th,654,W,NS,13,135,148,|,10
NE Broadway & 7th,655,W,NS,30,10,40,|,15
NE Broadway & 9th,656,W,NS,49,15,64,|,55
Bryant & Black Forest Ct,663,N,OP,0,0,0,|,0
Bryant & Chapman Way,664,N,FS,0,0,0,|,0
Bryant & Lakeview,665,N,NS,4,1,5,|,0
17500 Block Bryant,667,S,AT,0,1,1,|,0
Bryant & Lords Ln,668,N,NS,0,0,0,|,0
Bryant & Wildwood,669,S,FS,0,0,0,|,0
Kerr & Jefferson Pkwy,672,S,NS,4,7,11,|,0
4600 Block W Burnside,682,W,AT,0,2,2,|,0
W Burnside & SW Fischer Ln,685,E,NS,2,0,2,|,0
