"",,,,,,,,Monthly
Stop Location,Location ID,Direction,Position,Ons,Offs,Total,,Lifts
SE Foster & 75th,1812,E,OP,3,16,19,|,13
SE Foster & 77th,1814,E,FS,10,56,66,|,21
SE Foster & 78th,1815,W,NS,74,17,91,|,23
SE Foster & 79th,1816,E,FS,8,37,45,|,27
SE Foster & 82nd,1818,W,FS,234,129,363,|,100
SE Foster & 82nd,1819,E,NS,72,162,234,|,57
SE Foster & 85th,1821,E,NS,3,31,34,|,3
SE Foster & 86th,1823,E,FS,1,19,20,|,3
SE Foster & 86th,1824,W,FS,30,5,35,|,5
SE Foster & 88th,1826,W,FS,39,5,44,|,15
SE Foster & 89th,1827,E,FS,1,58,59,|,15
SE Foster & 91st,1829,W,FS,66,1,67,|,10
SE Foster & 94th (I-205 Overpass),1831,W,NS,114,183,297,|,29
SE Foster & 97th,1832,W,NS,1,14,15,|,1
NE Fremont & Alameda,1834,E,NS,1,4,5,|,0
NE Fremont & Alameda,1835,W,FS,4,1,5,|,0
N Fremont & Borthwick,1837,E,NS,8,26,34,|,0
NE Fremont & Cleveland,1838,E,NS,22,9,31,|,2
N Fremont & Gantenbein,1841,W,NS,50,51,101,|,17
NE Fremont & Mallory,1842,E,OP,5,3,8,|,2
N Fremont & Albina,1843,W,FS,8,34,42,|,3
NE Fremont & Mallory,1845,W,NS,7,11,18,|,3
NE Fremont & M L King,1846,E,NS,19,11,30,|,4
NE Fremont & M L King,1847,W,NS,9,22,31,|,13
NE Fremont & 12th,1851,E,NS,7,5,12,|,1
NE Fremont & 11th,1852,W,NS,5,6,11,|,0
NE Fremont & 138th,1853,W,FS,1,1,2,|,1
NE Fremont & 15th,1856,E,FS,20,13,33,|,2
NE Fremont & 15th,1857,W,NS,13,20,33,|,7
NE Fremont & 18th,1858,E,NS,3,2,5,|,0
NE Fremont & 18th,1859,W,NS,3,6,9,|,0
NE Fremont & 21st,1860,E,NS,3,1,4,|,0
NE Fremont & 21st,1861,W,FS,2,3,5,|,0
NE Fremont & 24th,1862,W,FS,9,10,19,|,2
NE Fremont & 24th,1863,E,NS,13,8,21,|,1
NE Fremont & 27th,1864,W,NS,3,5,8,|,0
NE Fremont & 27th,1865,E,NS,7,3,10,|,0
NE Fremont & 31st,1868,E,NS,2,2,4,|,0
NE Fremont & Edgehill Place,1869,W,NS,2,2,4,|,0
NE Fremont & 33rd Place,1870,W,OP,5,7,12,|,0
NE Fremont & 33rd,1871,E,NS,6,7,13,|,1
NE Fremont & 35th,1872,E,NS,2,2,4,|,0
NE Fremont & 35th,1873,W,FS,2,2,4,|,0
NE Fremont & Cesar Chavez Blvd,1874,E,NS,2,3,5,|,1
NE Fremont & Cesar Chavez Blvd,1875,W,NS,2,2,4,|,0
NE Fremont & 41st,1876,E,NS,16,26,42,|,2
NE Fremont & 42nd,1877,W,FS,25,15,40,|,3
