"",,,,,,,,Monthly
Stop Location,Location ID,Direction,Position,Ons,Offs,Total,,Lifts
SE 45th & 46th/Nehalem,7560,N,FS,16,2,18,|,6
SE 45th & 46th/Nehalem,7561,S,OP,1,8,9,|,6
SE 46th & Henry,7563,N,FS,17,3,20,|,1
SE 46th & Henry,7564,S,NS,5,15,20,|,4
SE 46th & Woodstock,7565,N,NS,64,61,125,|,43
NE 47th & Halsey,7571,N,FS,4,9,13,|,1
SW 49th & Coronado,7577,S,NS,1,22,23,|,0
SW 49th & Coronado,7578,N,NS,25,0,25,|,0
SW 49th & Hidalgo,7579,N,FS,24,1,25,|,0
SW 5th & Alder,7586,S,NS,624,257,881,|,95
SW 5th & Broadway,7588,S,NS,163,60,223,|,22
SW 5th & Caruthers,7591,S,FS,38,30,68,|,4
SW 5th & Columbia,7594,S,NS,395,223,618,|,86
Union Station/NW 5th & Glisan MAX Stn,7601,S,NS,813,"1,066","1,879",|,0
SW 5th & Harrison,7602,S,NS,720,395,"1,115",|,78
5th & High,7604,W,NS,9,5,14,|,11
NE 5th & Hood,7605,W,NS,6,1,7,|,0
PSU South/SW 5th & Jackson MAX Stn,7606,S,NS,474,"1,475","1,949",|,0
City Hall/SW 5th & Jefferson MAX Station,7608,S,NS,816,"1,335","2,151",|,0
5th & Jefferson,7609,E,NS,10,11,21,|,4
5th & Jefferson,7610,W,NS,7,9,16,|,17
SW 5th & Madison,7612,S,NS,601,327,928,|,126
SW 5th & Main,7614,S,NS,574,211,785,|,56
SW 5th & Market,7616,S,NS,353,311,664,|,47
PSU Urban Center/SW 5th & Mill MAX Station,7618,S,FS,685,"2,359","3,044",|,0
5th & Monroe,7620,E,NS,15,20,35,|,3
5th & Monroe,7621,W,NS,14,14,28,|,13
SW 5th & Morrison,7625,S,NS,"1,120",489,"1,609",|,229
SW 5th & Oak MAX Station,7627,S,NS,"1,004","1,349","2,353",|,1
SW 5th & Pine,7631,S,OP,"1,274","1,124","2,398",|,434
SW 5th & Salmon,7634,S,NS,521,252,773,|,126
SW 5th & Harvey Milk (Stark),7636,S,NS,490,185,675,|,127
SW 5th & Taylor,7640,S,NS,916,365,"1,281",|,197
SW 5th & Washington,7642,S,NS,311,164,475,|,110
5th & Washington (Oregon City),7643,E,NS,9,16,25,|,17
Washington & 16th,7644,S,NS,0,6,6,|,2
Pioneer Place/SW 5th Ave MAX Station,7646,S,NS,"2,739","2,329","5,068",|,2
SE 50th & Clay,7651,S,NS,14,51,65,|,2
SE 50th & Clinton,7653,S,NS,39,30,69,|,7
SE 50th & Division,7654,N,NS,106,46,152,|,23
SE 50th & Division,7655,S,NS,58,92,150,|,16
SE 50th & Haig,7656,N,NS,92,49,141,|,19
SE 50th & Hawthorne,7658,N,NS,58,23,81,|,2
SE 50th & Lincoln,7659,N,NS,53,7,60,|,6
SE 50th & Lincoln,7660,S,NS,12,41,53,|,4
SE 50th & Tibbetts,7665,N,NS,21,8,29,|,1
SE 50th & Kelly,7666,S,FS,2,18,20,|,1
