"",,,,,,,,Monthly
Stop Location,Location ID,Direction,Position,Ons,Offs,Total,,Lifts
NE Fremont & 48th,1882,E,NS,5,7,12,|,1
NE Fremont & 48th,1883,W,FS,7,6,13,|,1
NE Fremont & 51st,1887,W,FS,4,3,7,|,0
NE Fremont & 54th,1888,E,NS,1,3,4,|,0
NE Fremont & 54th,1889,W,OP,7,1,8,|,0
NE Fremont & 57th,1890,E,FS,6,20,26,|,4
NE Fremont & 57th,1891,W,FS,19,6,25,|,6
NE Fremont & 61st,1893,W,NS,5,4,9,|,0
NE Fremont & 61st,1894,E,NS,5,4,9,|,0
NE Fremont & 64th,1895,E,NS,3,6,9,|,0
NE Fremont & 64th,1896,W,FS,5,3,8,|,0
NE Fremont & 67th,1898,W,NS,5,2,7,|,0
NE Fremont & 7th,1899,W,NS,4,7,11,|,1
NE Fremont & 7th,1900,E,FS,10,4,14,|,1
NE Fremont & 69th,1902,W,NS,7,6,13,|,16
NE Fremont & 71st,1903,W,NS,9,8,17,|,4
NE Fremont & 74th,1904,E,NS,4,6,10,|,1
NE Fremont & 74th,1905,W,NS,5,4,9,|,3
NE Fremont & 77th,1906,E,NS,1,5,6,|,0
NE Fremont & 77th,1907,W,NS,6,1,7,|,0
NE Fremont & 80th,1908,E,NS,1,9,10,|,1
NE Fremont & 80th,1909,W,NS,3,1,4,|,1
NE Fremont & 82nd,1910,W,FS,28,12,40,|,9
NE Fremont & 82nd,1911,E,FS,11,23,34,|,3
NE Fremont & 85th,1912,E,OP,2,2,4,|,2
NE Fremont & 85th,1913,W,FS,3,4,7,|,3
NE Fremont & 88th,1916,W,NS,9,4,13,|,1
NE Fremont & 89th,1917,E,NS,13,9,22,|,0
NE Fremont Ct & 145th,1919,E,NS,4,3,7,|,45
4300 Block NW Front,1921,W,AT,0,7,7,|,0
4800 Block NW Front,1922,W,AT,1,4,5,|,0
4500 Block NW Front,1924,W,AT,0,2,2,|,0
4700 Block NW Front,1925,W,AT,1,7,8,|,0
SW Naito Parkway & Harrison,1926,N,NS,1,104,105,|,1
SW Naito Parkway & Harrison,1927,S,NS,65,2,67,|,8
SW Naito Parkway & Hooker,1929,S,AT,22,15,37,|,2
SW Naito Parkway & Hooker,1930,N,AT,16,68,84,|,3
3700 Block NW Front,1931,W,AT,2,18,20,|,0
SE Fuller & Sunnyside Dr,1934,N,NS,2,4,6,|,1
11900 Block SE Fuller (La Salle),1935,N,OP,5,1,6,|,0
11900 Block SE Fuller (La Salle),1936,S,AT,6,4,10,|,0
SE Fuller & Southgate,1939,N,NS,2,2,4,|,0
SE Fuller & Southgate,1940,S,FS,3,2,5,|,0
SW Gaines & 11th,1945,W,NS,44,48,92,|,6
SW Gaines & 6th,1947,W,OP,22,46,68,|,6
SW Gaines & 9th,1949,W,OP,42,73,115,|,0
SW Garden Home & Multnomah,1951,W,NS,2,6,8,|,0
