"",,,,,,,,Monthly
Stop Location,Location ID,Direction,Position,Ons,Offs,Total,,Lifts
SW Scholls Ferry & Crestwood,5168,N,OP,2,0,2,|,0
SW Scholls Ferry & Crystal,5169,S,NS,1,4,5,|,0
SW Scholls Ferry & Crystal,5170,N,OP,5,3,8,|,1
SW Scholls Ferry & Merry,5171,S,OP,3,17,20,|,3
SW Scholls Ferry & Dogwood Lane,5172,W,NS,0,0,0,|,0
SW Scholls Ferry & Eagle,5173,N,FS,3,1,4,|,25
SW Scholls Ferry & Heather,5175,N,FS,26,9,35,|,1
SW Scholls Ferry & Heather,5176,S,FS,9,22,31,|,0
SW Scholls Ferry & Marjorie,5180,S,NS,2,13,15,|,0
SW Scholls Ferry & Marjorie,5181,N,OP,12,4,16,|,1
SW Scholls Ferry & Merry,5182,N,NS,21,6,27,|,1
SW Scholls Ferry & BH Hwy,5184,W,FS,20,54,74,|,10
SW Scholls Ferry & Montclair,5185,E,NS,2,2,4,|,0
SW Scholls Ferry & Stephen Lane,5186,E,NS,10,7,17,|,1
SW Scholls Ferry & Nicol,5187,E,FS,15,6,21,|,1
SW Scholls Ferry & Nicol,5188,W,OP,4,15,19,|,0
SW Scholls Ferry & Nimbus,5189,W,FS,25,24,49,|,19
SW Scholls Ferry & Nimbus,5190,E,FS,24,31,55,|,22
5200 Block SW Scholls Ferry,5192,W,AT,2,2,4,|,0
5100 Block SW Scholls Ferry,5193,E,AT,32,20,52,|,3
4400 Block SW Scholls Ferry,5194,N,OP,1,0,1,|,0
SW Scholls Ferry & Seymour,5195,S,OP,0,0,0,|,0
SW Scholls Ferry & Seymour,5196,N,FS,1,0,1,|,0
SW Scholls Ferry & Springwood,5197,E,FS,15,6,21,|,0
6800 Block SW Scholls Ferry,5198,S,AT,0,0,0,|,0
4400 Block SW Scholls Ferry,5199,S,AT,0,0,0,|,0
SW Scholls Ferry & 86th,5200,S,OP,0,1,1,|,0
SW Scholls Ferry & 86th,5201,N,FS,1,0,1,|,0
SW Scholls Ferry & 88th,5202,W,OP,0,2,2,|,0
SW Scholls Ferry & 88th,5203,E,FS,1,0,1,|,0
SW Scholls Ferry & 90th,5204,E,NS,14,2,16,|,0
SW Scholls Ferry & 90th,5205,W,OP,1,11,12,|,0
SW Scholls Ferry & 92nd,5206,E,FS,8,1,9,|,0
SW Scholls Ferry & 92nd,5207,W,FS,3,26,29,|,0
SW Shattuck & 60th,5221,N,NS,6,6,12,|,0
SW Shattuck & 63rd,5222,E,FS,0,0,0,|,0
NE Shaver & 135th,5223,E,OP,4,11,15,|,6
NE Shaver & 102nd,5225,W,NS,3,2,5,|,0
NE Shaver & 105th,5226,E,NS,2,9,11,|,5
NE Shaver & 105th,5227,W,NS,9,1,10,|,0
NE Shaver & 109th,5228,E,NS,1,12,13,|,11
NE Shaver & 109th,5229,W,NS,12,2,14,|,11
NE Shaver & 112th,5230,E,NS,1,5,6,|,2
NE Shaver & 112th,5231,W,NS,5,1,6,|,1
NE Shaver & 114th,5232,E,NS,0,7,7,|,0
NE Shaver & 122nd,5234,E,NS,14,11,25,|,9
NE Shaver & 122nd,5235,W,NS,13,13,26,|,10
