"",,,,,,,,Monthly
Stop Location,Location ID,Direction,Position,Ons,Offs,Total,,Lifts
SE Stark & 205th Pl,5481,W,FS,21,13,34,|,25
SE Stark & 212th,5484,W,OP,8,5,13,|,2
SE Stark & 217th,5487,E,NS,12,22,34,|,6
SE Stark & 217th,5488,W,OP,29,14,43,|,4
SE Stark & 220th,5489,E,OP,6,16,22,|,1
SE Stark & 223rd,5491,E,FS,58,66,124,|,30
SE Stark & 223rd,5492,W,FS,54,65,119,|,35
SE Stark & NE Cleveland,5493,W,FS,15,7,22,|,5
SE Stark & NE Cleveland,5494,E,NS,6,14,20,|,3
SE Stark & NE 242nd,5495,E,FS,39,94,133,|,35
SE Stark & 80th,5498,W,NS,48,9,57,|,4
SE Stark & 82nd,5499,W,FS,134,77,211,|,49
SE Stark & 88th,5502,W,NS,18,3,21,|,1
SE Stark & 90th,5503,W,NS,31,6,37,|,3
N State & B Ave,5505,N,FS,16,1,17,|,1
N State & B Ave,5506,S,NS,1,33,34,|,0
N State & D Ave,5507,S,FS,2,10,12,|,0
N State & E Ave,5508,N,OP,5,0,5,|,1
N State & Foothills,5509,N,FS,41,7,48,|,0
N State & Foothills,5510,S,OP,5,22,27,|,0
S State & Middlecrest,5511,S,NS,6,25,31,|,0
S State & North Shore,5512,N,OP,16,7,23,|,2
N State & North Shore,5513,S,NS,7,8,15,|,3
S State & Wilbur,5514,N,NS,22,6,28,|,1
SE Steele & 30th,5515,E,OP,9,15,24,|,0
SE Steele & 30th,5516,W,FS,16,7,23,|,0
SE Steele & 28th,5517,W,NS,22,10,32,|,1
SE Steele & 32nd,5518,W,NS,16,5,21,|,0
SE Steele & 33rd,5519,E,OP,5,19,24,|,0
SE Steele & 35th,5520,E,NS,1,8,9,|,0
SE Steele & 34th,5521,W,NS,13,4,17,|,0
SE Steele & 36th Pl,5522,E,OP,1,4,5,|,0
SE Steele & 36th Pl,5523,W,FS,11,1,12,|,0
SE Steele & Cesar Chavez Blvd,5524,E,NS,13,51,64,|,1
SE Steele & Cesar Chavez Blvd,5525,W,NS,30,17,47,|,1
SE Steele & 41st,5526,E,NS,2,16,18,|,0
SE Steele & 41st,5527,W,NS,14,3,17,|,0
SE Steele & 44th,5529,E,NS,3,20,23,|,0
SE Steele & 44th,5530,W,NS,17,2,19,|,0
SE Steele & 47th,5531,E,FS,5,20,25,|,5
SE Steele & 50th,5532,E,NS,3,16,19,|,0
SE Steele & 50th,5533,W,FS,12,1,13,|,3
SE Steele & 52nd,5534,E,NS,12,50,62,|,2
SE Steele & 52nd,5535,W,FS,26,4,30,|,1
1500 Block SW Sunset Blvd,5552,N,AT,0,0,0,|,0
SW Sunset Blvd & Boundary,5553,N,NS,0,0,0,|,0
SW Sunset Blvd & Boundary,5554,S,NS,1,0,1,|,0
