"",,,,,,,,Monthly
Stop Location,Location ID,Direction,Position,Ons,Offs,Total,,Lifts
SE 32nd & Furat Ct,13744,S,FS,5,15,20,|,10
12100 N Pavilion,13748,N,NS,108,4,112,|,18
SE Division & 36th,13753,E,FS,30,93,123,|,12
SE River Rd & Torbank,13756,S,NS,2,4,6,|,0
SE Ellis & 89th,13757,W,NS,9,2,11,|,4
SW Langer & Holland,13766,E,NS,19,2,21,|,7
1500 Block SW Sunset Blvd,13767,S,OP,0,0,0,|,0
SW Vermont & 34th,13768,W,FS,3,33,36,|,1
SW Vermont & 34th,13769,E,FS,34,4,38,|,0
SE Tacoma Park & Ride,13770,S,AT,16,57,73,|,4
SE Tacoma Park & Ride,13771,N,AT,48,24,72,|,6
OMSI/SE Water,13772,E,AT,83,34,117,|,23
OMSI/SE Water,13773,W,AT,42,83,125,|,28
SE 122nd & Raymond,13775,S,FS,6,34,40,|,25
SE 21st & Adams,13776,N,NS,10,25,35,|,3
SE Division Pl & 8th,13778,E,NS,18,30,48,|,5
SW Hall & 5th,13780,W,NS,28,316,344,|,42
SE Bybee & Bybee Blvd MAX Station,13781,E,AT,56,9,65,|,21
SE Bybee & Bybee Blvd MAX Station,13782,W,AT,11,51,62,|,12
SE Linwood & King,13783,N,FS,6,6,12,|,0
SE Linwood & King,13784,S,NS,4,6,10,|,2
SE Linwood & Needham Ct,13785,N,NS,2,1,3,|,0
9700 Block SE Linwood,13786,S,AT,1,2,3,|,0
SE Johnson Creek & 58th Dr,13787,W,FS,3,2,5,|,2
SE Johnson Creek & Wichita,13788,E,NS,1,4,5,|,0
SE Johnson Creek & Stanley,13789,W,FS,4,1,5,|,0
SE Johnson Creek & Stanley,13790,E,OP,2,4,6,|,1
SE Milwaukie & Gideon,13791,S,FS,115,85,200,|,14
SE Powell & 12th,13792,E,NS,232,184,416,|,92
3700 Block SW Huber,13794,E,AT,1,0,1,|,0
SE Webster & Dolinda,13801,S,NS,2,4,6,|,0
4900 Block SE Johnson Creek,13805,W,AT,3,1,4,|,0
4900 Block SE Johnson Creek,13806,E,OP,1,2,3,|,0
SE Johnson Creek & 32nd,13807,E,FS,1,1,2,|,3
NE Halsey & Wood Village,13809,W,FS,63,19,82,|,22
SW Kelly & Gibbs,13815,S,FS,15,5,20,|,0
SW Macadam & Sellwood Bridge,13816,S,NS,3,7,10,|,1
SW Macadam & Sellwood Bridge,13817,N,FS,7,4,11,|,0
10400 Block NE 6th Dr,13818,S,OP,1,1,2,|,0
SE 7th & Tilikum Way,13825,N,NS,23,24,47,|,5
SW Tualatin-Sherwood Rd & 90th,13827,W,NS,3,0,3,|,1
SW Tualatin-Sherwood Rd & 95th,13828,W,NS,0,3,3,|,0
SW Tualatin-Sherwood Rd & Teton,13829,W,NS,1,5,6,|,0
SW Tualatin-Sherwood Rd & 112th,13830,W,NS,1,3,4,|,0
SW Tualatin-Sherwood Rd & 115th,13831,W,NS,0,8,8,|,0
SW Tualatin-Sherwood Rd & Cipole,13833,W,NS,0,2,2,|,0
SW Tualatin-Sherwood Rd & Oregon St,13834,W,OP,0,4,4,|,0
