"",,,,,,,,Monthly
Stop Location,Location ID,Direction,Position,Ons,Offs,Total,,Lifts
SE 26th & Rhone,7230,S,OP,8,9,17,|,1
SE 26th & Rhone,7231,N,NS,11,6,17,|,1
SE 26th & Tibbetts,7232,N,NS,11,2,13,|,0
SE 26th & Woodward,7233,S,NS,20,6,26,|,0
SE 26th & Woodward,7234,N,NS,8,2,10,|,0
NE 27th & Ainsworth,7235,N,NS,0,42,42,|,26
NE 27th & Ainsworth,7236,S,NS,47,1,48,|,25
NE 27th & Alberta,7237,S,FS,75,21,96,|,6
NE 27th & Alberta,7238,N,NS,7,78,85,|,9
NE 27th & Dekum,7240,N,NS,0,23,23,|,2
NE 27th & Highland,7245,S,NS,17,0,17,|,3
NE 27th & Holman,7246,N,NS,0,33,33,|,4
NE 27th & Holman,7247,S,NS,45,1,46,|,3
NE 27th & Jarrett,7248,N,NS,1,20,21,|,10
NE 27th & Jarrett,7249,S,NS,17,1,18,|,0
NE 27th & Killingsworth,7250,N,NS,2,30,32,|,4
NE 27th & Killingsworth,7251,S,NS,43,3,46,|,2
NE 27th & Prescott,7256,N,NS,2,22,24,|,1
NE 27th & Prescott,7257,S,NS,23,2,25,|,0
NE 27th & Sumner,7260,N,NS,1,28,29,|,5
NE 27th & Sumner,7261,S,NS,44,2,46,|,1
NE 27th & Wygant,7266,S,FS,16,0,16,|,0
NE 27th & Wygant,7267,N,NS,0,18,18,|,0
SE 28th & Bybee,7270,N,NS,2,1,3,|,0
SE 28th & Gladstone,7277,N,NS,27,6,33,|,0
SE 28th & Holgate,7281,S,FS,13,26,39,|,1
SE 28th & Holgate,7282,N,NS,31,20,51,|,4
SE 28th & Martins,7286,N,NS,1,2,3,|,1
SE 28th & Raymond,7288,S,NS,8,23,31,|,1
SE 28th & Raymond,7289,N,OP,37,7,44,|,2
28th & Rex,7290,S,NS,1,5,6,|,0
SE 28th & Steele,7293,S,NS,14,22,36,|,1
SE 28th & Tolman,7294,N,NS,0,2,2,|,0
SE 28th & Tolman,7295,S,NS,2,0,2,|,0
SE 282nd & Chase,7297,N,NS,0,1,1,|,0
SE 282nd & Chase,7298,S,NS,3,1,4,|,0
SE 282nd & Orient,7303,S,NS,1,0,1,|,0
NE 29th & Alameda,7306,N,NS,1,17,18,|,0
NE 29th & Alameda,7307,S,NS,11,1,12,|,0
NE 29th & Bryce,7309,N,NS,0,23,23,|,0
NE 29th & Bryce,7310,S,NS,21,1,22,|,0
NW 29th & Industrial,7311,N,NS,1,18,19,|,1
NW 29th & Industrial,7313,S,NS,34,1,35,|,1
NW 29th & Nela,7314,N,NS,2,11,13,|,0
NW 29th & Nela,7315,S,OP,15,2,17,|,0
NW 29th & Nicolai,7316,S,NS,12,0,12,|,0
NE 29th & Skidmore,7317,N,NS,0,30,30,|,6
