"",,,,,,,,Monthly
Stop Location,Location ID,Direction,Position,Ons,Offs,Total,,Lifts
NW Bethany & Oak Hills Dr,10086,N,NS,4,8,12,|,0
NW Bethany & Telshire Terrace,10087,N,NS,0,2,2,|,0
NW Bethany & Ridgetop Lane,10088,N,NS,1,1,2,|,0
NW Bethany & West Union,10089,N,FS,2,6,8,|,1
NW Bethany & Saint Andrews,10090,N,FS,1,3,4,|,0
NW Bethany & Mitchell,10091,N,NS,1,3,4,|,0
4700 Block NW Bethany,10092,N,AT,7,44,51,|,6
NW Bethany & Laidlaw,10093,N,NS,6,21,27,|,6
NW Bethany & Kaiser Rd,10094,N,NS,6,8,14,|,1
Pier Park,10095,E,AT,108,96,204,|,30
NW Springville & Kaiser Rd,10098,E,NS,8,4,12,|,0
NW Springville & Oats Terrace,10099,E,NS,8,3,11,|,0
NW Springville & Sickle Terrace,10100,E,NS,5,0,5,|,0
NW Springville & 165th Terrace,10101,E,OP,7,1,8,|,0
NW Springville & Samuel Drive,10102,E,NS,0,0,0,|,0
NW Springville & 173rd,10103,E,NS,6,1,7,|,0
NW Kaiser & Westbrook,10104,S,NS,6,2,8,|,0
NW Kaiser & Graf St,10105,S,NS,10,2,12,|,2
NW Bethany & Wismer,10106,S,FS,7,5,12,|,1
NW Bethany & Laidlaw,10107,S,NS,49,18,67,|,7
4700 Block NW Bethany,10108,S,OP,29,4,33,|,3
NW Bethany & Claremont Dr,10109,S,NS,5,1,6,|,0
NW Bethany & Saint Andrews,10110,S,NS,2,1,3,|,0
NW Bethany & West Union,10111,S,NS,7,3,10,|,1
NW Bethany & Ridgetop Lane,10112,S,FS,3,1,4,|,0
NW Bethany & Telshire Terrace,10113,S,FS,1,0,1,|,0
NW Bethany & Oak Hills Dr,10114,S,FS,10,4,14,|,0
NW Bethany & Cornell,10115,S,NS,14,14,28,|,4
Goose Hollow/SW Jefferson St MAX Station,10117,W,AT,920,445,"1,365",|,0
Goose Hollow/SW Jefferson St MAX Station,10118,E,AT,431,"1,320","1,751",|,0
Washington Park MAX Station,10120,E,AT,477,251,728,|,0
Washington Park MAX Station,10121,W,AT,207,626,833,|,0
20700 Block NE Halsey,10125,E,OP,4,15,19,|,1
SW Baseline & Main,10129,W,FS,15,28,43,|,10
SW Murray & Nike,10132,N,OP,6,9,15,|,0
SW Murray & Nike,10133,S,NS,8,5,13,|,0
SE Sunnyside & 122nd,10135,W,NS,24,6,30,|,5
SE Sunnyside & 128th,10136,E,FS,1,4,5,|,0
SE Sunnyside & 128th,10137,W,FS,4,1,5,|,0
SE Sunnyside & 132nd,10138,E,FS,3,14,17,|,5
SE Sunnyside & 132nd,10139,W,NS,11,1,12,|,2
SE Sunnyside & 139th,10140,E,FS,1,7,8,|,3
SE Sunnyside & 140th,10141,W,FS,3,0,3,|,1
SE Sunnyside & 142nd,10142,E,FS,1,11,12,|,5
SE Sunnyside & 142nd,10143,W,NS,12,1,13,|,1
14600 Block SE 147th,10146,S,AT,3,3,6,|,1
SE Oregon Trail Dr & Hines,10148,E,NS,5,4,9,|,7
