"",,,,,,,,Monthly
Stop Location,Location ID,Direction,Position,Ons,Offs,Total,,Lifts
SW 51st & Custer,7667,N,NS,3,3,6,|,0
SW 51st & Moss,7668,N,NS,0,0,0,|,6
SE 52nd & Boise,7669,N,NS,11,4,15,|,2
SE 52nd & Clinton,7672,N,FS,15,4,19,|,0
SE 52nd & Clinton,7673,S,FS,28,10,38,|,1
SE 52nd & Cooper,7675,N,FS,14,3,17,|,4
SE 52nd & Cooper,7676,S,NS,5,13,18,|,3
SE 52nd & Division,7678,N,NS,41,54,95,|,22
SE 52nd & Division,7679,S,FS,72,45,117,|,11
SE 52nd & Duke,7680,N,NS,13,3,16,|,2
SE 52nd & Duke,7682,S,NS,4,12,16,|,1
SE 52nd & Foster,7683,N,NS,19,52,71,|,11
SE 52nd & Bush,7684,S,FS,49,33,82,|,15
SE 52nd & Franklin,7685,N,FS,13,2,15,|,0
SE 52nd & Franklin,7687,S,FS,6,15,21,|,0
SE 52nd & Gladstone,7688,S,NS,8,15,23,|,13
SE 52nd & Harold,7690,N,NS,13,22,35,|,0
SE 52nd & Harold,7691,S,NS,8,7,15,|,0
SE 52nd & Holgate,7692,N,NS,42,51,93,|,7
SE 52nd & Holgate,7693,S,NS,50,48,98,|,20
SE 52nd & Lincoln,7695,N,NS,21,6,27,|,0
SE 52nd & Lincoln,7696,S,FS,12,18,30,|,3
SW 52nd & Maplewood School,7698,N,AT,4,3,7,|,0
SW 52nd & Nevada Ct,7700,N,NS,4,1,5,|,0
SE 52nd & Ogden,7702,N,NS,17,5,22,|,1
SE 52nd & Ogden,7703,S,FS,6,20,26,|,3
SE 52nd & Powell,7704,N,NS,73,95,168,|,23
SE 52nd & Powell,7706,S,FS,90,69,159,|,24
SE 52nd & Reedway,7708,N,NS,6,4,10,|,1
SE 52nd & Reedway,7709,S,NS,2,6,8,|,0
SE 52nd & Schiller,7711,S,OP,4,9,13,|,1
SE 52nd & Schiller,7713,N,NS,11,3,14,|,0
SE 52nd & Steele,7714,N,NS,19,11,30,|,1
SE 52nd & Steele,7716,S,FS,30,30,60,|,1
SE 52nd & Carlton,7718,S,NS,80,90,170,|,42
SE 52nd & Tolman,7719,N,NS,66,49,115,|,20
SE 52nd & Woodstock,7721,N,FS,55,31,86,|,17
SE 52nd & Taggart Ct,7722,N,NS,78,89,167,|,4
SE 52nd & Woodward,7723,S,FS,73,75,148,|,3
SW 55th & Texas,7728,N,NS,3,1,4,|,0
SW 55th & Vermont,7729,N,NS,2,0,2,|,0
NE 57th & Fremont,7732,N,NS,7,26,33,|,6
NE 57th & Fremont,7733,S,FS,26,10,36,|,5
NE 57th & Hancock,7734,N,NS,3,8,11,|,1
NE 57th & Hancock,7735,S,NS,14,3,17,|,0
NE 57th & Sandy,7737,N,FS,37,56,93,|,42
NE 57th & Sandy,7738,S,NS,49,39,88,|,29
