"",,,,,,,,Monthly
Stop Location,Location ID,Direction,Position,Ons,Offs,Total,,Lifts
10600 Block NE Prescott,4725,E,AT,10,5,15,|,0
10700 Block NE Prescott,4726,W,OP,8,7,15,|,1
NE Prescott & 102nd,4730,W,FS,18,38,56,|,6
NE Prescott & 105th,4731,E,NS,32,13,45,|,1
NE Prescott & 105th,4732,W,NS,13,33,46,|,2
NE Prescott & 110th,4733,E,NS,10,5,15,|,4
NE Prescott & 110th,4734,W,OP,7,7,14,|,2
NE Prescott & 112th,4735,E,NS,13,12,25,|,6
NE Prescott & 112th,4736,W,NS,10,19,29,|,3
NE Prescott & 115th,4737,E,FS,12,4,16,|,6
NE Prescott & 115th,4738,W,NS,8,13,21,|,10
NE Prescott & 118th,4739,E,OP,7,5,12,|,2
NE Prescott & 118th,4740,W,NS,6,10,16,|,2
NE Prescott & 121st Pl,4741,E,NS,19,7,26,|,2
NE Prescott & 64th,4744,E,NS,5,10,15,|,1
NE Prescott & 64th,4745,W,NS,14,7,21,|,0
NE Prescott & 68th,4748,E,NS,13,23,36,|,1
NE Prescott & 68th,4749,W,FS,22,11,33,|,1
NE Prescott & 72nd,4752,E,NS,10,21,31,|,12
NE Prescott & 72nd,4753,W,NS,23,7,30,|,17
NE Prescott & 77th,4756,E,NS,2,14,16,|,4
NE Prescott & 77th,4757,W,NS,17,2,19,|,0
NE Prescott & 82nd,4760,E,NS,18,46,64,|,11
NE Prescott & 82nd,4761,W,FS,38,14,52,|,13
NE Prescott & 85th,4762,E,NS,1,2,3,|,1
NE Prescott & 84th,4763,W,FS,4,4,8,|,0
NE Prescott & 88th,4764,E,NS,2,7,9,|,12
NE Prescott & 92nd,4766,E,FS,20,2,22,|,0
NE Prescott & 92nd,4767,W,NS,2,25,27,|,3
NE Prescott & 97th,4769,E,OP,6,1,7,|,0
NE Prescott & 99th,4770,E,NS,5,3,8,|,1
12600 Block NE Prescott Dr,4772,E,OP,1,7,8,|,1
NE Prescott Dr & 125th Pl,4773,W,NS,9,0,9,|,0
NE Prescott Dr & 129th Pl,4774,E,NS,4,10,14,|,1
NE Prescott Dr & 129th Pl,4775,W,OP,9,0,9,|,1
NE Prescott Dr & 131st Pl,4776,E,NS,1,11,12,|,1
NE Prescott Dr & 131st Pl,4777,W,NS,8,0,8,|,3
NE Prescott Dr & 132nd Pl,4778,W,OP,21,1,22,|,1
Railroad & 7th,4784,N,NS,6,10,16,|,1
NW Thurman & 21st,4787,E,NS,14,7,21,|,1
SW Ravensview & Terrace,4799,E,NS,4,0,4,|,0
SW Redondo & Santa Monica,4801,S,OP,0,1,1,|,0
NE Regents & 26th,4811,E,NS,2,4,6,|,0
NE Regents & Ridgewood Dr,4812,W,NS,7,2,9,|,0
SE Rex & 28th,4813,W,NS,5,1,6,|,0
SE Rex & 32nd,4816,E,NS,3,18,21,|,1
N Richmond & Syracuse,4817,N,NS,17,44,61,|,12
