"",,,,,,,,Monthly
Stop Location,Location ID,Direction,Position,Ons,Offs,Total,,Lifts
SW Conestoga & Downing,9182,E,OP,6,0,6,|,0
SW Conestoga & Trapper Terrace,9183,E,FS,5,0,5,|,0
SW Conestoga & Boones Bend,9184,S,NS,10,0,10,|,0
SW Scholls Ferry & Progress Park & Ride,9185,N,OP,27,9,36,|,0
SW Tualatin-Sherwood Rd & Pacific Hwy,9186,S,FS,2,66,68,|,4
SW Tualatin-Sherwood Rd & Baler,9187,E,NS,0,24,24,|,30
SW Langer & Sherwood Plaza,9188,W,OP,2,23,25,|,8
16400 Block SW Langer,9189,S,AT,3,14,17,|,3
16100 Block SW Langer,9190,E,AT,11,1,12,|,1
N Rivergate Blvd & Lombard St,9192,W,FS,11,17,28,|,0
13300 Block N Rivergate,9193,N,OP,0,1,1,|,0
N Rivergate Blvd & Ramsey,9194,N,NS,1,2,3,|,0
13300 Block N Rivergate Blvd,9196,S,AT,0,0,0,|,0
N Lombard & Simmons,9197,N,OP,3,2,5,|,0
7100 Block N Marine,9198,E,AT,2,1,3,|,0
5900 Block N Marine,9199,E,OP,0,1,1,|,0
5700 Block N Marine,9200,E,OP,0,1,1,|,0
5300 Block N Marine,9202,W,AT,0,0,0,|,0
5700 Block N Marine,9203,W,FS,2,0,2,|,0
5900 Block N Marine,9204,W,AT,1,0,1,|,0
7100 Block N Marine,9205,W,OP,0,4,4,|,0
N Lombard & Simmons,9206,S,NS,1,4,5,|,0
SW Tualatin Valley Hwy & 198th,9207,E,FS,55,67,122,|,16
14700 Block SW Teal,9208,W,OP,7,3,10,|,1
NW Walker & 180th,9209,W,FS,0,2,2,|,0
18000 Block NW Walker,9210,E,OP,1,0,1,|,0
SE Main & 100th,9211,W,OP,4,3,7,|,2
NW Cornell & Bronson Creek Pk,9212,W,AT,5,14,19,|,0
NW Cornell & Birch Pointe Apts,9213,E,AT,23,7,30,|,1
NW Cumberland & Culpepper,9214,W,OP,3,4,7,|,0
SW Teal & Nighthawk Dr,9215,S,NS,1,1,2,|,0
Willamette Dr & Lazy River Dr,9216,N,NS,9,3,12,|,0
NE Wasco & 82nd,9217,E,NS,4,28,32,|,9
SE Main & 100th,9218,E,NS,3,5,8,|,4
SE 122nd & Stark,9219,S,FS,134,61,195,|,56
Washington Square Transit Center,9220,S,AT,48,49,97,|,15
SW Palmblad & Hall Blvd,9221,N,NS,4,2,6,|,0
SW Durham & 79th,9224,E,OP,12,5,17,|,0
SW Durham & 79th,9225,W,NS,9,11,20,|,0
SW Hall & Ross,9226,N,FS,9,2,11,|,0
NW Walker & Cambray,9230,E,FS,0,0,0,|,0
NW Walker & 178th,9232,W,NS,0,0,0,|,0
SE Orient Dr & 262nd,9233,E,NS,1,2,3,|,1
SE Orient Dr & 262nd/Barnes/Salquist,9234,W,NS,1,0,1,|,0
NW Cornell & 153rd,9245,W,NS,7,11,18,|,1
SE Division & 61st,9248,W,NS,20,11,31,|,3
SW 158th & Jenkins,9252,S,NS,1,3,4,|,0
