"",,,,,,,,Monthly
Stop Location,Location ID,Direction,Position,Ons,Offs,Total,,Lifts
SE Powell & 122nd,4573,E,FS,169,196,365,|,85
SE Powell & 124th,4575,W,FS,26,93,119,|,35
SE Powell & 127th Pl,4576,W,FS,27,10,37,|,3
SE Powell & 129th,4578,W,NS,42,8,50,|,4
SE Powell & 130th,4580,E,NS,7,47,54,|,4
SE Powell & 132nd,4581,W,OP,50,11,61,|,7
SE Powell & 132nd,4582,E,FS,11,42,53,|,23
SE Powell & 134th,4583,W,NS,128,22,150,|,36
SE Powell & 134th,4584,E,OP,5,24,29,|,10
SE Powell & 136th,4585,E,NS,26,97,123,|,27
SE Powell & 136th,4586,W,NS,17,21,38,|,13
SE Powell & 138th,4587,W,NS,18,8,26,|,7
SE Powell & 138th,4588,E,OP,11,25,36,|,5
SE Powell & 140th,4591,W,NS,22,7,29,|,3
SE Powell & 141st,4592,E,NS,5,18,23,|,1
SE Powell & 143rd,4593,E,NS,5,15,20,|,1
SE Powell & 145th,4595,W,NS,25,11,36,|,3
SE Powell & 145th,4596,E,FS,6,22,28,|,4
SE Powell & 148th,4597,W,FS,54,21,75,|,20
SE Powell & 148th,4598,E,FS,24,60,84,|,17
SE Powell & 151st,4599,E,FS,8,19,27,|,6
SE Powell & 154th,4600,E,FS,5,14,19,|,2
SE Powell & 157th,4602,E,OP,4,13,17,|,23
SE Powell & 157th,4603,W,NS,13,5,18,|,3
SE Powell & 160th,4606,E,FS,12,21,33,|,6
SE Powell & 160th,4607,W,NS,25,12,37,|,11
SE Powell & 164th,4609,W,NS,39,14,53,|,17
SE Powell & Naegeli,4610,E,FS,5,27,32,|,7
SE Powell & 166th,4611,W,NS,25,4,29,|,4
SE Powell & 168th,4612,E,OP,12,44,56,|,8
SE Powell & 168th,4613,W,FS,37,9,46,|,6
SE Powell & 170th,4614,W,NS,45,15,60,|,15
SE Powell & 174th,4615,E,FS,22,56,78,|,29
SE Powell & 174th,4616,W,NS,69,26,95,|,58
W Powell & SW 181st,4617,W,OP,115,64,179,|,58
W Powell & SW Highland,4618,E,FS,111,147,258,|,54
W Powell & Powell Loop,4620,E,FS,6,13,19,|,4
W Powell & Powell Loop,4621,W,FS,14,7,21,|,3
SE Powell & 21st,4622,E,FS,65,95,160,|,18
SE Powell & 21st,4623,W,NS,103,46,149,|,23
SE Powell & 24th,4625,E,OP,23,15,38,|,3
SE Powell & 24th,4626,W,FS,78,20,98,|,5
SE Powell & 26th,4627,E,NS,138,167,305,|,20
SE Powell & 28th,4631,W,NS,213,228,441,|,32
SE Powell Valley & 282nd,4633,E,NS,1,1,2,|,0
E Powell & SE 3rd,4638,N,FS,0,0,0,|,0
E Powell & SE 3rd,4639,S,OP,0,3,3,|,0
