"",,,,,,,,Monthly
Stop Location,Location ID,Direction,Position,Ons,Offs,Total,,Lifts
NE Airport Way & 122nd,9110,E,NS,10,20,30,|,4
NE Airport Way & 138th,9112,E,NS,7,14,21,|,3
SW 18th & Morrison,9122,N,NS,116,68,184,|,33
NW 25th & Lovejoy,9125,N,NS,0,4,4,|,0
NW Cornell & Marshall,9126,N,AT,0,1,1,|,0
NW Cornell & Summit Ct,9127,N,OP,1,1,2,|,0
NW Cornell & Westover,9129,S,NS,1,2,3,|,0
NW Cumberland & Fairfax,9130,S,FS,1,1,2,|,0
NW Cumberland & Shenandoah,9131,W,NS,2,1,3,|,0
NW Cumberland & Ariel,9132,W,FS,0,0,0,|,0
NW Powhatan & Greenbrier Terr,9133,S,FS,0,1,1,|,0
NW Macleay & Hermosa,9135,E,FS,2,3,5,|,0
NW Macleay & Lomita Terrace,9136,E,NS,1,0,1,|,0
NW Macleay & Beuhla Vista,9137,S,NS,0,1,1,|,0
NW Macleay & W Burnside,9139,S,NS,0,0,0,|,0
SW Walker & 158th,9145,W,FS,1,2,3,|,0
SW Walker & Schendel,9146,W,NS,6,3,9,|,0
NW Walker & 167th,9147,W,NS,0,0,0,|,0
NW Walker & 173rd,9148,W,NS,0,0,0,|,0
NW Walker & 185th,9150,E,FS,3,1,4,|,0
NW Walker & 173rd,9151,E,NS,0,0,0,|,0
SW Walker & Schendel,9152,E,NS,4,3,7,|,0
NW Walker & SW 167th,9153,E,FS,0,0,0,|,0
NW Cedar Hills & Leahy,9158,N,FS,1,5,6,|,0
SW Conestoga & Boones Bend,9159,N,OP,0,7,7,|,0
SW Conestoga & Welch,9160,W,NS,0,4,4,|,0
SW Conestoga & Downing,9161,W,NS,0,10,10,|,0
SW Conestoga & 125th,9162,W,NS,0,11,11,|,0
SW 125th & Longhorn,9163,N,FS,1,7,8,|,1
SW 125th & Footpath,9164,N,AT,1,3,4,|,0
SW Brockman & Sorrento,9165,W,FS,0,2,2,|,0
SW Brockman & 135th,9166,W,NS,0,8,8,|,0
SW Brockman & Davies,9167,W,NS,0,4,4,|,0
SW Brockman & Pony,9168,W,FS,0,3,3,|,0
SW Scholls Ferry & Progress Park & Ride,9169,S,AT,8,27,35,|,1
SW Teal & 152nd,9170,W,FS,2,2,4,|,0
SW Teal & 155th,9171,S,NS,2,2,4,|,0
SW Teal & Bobwhite Circle,9172,E,NS,1,1,2,|,0
SW Teal & Pintail,9173,S,NS,5,3,8,|,0
SW Scholls Ferry & Teal Blvd,9174,E,FS,18,14,32,|,0
SW Scholls Ferry & 147th,9175,E,FS,6,3,9,|,0
SW Brockman & Davies,9176,E,FS,4,0,4,|,0
SW Brockman & 135th,9177,E,FS,9,0,9,|,0
SW Brockman & Sorrento,9178,E,OP,2,0,2,|,0
SW 125th & Footpath,9179,S,AT,6,0,6,|,0
9600 Block SW 125th,9180,S,AT,8,3,11,|,0
SW Conestoga & 125th,9181,E,FS,16,0,16,|,0
