"",,,,,,,,Monthly
Stop Location,Location ID,Direction,Position,Ons,Offs,Total,,Lifts
SW Garden Home & 40th,1954,E,NS,4,2,6,|,0
SW Garden Home & 42nd,1955,W,OP,1,3,4,|,0
SW Garden Home & 42nd,1956,E,FS,5,0,5,|,0
SW Garden Home & 45th,1957,W,NS,2,11,13,|,0
SW Garden Home & 45th,1958,E,NS,14,3,17,|,0
SW Garden Home & 47th,1959,E,FS,5,0,5,|,0
SW Garden Home & 47th,1960,W,NS,1,5,6,|,0
SW Garden Home & 50th,1961,W,OP,0,8,8,|,0
SW Garden Home & 50th,1962,E,NS,10,0,10,|,0
SW Garden Home & 52nd,1963,W,OP,0,4,4,|,0
SW Garden Home & 54th,1965,W,NS,0,1,1,|,0
SW Garden Home & 54th,1966,E,NS,6,0,6,|,0
SW Garden Home & 56th,1967,W,FS,0,3,3,|,0
SW Garden Home & 56th,1968,E,NS,2,0,2,|,0
SW Garden Home & 57th,1969,W,NS,0,6,6,|,0
SW Garden Home & 57th,1970,E,OP,7,0,7,|,0
SW Garden Home & 61st,1971,W,NS,1,7,8,|,0
SW Garden Home & 61st,1972,E,FS,6,2,8,|,0
SW Garden Home & 62nd Pl,1973,W,NS,1,8,9,|,0
SW Garden Home & 62nd Pl,1974,E,OP,10,1,11,|,0
SW Garden Home & 64th,1975,W,NS,0,1,1,|,0
SW Garden Home & 64th,1976,E,OP,1,0,1,|,0
SW Garden Home & 66th,1977,W,OP,0,2,2,|,0
SW Garden Home & 66th,1978,E,FS,4,0,4,|,0
SW Garden Home & 67th,1979,W,OP,1,1,2,|,0
SW Garden Home & 67th,1980,E,NS,2,1,3,|,0
SW Garden Home & 69th/Multnomah,1981,E,FS,7,1,8,|,3
SW Garden Home & 71st,1982,W,FS,18,48,66,|,1
SW Garden Home & 71st,1983,E,NS,28,11,39,|,1
SE Gladstone & 26th,1990,W,NS,16,6,22,|,0
SE Gladstone & 28th,1991,E,NS,8,20,28,|,0
Glen Echo & SE Mildred,1993,E,OP,2,2,4,|,1
Glen Echo & Mildred,1994,W,FS,1,2,3,|,2
NW Glisan & Broadway,1997,W,FS,88,46,134,|,50
NE Glisan & Floral,2000,W,FS,19,2,21,|,1
NE Glisan & Laddington,2001,E,NS,1,7,8,|,1
NE Glisan & Laddington,2002,W,NS,7,2,9,|,1
NE Glisan & Laurelhurst,2003,E,NS,2,16,18,|,0
12900 Block NE Glisan (Menlo Park ES),2005,E,AT,1,2,3,|,2
4700 Block NE Glisan,2009,W,OP,78,51,129,|,113
NE Glisan & 122nd,2010,E,FS,6,4,10,|,1
NW Glisan & 10th,2011,W,NS,30,69,99,|,30
NE Glisan & 102nd,2015,E,FS,4,1,5,|,3
NE Glisan & 102nd,2016,W,NS,1,4,5,|,2
NE Glisan & 104th,2017,W,NS,1,2,3,|,1
NE Glisan & 105th,2018,E,NS,1,1,2,|,0
NE Glisan & 108th,2020,E,OP,2,1,3,|,0
