"",,,,,,,,Monthly
Stop Location,Location ID,Direction,Position,Ons,Offs,Total,,Lifts
NW Cornell & Dale,1163,E,NS,24,11,35,|,41
13900 Block NW Cornell,1165,W,AT,2,2,4,|,0
14100 Block NW Cornell,1166,E,OP,0,0,0,|,0
14100 Block NW Cornell,1167,W,AT,3,8,11,|,0
NW Cornell & Barnes,1171,E,NS,13,17,30,|,2
NW Cornell & Dale,1172,W,NS,12,12,24,|,7
NW Cornell & Murray,1174,W,FS,33,31,64,|,28
NW Cornell & Saltzman,1182,W,FS,45,49,94,|,18
NW Cornell & Saltzman,1183,E,NS,41,32,73,|,17
NW Cornell & Science Park Dr,1184,W,OP,8,32,40,|,0
13800 Block NW Cornell (Sunset HS),1186,E,AT,2,4,6,|,0
NW Cornell & Trail,1187,W,FS,14,20,34,|,6
NW Cornell & Trail,1188,E,OP,21,11,32,|,9
14600 Block NW Cornell,1189,E,AT,30,14,44,|,0
NW Cornell & Cornell Woods,1190,W,OP,12,19,31,|,0
NW Cornell & 110th,1194,E,FS,1,0,1,|,0
NW Cornell & 110th,1195,W,NS,0,0,0,|,0
NW Cornell & Cedar Hills Blvd,1196,E,NS,6,3,9,|,0
NW Cornell & 113th,1199,W,FS,3,8,11,|,2
NW Cornell & 119th,1200,E,OP,9,3,12,|,0
NW Cornell & 119th,1201,W,NS,6,9,15,|,1
NW Cornell & 123rd,1203,W,FS,3,12,15,|,3
NW Cornell & 143rd,1204,E,OP,31,10,41,|,1
NW Cornell & 153rd,1205,E,FS,9,8,17,|,3
4100 Block SW Council Crest,1207,E,AT,0,1,1,|,0
SW Council Crest & Chehalem,1211,N,FS,1,0,1,|,0
SW Council Crest & Chehalem,1212,E,NS,1,2,3,|,0
SW Council Crest & Chehalem,1213,W,OP,2,0,2,|,0
SW Council Crest & Chehalem (south leg),1214,S,NS,1,0,1,|,0
SW Council Crest & Greenway,1215,E,FS,1,2,3,|,0
SW Council Crest & Tualatin,1217,S,OP,0,1,1,|,0
SW Council Crest & Tualatin,1218,W,NS,2,1,3,|,0
700 Block Country Club,1219,W,AT,0,0,0,|,0
Country Club & Boones Ferry Rd,1220,W,NS,1,2,3,|,0
Country Club & Iron Mtn,1221,W,FS,2,1,3,|,0
Country Club & Iron Mtn,1222,E,NS,0,2,2,|,0
Country Club & Knaus Rd,1223,W,NS,1,1,2,|,0
Country Club & Knaus Rd,1224,E,OP,0,0,0,|,0
2500 Block Country Club,1225,E,AT,12,13,25,|,0
Country Club & Hazel Road,1226,W,FS,15,14,29,|,0
Country Club & Redwood,1227,W,NS,0,0,0,|,0
Country Club & Bridge,1228,E,NS,0,0,0,|,0
Country Club & Sundeleaf,1229,W,OP,1,0,1,|,0
Country Club & Sundeleaf,1230,E,NS,0,3,3,|,0
Country Club & Uplands,1231,W,OP,0,0,0,|,0
Country Club & Uplands,1232,E,NS,0,0,0,|,0
Country Club & Wembley Park,1233,W,OP,0,0,0,|,0
