"",,,,,,,,Monthly
Stop Location,Location ID,Direction,Position,Ons,Offs,Total,,Lifts
SE Lake & Freeman Way,10149,W,FS,4,1,5,|,0
NW Evergreen Pkwy & NE Stucki,10150,N,FS,24,8,32,|,6
NW Cedar Hills & Leahy,10152,S,FS,4,1,5,|,0
NE Century (NW 231st) & Oelrich,10153,S,NS,0,1,1,|,0
NE Century (NW 231st) & Oelrich,10154,N,NS,1,0,1,|,0
NE Century (NW 229th) & Walbridge,10155,N,NS,2,3,5,|,1
SE Tualatin Valley Hwy & 44th,10157,E,OP,25,32,57,|,111
N Lombard & Terminal 5 Access Rd,10162,S,NS,0,1,1,|,0
N Lombard & Terminal 5 Access Rd,10163,N,OP,1,0,1,|,0
NW Springville & PCC Drive,10165,W,NS,0,5,5,|,1
SW Farmington & 185th,10166,E,FS,109,116,225,|,23
SW Columbia & 18th,10168,E,NS,207,206,413,|,13
NW Glencoe & Cody Ct,10169,N,FS,2,1,3,|,0
400 Block SW 257th,10170,N,AT,0,1,1,|,0
400 Block SW 257th,10171,S,OP,2,0,2,|,1
South Shore & Cedar Rd,10175,E,FS,2,2,4,|,21
700 SW Campus Dr at Doernbecher,10176,E,AT,97,11,108,|,3
N Ivanhoe & Leavitt,10177,W,FS,23,1,24,|,4
Tigard Transit Center,10180,S,AT,145,89,234,|,29
NE Alberta & 7th,10184,W,NS,12,24,36,|,29
22600 Block SE Hwy 224,10185,W,OP,0,0,0,|,0
22600 Block SE Hwy 224,10186,E,AT,0,1,1,|,0
SE 28th & Carlton,10189,S,OP,2,1,3,|,1
SE Tualatin Valley Hwy & 30th,10190,W,NS,6,13,19,|,7
NE Cornell & Elam Young East,10192,W,OP,4,4,8,|,1
NE Cornell & Brookwood Pkwy,10193,E,NS,1,2,3,|,4
17600 Block NE Sandy,10194,W,AT,25,6,31,|,1
SE Foster & 63rd,10196,E,FS,8,43,51,|,4
NE Cornell & Brookwood Pkwy,10197,W,NS,1,1,2,|,3
2200 Block NE Griffin Oaks,10198,W,OP,2,2,4,|,0
SE Sunnyside & 122nd,10203,E,FS,6,25,31,|,9
SE Mather & Cedar Park Dr,10204,W,NS,2,0,2,|,0
10500 Block SE Mather,10205,E,OP,1,4,5,|,14
SE Mather & Bliss,10206,E,FS,0,1,1,|,0
SE Mather & 116th Ct,10208,E,NS,0,2,2,|,0
SE Mather & 119th Ct,10209,E,OP,0,0,0,|,0
SE Mather & 122nd,10210,E,NS,1,3,4,|,0
SW Hart & Forest Drive,10211,E,OP,2,5,7,|,0
SE Sunnyside & Valley View Terr,10214,W,FS,17,3,20,|,2
SE Sunnyside & 119th,10216,W,OP,20,2,22,|,5
SE Oregon Trail Dr & 152nd,10219,E,NS,0,0,0,|,0
SE 152nd & Territory Dr,10221,S,FS,2,0,2,|,0
SE 152nd & Bollam Dr,10222,N,NS,1,2,3,|,0
SE 152nd & Morning Way,10223,S,NS,1,0,1,|,0
SE 152nd & Morning Way,10224,N,OP,0,1,1,|,0
13300 Block SE Hubbard,10225,W,OP,5,0,5,|,0
13300 Block SE Hubbard,10226,E,AT,0,2,2,|,0
