"",,,,,,,,Monthly
Stop Location,Location ID,Direction,Position,Ons,Offs,Total,,Lifts
NE 57th & Siskiyou,7740,N,NS,2,12,14,|,0
NE 57th & Siskiyou,7741,S,NS,9,1,10,|,0
NE 57th & Thompson,7743,N,FS,3,13,16,|,0
NE 57th & Thompson,7744,S,NS,13,2,15,|,1
29900 Block SE Eagle Creek Rd,7745,N,AT,2,0,2,|,0
SW 6th & Alder,7747,N,NS,509,989,"1,498",|,293
SW 6th & Broadway,7749,N,NS,15,64,79,|,17
NE 6th & N Broadway,7750,W,NS,24,1,25,|,1
SW 6th & W Burnside,7751,N,NS,631,757,"1,388",|,281
SW 6th & Clay,7756,N,NS,144,298,442,|,63
NW Broadway & Davis,7759,N,NS,103,90,193,|,60
Union Station/NW 6th & Hoyt MAX Stn,7763,N,AT,977,956,"1,933",|,0
SW 6th & Jefferson,7765,N,NS,217,461,678,|,77
SW 6th & Main,7767,N,NS,293,492,785,|,149
NE 6th & Main,7770,E,NS,1,21,22,|,2
SW 6th & Market,7772,N,NS,417,658,"1,075",|,100
SW 6th & Mill,7773,N,NS,322,582,904,|,149
PSU Urban Center/SW 6th & Montgomery MAX Stn,7774,N,OP,"2,111",584,"2,695",|,0
Pioneer Courthouse/SW 6th Ave MAX Stn,7777,N,NS,"2,257","2,510","4,767",|,0
SW 6th & Oak,7782,N,NS,263,415,678,|,88
SW 6th & Pine MAX Station,7787,N,OP,"1,402",925,"2,327",|,0
SW 6th & Salmon,7789,N,NS,207,593,800,|,68
SW 6th & Sheridan,7793,N,FS,45,45,90,|,21
SW 6th & Sheridan,7794,S,OP,40,54,94,|,19
SW 6th & Harvey Milk (Stark),7797,N,NS,181,296,477,|,78
SW 6th & Taylor,7800,N,NS,270,638,908,|,145
SW 6th & Washington,7803,N,NS,278,427,705,|,59
SW 6th & Yamhill,7807,N,NS,508,881,"1,389",|,182
SE 60th & Belmont,7812,N,FS,41,70,111,|,19
SE 60th & Belmont,7813,S,NS,58,50,108,|,15
SE 60th & E Burnside,7814,S,FS,97,42,139,|,8
SE 60th & E Burnside,7815,N,NS,40,93,133,|,19
NE 60th & Everett,7816,N,OP,3,6,9,|,1
NE 60th & Everett,7817,S,NS,14,2,16,|,1
NE 60th & Glisan,7818,N,NS,18,48,66,|,29
NE 60th & Glisan,7819,S,NS,57,20,77,|,29
NE 60th & Halsey,7820,N,NS,14,36,50,|,22
NE 60th & Hassalo,7821,N,FS,3,6,9,|,0
SE 60th & Hawthorne,7823,N,OP,7,7,14,|,0
SE 60th & Hawthorne,7824,S,NS,7,9,16,|,0
NE 60th & 60th Ave MAX Stn/I-84,7827,N,AT,144,219,363,|,53
NE 60th & 60th Ave MAX Stn/I-84,7828,S,AT,211,151,362,|,53
SE 60th & Salmon,7830,N,NS,3,6,9,|,0
SE 60th & Salmon,7831,S,OP,4,7,11,|,0
SE 60th & Stark,7832,N,NS,9,12,21,|,0
SE 60th & Stark,7833,S,NS,10,10,20,|,0
SE 60th & Stephens,7835,S,OP,3,16,19,|,1
