"",,,,,,,,Monthly
Stop Location,Location ID,Direction,Position,Ons,Offs,Total,,Lifts
SW Taylors Ferry & 10th,5708,W,NS,1,2,3,|,0
SW Taylors Ferry & 11th,5709,W,NS,9,3,12,|,0
SW Taylors Ferry & 11th,5710,E,NS,1,0,1,|,0
SW Taylors Ferry & Taylors Ferry Ct,5711,W,OP,0,1,1,|,0
SW Taylors Ferry & Taylors Ferry Ct,5712,E,FS,1,0,1,|,0
SW Taylors Ferry & 17th,5713,W,FS,0,2,2,|,0
SW Taylors Ferry & 17th,5714,E,OP,1,0,1,|,0
SW Taylors Ferry & 19th,5715,W,FS,0,0,0,|,0
SW Taylors Ferry & 19th,5716,E,OP,1,0,1,|,0
SW Taylors Ferry & 2nd,5717,E,OP,1,0,1,|,0
SW Taylors Ferry & 2nd,5718,W,NS,0,2,2,|,0
SW Taylors Ferry & 23rd Dr,5719,S,FS,0,2,2,|,0
SW Taylors Ferry & 26th,5720,W,NS,1,2,3,|,0
SW Taylors Ferry & 26th,5721,E,FS,1,1,2,|,0
SW Taylors Ferry & 28th,5722,W,FS,0,0,0,|,0
SW Taylors Ferry & 28th,5723,E,OP,0,0,0,|,0
SW Taylors Ferry & 30th,5724,W,FS,0,1,1,|,0
SW Taylors Ferry & 30th,5725,E,OP,1,0,1,|,0
SW Taylors Ferry & 46th,5726,W,FS,1,1,2,|,0
SW Taylors Ferry & 46th,5727,E,OP,0,0,0,|,0
SW Taylors Ferry & 48th,5728,W,NS,0,0,0,|,0
SW Taylors Ferry & 48th,5729,E,NS,1,1,2,|,0
SW Taylors Ferry & 49th,5730,W,NS,2,2,4,|,0
SW Taylors Ferry & 52nd,5732,W,FS,0,2,2,|,1
SW Taylors Ferry & 52nd,5733,E,FS,1,0,1,|,0
SW Taylors Ferry & 53rd,5734,W,FS,0,1,1,|,0
SW Taylors Ferry & 53rd,5735,E,FS,1,0,1,|,0
SW Taylors Ferry & 55th,5736,W,NS,0,3,3,|,0
SW Taylors Ferry & 55th,5737,E,FS,3,1,4,|,0
SW Taylors Ferry & 57th,5738,W,OP,0,1,1,|,0
SW Taylors Ferry & 57th,5739,E,NS,1,0,1,|,0
SW Taylors Ferry & 60th,5740,W,OP,0,2,2,|,0
SW Taylors Ferry & 60th,5741,E,NS,3,0,3,|,0
SW Taylors Ferry & 62nd,5742,E,FS,5,0,5,|,0
SW Taylors Ferry & 62nd,5743,W,NS,0,7,7,|,0
SW Taylors Ferry & 65th,5745,E,FS,0,0,0,|,0
SW Taylors Ferry & 66th,5746,E,FS,0,0,0,|,0
SW Taylors Ferry & 69th,5747,W,OP,1,2,3,|,0
SW Taylors Ferry & 69th,5748,E,FS,2,1,3,|,1
SW Taylors Ferry & 7th,5749,W,NS,13,15,28,|,0
SW Taylors Ferry & 74th,5752,E,FS,1,0,1,|,0
SW Taylors Ferry & 80th,5754,W,NS,0,2,2,|,0
SW Terwilliger & Maplecrest,5779,E,NS,1,9,10,|,0
SW Terwilliger & Alice,5780,S,FS,0,3,3,|,0
SW Terwilliger & Alice,5781,N,OP,3,0,3,|,0
SW Terwilliger & Bancroft,5782,S,AT,0,0,0,|,0
SW Terwilliger & Bancroft Terrace,5783,W,FS,0,0,0,|,0
