"",,,,,,,,Monthly
Stop Location,Location ID,Direction,Position,Ons,Offs,Total,,Lifts
SW Harbor & Montgomery,11002,N,NS,1,17,18,|,0
SW Tualatin Valley Hwy & 153rd,11003,W,NS,4,5,9,|,0
SE 103rd Dr & Washington,11005,N,NS,31,40,71,|,41
N Marine & Portland Rd,11006,W,FS,1,1,2,|,0
N Fessenden & Seneca,11007,E,FS,70,22,92,|,13
NE Columbia Blvd & 52nd (NAYA),11009,W,OP,29,31,60,|,6
SW Terwilliger & Campus,11010,S,NS,4,192,196,|,4
SW Barnes & 117th,11012,W,OP,1,5,6,|,1
NE Airport Way & Riverside,11014,E,NS,13,12,25,|,3
NE Airport Way & Riverside,11015,W,NS,2,19,21,|,2
NW St Helens & Riverview Drive,11016,N,OP,0,1,1,|,0
NW Glencoe & Cody Ct,11024,S,FS,1,1,2,|,0
10500 Block SE Cherry Blossom,11026,E,AT,10,17,27,|,11
SE 106th & Cherry Blossom,11027,N,NS,37,44,81,|,46
SE Harold & 133rd,11029,E,NS,1,5,6,|,1
SW Pacific Hwy & Garrett,11030,E,FS,24,8,32,|,1
SW Barbur & 22nd,11031,E,FS,18,7,25,|,1
W Burnside & NW 12th,11032,W,FS,105,153,258,|,85
SE Stark & 155th Pl,11071,W,NS,22,7,29,|,4
NE Sandy & 158th,11072,W,NS,38,35,73,|,6
SE 181st Ave & 180th Ave,11073,S,FS,19,20,39,|,12
Washington & 14th,11111,S,NS,3,7,10,|,2
SW Rose Garden Way & Sherwood,11151,S,NS,5,5,10,|,0
NE Sunderland & 33rd Dr,11171,S,FS,0,5,5,|,1
SW Bertha & Barbur,11211,E,NS,15,10,25,|,1
NE 181st & Wilkes,11231,S,OP,6,3,9,|,6
SE 82nd & Sunnybrook,11251,N,FS,10,19,29,|,9
SW Barbur & 13th,11271,N,OP,32,28,60,|,4
SW Palatine Hill & Lewis & Clark Gate 3,11311,N,FS,15,0,15,|,0
SW Palatine Hill & Lewis & Clark Gate 6,11312,W,NS,0,6,6,|,0
NE Sandy & Cesar Chavez Blvd,11313,W,NS,109,38,147,|,34
2nd & Tumwater,11331,E,NS,2,7,9,|,1
SE 106th & Cherry Blossom,11411,S,FS,46,29,75,|,46
10000 Block SE Stevens Rd,11453,S,OP,1,13,14,|,3
10100 Block SE Stevens Rd,11454,N,AT,10,7,17,|,4
NE Alberta & 21st,11471,E,NS,40,46,86,|,8
NE Alberta & 21st,11472,W,NS,49,51,100,|,12
1400 Block Molalla,11473,N,OP,10,2,12,|,1
Beavercreek & Fir St,11475,E,FS,1,5,6,|,0
NE Alberta & 7th,11478,E,NS,19,16,35,|,4
NW St Helens & Marina Way,11479,S,OP,0,0,0,|,0
N Williams & NE Weidler,11480,N,NS,36,52,88,|,19
500 Block Molalla,11481,S,AT,4,5,9,|,0
500 Block Molalla,11482,N,OP,4,3,7,|,1
SE Grand & Taylor,11483,N,NS,68,23,91,|,8
SE Grand & Belmont,11484,N,FS,91,42,133,|,22
SW 6th & Columbia,11486,N,NS,108,287,395,|,38
