"",,,,,,,,Monthly
Stop Location,Location ID,Direction,Position,Ons,Offs,Total,,Lifts
SW Halsey & Halsey Loop,2345,E,FS,1,12,13,|,0
SW Halsey & Halsey Loop,2346,W,FS,14,1,15,|,1
NE Halsey & 176th,2349,W,OP,9,1,10,|,1
12400 Block NE Halsey,2352,W,OP,28,55,83,|,17
NE Halsey & Wasco,2353,E,NS,2,12,14,|,2
NE 102nd & Halsey,2354,N,NS,1,1,2,|,1
10500 Block NE Halsey,2356,E,AT,47,25,72,|,29
NE Halsey & 108th,2357,E,OP,11,21,32,|,21
NE Halsey & 111th,2358,E,NS,12,35,47,|,21
NE Halsey & 114th,2360,E,NS,14,19,33,|,8
NE Halsey & 114th,2361,W,NS,15,6,21,|,5
NE Halsey & 119th,2364,E,OP,4,18,22,|,6
NE Halsey & 119th,2365,W,NS,12,6,18,|,4
NE Halsey & 122nd,2366,E,FS,101,126,227,|,99
NE Halsey & 122nd,2367,W,FS,103,48,151,|,66
NE Halsey & 126th,2368,E,NS,3,10,13,|,4
NE Halsey & 126th,2369,W,NS,7,3,10,|,2
NE Halsey & 128th,2370,E,NS,2,7,9,|,2
NE Halsey & 129th Pl,2373,W,NS,4,1,5,|,0
NE Halsey & 131st Pl,2374,E,NS,6,29,35,|,8
NE Halsey & 132nd,2375,W,NS,34,5,39,|,4
NE Halsey & 136th Pl,2378,E,NS,2,11,13,|,4
NE Halsey & 136th Pl,2379,W,OP,8,3,11,|,3
NE Halsey & 140th,2380,E,OP,0,4,4,|,1
NE Halsey & 141st,2381,W,FS,4,0,4,|,0
NE Halsey & 143rd,2382,W,FS,4,1,5,|,0
NE Halsey & 143rd,2383,E,OP,0,4,4,|,0
NE Halsey & 146th,2384,W,FS,2,1,3,|,0
NE Halsey & 146th,2385,E,OP,0,1,1,|,0
NE Halsey & 148th,2386,W,NS,11,4,15,|,5
NE Halsey & 155th,2389,E,NS,2,16,18,|,1
NE Halsey & 155th,2390,W,NS,16,2,18,|,0
NE Halsey & 157th,2391,E,NS,1,4,5,|,0
NE Halsey & 157th,2392,W,NS,6,1,7,|,1
NE Halsey & 160th,2393,E,FS,4,14,18,|,2
NE Halsey & 162nd,2395,W,NS,67,21,88,|,6
NE Halsey & 162nd,2396,E,NS,20,51,71,|,6
NE Halsey & 168th Pl,2397,E,NS,3,17,20,|,2
NE Halsey & 169th,2398,W,NS,21,3,24,|,2
NE Halsey & 172nd,2399,W,OP,41,12,53,|,5
NE Halsey & 172nd,2400,E,FS,12,42,54,|,7
NE Halsey & 181st,2401,E,NS,48,77,125,|,26
NE Halsey & 186th,2405,E,NS,10,16,26,|,8
NE Halsey & 186th,2406,W,OP,12,8,20,|,9
NE Halsey & 192nd,2407,W,FS,17,6,23,|,1
NE Halsey & 192nd,2408,E,NS,5,20,25,|,3
NE Halsey & 195th,2409,E,FS,3,15,18,|,2
