"",,,,,,,,Monthly
Stop Location,Location ID,Direction,Position,Ons,Offs,Total,,Lifts
NE Cesar Chavez Blvd & Halsey,11487,N,NS,1,27,28,|,7
NW St Helens & 112th,11490,S,FS,3,0,3,|,0
NE Multnomah & 3rd,11492,W,FS,79,23,102,|,25
SE 82nd Dr & Strawberry,11496,N,NS,7,2,9,|,1
Expo Center MAX Station,11498,S,AT,596,602,"1,198",|,0
Delta Park/Vanport MAX Station,11499,S,AT,940,49,989,|,0
Kenton/N Denver Ave MAX Station,11500,S,AT,486,95,581,|,0
N Lombard TC MAX Station,11501,S,AT,"1,156",225,"1,381",|,0
Rosa Parks MAX Station,11502,S,AT,592,145,737,|,0
N Killingsworth St MAX Station,11503,S,AT,709,265,974,|,0
N Prescott St MAX Station,11504,S,AT,423,181,604,|,0
Overlook Park MAX Station,11505,S,AT,410,118,528,|,0
Albina/Mississippi MAX Station,11506,S,AT,229,95,324,|,0
Interstate/Rose Quarter MAX Station,11507,S,AT,258,"1,307","1,565",|,0
Interstate/Rose Quarter MAX Station,11508,N,AT,"1,272",493,"1,765",|,0
Albina/Mississippi MAX Station,11509,N,AT,118,233,351,|,0
Overlook Park MAX Station,11510,N,AT,124,420,544,|,0
N Prescott St MAX Station,11511,N,AT,183,457,640,|,0
N Killingsworth St MAX Station,11512,N,AT,250,770,"1,020",|,0
Rosa Parks MAX Station,11513,N,AT,143,630,773,|,0
N Lombard TC MAX Station,11514,N,AT,212,"1,150","1,362",|,0
Kenton/N Denver Ave MAX Station,11515,N,AT,86,435,521,|,0
Delta Park/Vanport MAX Station,11516,N,AT,62,962,"1,024",|,0
SE Sunnyside & Stevens,11520,E,FS,14,30,44,|,18
SW Scholls Ferry & Murray,11521,W,NS,63,51,114,|,2
NE Alberta & 30th,11722,E,NS,21,32,53,|,10
SE Powell & 125th Pl,11742,E,FS,12,40,52,|,7
Willamette Falls Dr & West A,11762,N,NS,1,2,3,|,0
Willamette Falls Dr & West A,11763,S,FS,1,3,4,|,0
Willamette Falls Dr & 6th St,11764,W,OP,0,0,0,|,0
Willamette Falls Dr & 6th St,11765,E,FS,0,0,0,|,0
Willamette Falls Dr & 11th St,11766,E,NS,2,0,2,|,0
E Main (W Baseline) & NE 63rd,11770,E,OP,6,4,10,|,2
E Main (W Baseline) & NE 63rd,11771,W,NS,2,3,5,|,2
NE Sandy & Arborcrest Dr,11772,W,FS,3,6,9,|,1
NE Sandy & Blossom Hill,11773,E,FS,6,3,9,|,1
Boones Ferry Rd & Mercantile Dr,11775,S,NS,1,2,3,|,0
Boones Ferry Rd & Oakridge,11776,S,NS,3,2,5,|,0
Boones Ferry Rd & Washington Ct,11777,S,NS,1,1,2,|,0
Boones Ferry Rd & Pilkington,11778,S,OP,1,1,2,|,0
Boones Ferry Rd & Jean,11779,S,NS,0,1,1,|,0
Boones Ferry Rd & Jean,11780,N,NS,1,1,2,|,0
Boones Ferry Rd & Pilkington,11781,N,NS,1,1,2,|,0
Boones Ferry Rd & Washington Ct,11782,N,OP,1,0,1,|,0
Boones Ferry Rd & Reese Rd,11783,N,FS,5,1,6,|,0
Boones Ferry Rd & Mercantile Dr,11784,N,OP,3,3,6,|,0
SE Powell & 156th,11786,W,FS,15,7,22,|,21
