"",,,,,,,,Monthly
Stop Location,Location ID,Direction,Position,Ons,Offs,Total,,Lifts
10000 Block SW Terwilliger,12729,E,OP,0,5,5,|,0
SW Bertha & Vermont,12730,N,NS,3,3,6,|,0
SW Huddleson & Palatine Hill,12731,E,FS,13,9,22,|,0
L & C Campus & Templeton Student Center,12732,N,AT,10,2,12,|,0
Pacific Hwy & Tualatin Rvr Refuge,12743,W,AT,0,2,2,|,0
SW Murray & Brockman,12746,N,NS,14,0,14,|,1
N Trenton & Dwight,12750,E,NS,164,112,276,|,73
4200 Block NW Yeon,12754,E,OP,2,0,2,|,0
SE 82nd & Harrison,12755,N,NS,45,24,69,|,12
SW Moody & Gibbs,12760,S,NS,107,100,207,|,14
E Burnside & SE 69th,12761,E,FS,4,12,16,|,2
SW 4th & Caruthers,12762,N,NS,26,55,81,|,2
SW 4th & Hall,12763,N,NS,120,351,471,|,18
SW Jefferson & 1st,12789,W,FS,4,404,408,|,18
SW Jefferson between 4th & 5th,12790,W,FS,154,166,320,|,78
SW Jefferson & 5th,12791,W,NS,152,160,312,|,42
SW Columbia & 16th,12792,E,OP,116,41,157,|,13
SW Columbia between 6th & 5th,12793,E,FS,168,268,436,|,65
SW Columbia between 5th & 4th,12794,E,FS,426,9,435,|,32
SW Oak & 1st,12798,W,NS,25,75,100,|,10
NW Broadway & Hoyt,12805,S,NS,42,105,147,|,97
E Columbia River Hwy & SE Harlow,12838,E,NS,0,1,1,|,0
SE Main & Beta,12842,W,OP,0,2,2,|,0
16200 Block SW Langer,12849,E,AT,21,4,25,|,13
SE Tualatin Valley Hwy & Brookwood,12851,W,FS,54,65,119,|,11
SW Lower Boones Ferry & 65th,12852,W,NS,0,5,5,|,0
W Powell & N Main,12862,W,FS,26,4,30,|,9
W Powell & NW Wilson,12863,W,FS,10,5,15,|,15
W Powell & NW Willowbrook,12864,W,NS,2,1,3,|,1
W Powell & NW Wilson,12866,E,OP,8,7,15,|,11
W Powell & SW Eastman Parkway,12867,E,FS,11,31,42,|,21
W Powell & NW Eastman Parkway,12868,W,FS,38,11,49,|,14
"2800 Blk NE Brookwood Pkwy, Library",12875,N,AT,4,13,17,|,2
SW Moody & Gaines,12880,S,FS,10,34,44,|,2
NE Brookwood & Airport Rd,12884,N,FS,0,3,3,|,0
SW Fairview & Kingston,12886,W,FS,1,0,1,|,0
SE Hawthorne & 34th,12892,W,NS,119,51,170,|,7
Merlo Rd/SW 158th MAX Stn Turnaround,12899,E,AT,233,234,467,|,40
SE Holgate & 97th,12900,E,FS,2,18,20,|,0
SE Sunnyside & 152nd,12901,E,FS,2,9,11,|,4
SE Sunnyside & 157th,12902,W,NS,20,1,21,|,3
SE Sunnyside & 152nd,12903,W,FS,9,2,11,|,1
SE Foster & Cora,12904,W,NS,35,8,43,|,5
SE 97th & Park Mountain Lane,12912,S,OP,1,6,7,|,0
SE Holgate & 97th,12914,W,OP,18,3,21,|,0
Delta Park/Vanport,12918,S,AT,86,104,190,|,55
Clackamas Town Center Mall,12921,E,AT,95,"1,271","1,366",|,271
