"",,,,,,,,Monthly
Stop Location,Location ID,Direction,Position,Ons,Offs,Total,,Lifts
NW Evergreen Pkwy & NE 79th (NW 215th),9601,W,NS,8,2,10,|,0
NW Evergreen Pkwy & NE 79th (NW 215th),9602,E,NS,2,14,16,|,0
2500 Block NE Century (NW 229th),9603,N,AT,7,28,35,|,0
2500 Block NE Century (NW 229th),9604,S,AT,26,10,36,|,0
NE 25th & Sunrise Lane,9606,N,OP,0,0,0,|,0
NE 25th & Sunrise Lane,9607,S,NS,1,0,1,|,0
Willow Creek Transit Center,9610,E,AT,511,186,697,|,85
NE 57th & Failing,9611,N,NS,1,5,6,|,0
SW Morrison & 16th,9613,W,NS,49,24,73,|,9
NE Century (NW 229th) & Butler,9614,N,NS,3,9,12,|,1
6400 Block SE Lake,9615,N,AT,1,1,2,|,1
NE 105th & Marx,9619,N,NS,0,3,3,|,1
Willow Creek Transit Center,9621,E,AT,209,186,395,|,60
SW Murray & NW Milburn,9623,N,NS,6,6,12,|,0
Sunset TC MAX Station,9624,W,AT,593,"2,377","2,970",|,0
Sunset Transit Center,9625,W,AT,244,266,510,|,69
SW Barnes & Cedar Hills Blvd,9627,E,FS,33,41,74,|,11
SW Barnes & Cedar Hills Blvd,9628,W,NS,39,37,76,|,10
SW Hamilton & 58th,9634,W,FS,0,1,1,|,0
N Portsmouth & Willamette,9635,S,NS,52,63,115,|,16
NE 223rd & Glisan,9636,S,FS,18,6,24,|,7
SW Tualatin-Sherwood Rd & Pacific Hwy,9639,N,NS,71,2,73,|,27
SE Hwy 224 & Sherman Cooper,9640,E,NS,0,1,1,|,0
SE Hwy 224 & Sherman Cooper,9641,W,OP,1,1,2,|,0
NE 122nd & Multnomah,9642,S,OP,53,10,63,|,27
1700 Block SE Orient Dr,9644,N,AT,3,0,3,|,0
SW Pacific Hwy & 74th (Park & Ride),9648,E,FS,147,42,189,|,14
Washington Square Transit Center,9649,N,AT,227,218,445,|,66
Washington Square Transit Center,9650,N,AT,258,256,514,|,62
Washington Square Transit Center,9651,N,AT,269,250,519,|,54
Washington Square Transit Center,9652,S,AT,264,316,580,|,66
SW Hart & Forest Dr,9663,W,NS,6,9,15,|,0
SW Hart & Dunsmuir,9664,W,OP,1,2,3,|,0
SW Hart & 155th,9665,W,FS,2,4,6,|,0
SW Hart & 160th,9667,W,NS,8,14,22,|,0
SW Hart & 165th,9668,W,OP,6,13,19,|,1
SW Bany & Tallac Way,9669,W,OP,8,16,24,|,0
SW 170th & Canby,9670,N,NS,4,4,8,|,0
SW 170th & Ivy Glenn,9671,N,NS,1,2,3,|,0
SW 170th & Oak,9672,N,FS,4,6,10,|,0
SW 170th & Rosa Place,9673,N,FS,1,2,3,|,0
SW Farmington & 185th,9674,W,NS,20,27,47,|,3
SW 170th & Ivy Glenn,9675,S,NS,2,1,3,|,0
SW 170th & Rosa Place,9676,S,OP,2,1,3,|,0
SW 170th & Oak,9677,S,FS,4,4,8,|,0
SW 170th & Cynthia,9678,S,NS,3,4,7,|,0
SW Bany & Tallac Way,9679,E,FS,14,6,20,|,0
