"",,,,,,,,Monthly
Stop Location,Location ID,Direction,Position,Ons,Offs,Total,,Lifts
SW Murray & Kilchis,8606,S,FS,1,2,3,|,0
SW Murray & Hart,8607,S,FS,15,8,23,|,0
SW Murray & Sexton Mtn Dr,8608,S,FS,4,9,13,|,0
SW Murray & Maverick Terr,8609,S,FS,8,27,35,|,14
SW Murray & Beard,8610,S,FS,11,29,40,|,4
SW Murray & Weir Rd,8611,S,FS,6,15,21,|,4
SW Murray & Osprey Dr,8612,S,NS,17,62,79,|,3
SW Murray & Teal Blvd,8613,S,NS,19,47,66,|,0
SW Scholls Ferry & 135th,8614,E,NS,24,21,45,|,0
SW Scholls Ferry & 130th,8615,E,FS,3,12,15,|,1
SW Scholls Ferry & North Dakota,8616,E,NS,18,48,66,|,7
SW Scholls Ferry & 121st,8617,E,FS,36,28,64,|,10
SW Scholls Ferry & Murray,8618,E,FS,42,47,89,|,4
SW Scholls Ferry & Boones Bend Dr,8619,W,FS,28,23,51,|,1
SW Scholls Ferry & 125th,8620,W,FS,47,21,68,|,14
SW Scholls Ferry & 130th,8621,W,FS,10,6,16,|,1
SW Scholls Ferry & 135th,8622,W,FS,25,20,45,|,1
SW Murray & Teal Blvd,8625,N,NS,31,18,49,|,2
SW Murray & Osprey Dr,8626,N,FS,55,18,73,|,3
SW Murray & Weir Rd,8627,N,OP,17,4,21,|,1
SW Brockman & Stallion,8628,E,NS,5,0,5,|,0
SW Murray & Maverick Terr,8629,N,FS,17,10,27,|,13
SW Murray & Sexton Mtn Dr,8630,N,FS,9,3,12,|,0
SW Murray & Hargis,8631,N,NS,2,1,3,|,0
SW Murray & Hart,8632,N,FS,14,18,32,|,1
SW Murray & Barlow,8633,N,NS,5,2,7,|,0
SW Murray & 22nd,8634,N,FS,8,6,14,|,2
SW Murray & Allen,8635,N,NS,52,49,101,|,8
SW Murray & Hargis,8636,S,FS,0,1,1,|,0
NE Century (NW 229th) & Cornell,8643,N,FS,7,3,10,|,2
SW Pacific Hwy & Durham,8644,S,NS,21,75,96,|,24
20500 Block NW Evergreen Pkwy,8646,W,OP,6,4,10,|,0
20500 Block NW Evergreen Pkwy,8647,E,AT,2,7,9,|,0
NE Evergreen Pkwy & NW Atkeson Ln,8648,W,OP,10,0,10,|,0
NE Cornell & Orenco Station Pkwy,8649,E,NS,19,9,28,|,2
NE Cornell & Orenco Station Pkwy,8650,W,FS,10,22,32,|,4
NW St Helens & Riverview Drive,8654,S,NS,1,0,1,|,0
SE 90th & Monterey,8659,N,FS,8,4,12,|,16
SW Pacific Hwy & Home Street Bank,8663,N,AT,13,8,21,|,7
SE Harold & Foster,8664,E,NS,40,45,85,|,14
SW Scholls Ferry & Davies,8665,E,FS,12,8,20,|,0
SW Talbot & Talbot Terrace,8672,S,NS,0,1,1,|,0
SW Scholls Ferry & Davies,8673,W,FS,13,9,22,|,0
SE 90th & Causey,8677,N,NS,20,10,30,|,25
SE 45th & Lexington,8678,S,NS,0,11,11,|,0
29600 Block SE Eagle Creek Rd,8685,S,AT,0,0,0,|,0
NE 181st & San Rafael,8714,S,NS,4,1,5,|,1
