"",,,,,,,,Monthly
Stop Location,Location ID,Direction,Position,Ons,Offs,Total,,Lifts
NE 60th Ave MAX Station,8345,E,AT,457,"1,122","1,579",|,0
NE 82nd Ave MAX Station,8346,E,AT,921,"1,378","2,299",|,0
Gateway/NE 99th Ave TC MAX Station,8347,S,AT,"3,793","3,561","7,354",|,0
E 102nd Ave MAX Station,8348,E,FS,465,628,"1,093",|,0
E 122nd Ave MAX Station,8349,E,FS,504,"1,167","1,671",|,0
E 148th Ave MAX Station,8350,E,FS,212,642,854,|,0
E 162nd Ave MAX Station,8351,E,FS,316,"1,020","1,336",|,0
E 172nd Ave MAX Station,8352,E,FS,110,366,476,|,0
E 181st Ave MAX Station,8353,E,FS,224,728,952,|,0
Rockwood/E 188th Ave MAX Station,8354,E,NS,155,575,730,|,0
Ruby Junction/E 197th Ave MAX Station,8355,E,FS,197,469,666,|,0
Gresham City Hall MAX Station,8356,E,OP,66,533,599,|,0
Gresham Central TC MAX Station,8357,E,AT,73,865,938,|,0
Cleveland Ave MAX Station,8359,W,NS,"1,030","1,083","2,113",|,0
Gresham Central TC MAX Station,8360,W,AT,871,90,961,|,0
Gresham City Hall MAX Station,8361,W,AT,563,62,625,|,0
Ruby Junction/E 197th Ave MAX Station,8362,W,FS,303,123,426,|,0
Rockwood/E 188th Ave MAX Station,8363,W,FS,634,158,792,|,0
E 181st Ave MAX Station,8364,W,FS,750,233,983,|,0
E 172nd Ave MAX Station,8365,W,FS,339,107,446,|,0
E 162nd Ave MAX Station,8366,W,FS,"1,041",358,"1,399",|,0
E 148th Ave MAX Station,8367,W,FS,622,215,837,|,0
E 122nd Ave MAX Station,8368,W,FS,"1,150",499,"1,649",|,0
E 102nd Ave MAX Station,8369,W,FS,635,503,"1,138",|,0
Gateway/NE 99th Ave TC MAX Station,8370,N,AT,"3,078","3,620","6,698",|,0
NE 82nd Ave MAX Station,8371,W,AT,"1,383",859,"2,242",|,0
NE 60th Ave MAX Station,8372,W,AT,"1,095",479,"1,574",|,0
Hollywood/NE 42nd Ave TC MAX Station,8373,W,AT,"1,287","1,034","2,321",|,0
Lloyd Center/NE 11th Ave MAX Station,8374,W,AT,"1,644","2,168","3,812",|,0
NE 7th Ave MAX Station,8375,W,NS,"1,144","1,493","2,637",|,0
Convention Center MAX Station,8376,W,AT,"1,424",743,"2,167",|,0
Rose Quarter TC MAX Station,8377,W,AT,"1,899","2,575","4,474",|,0
Old Town/Chinatown MAX Station,8378,S,AT,656,"1,212","1,868",|,0
Skidmore Fountain MAX Station,8379,S,AT,548,605,"1,153",|,0
Oak/ SW 1st Ave MAX Station,8380,S,FS,591,629,"1,220",|,0
Morrison/SW 3rd Ave MAX Station,8381,W,NS,"1,419","1,243","2,662",|,0
Mall/SW 5th Ave MAX Station,8382,W,AT,"1,839","1,683","3,522",|,0
Pioneer Square North MAX Station,8383,W,AT,"3,226","1,250","4,476",|,0
Galleria/SW 10th Ave MAX Station,8384,W,AT,"1,553","1,657","3,210",|,0
NW Vaughn & 26th,8385,E,NS,57,1,58,|,3
SW Taylors Ferry & 76th Pl,8387,W,NS,0,0,0,|,0
SW Taylors Ferry & 75th,8388,E,NS,2,0,2,|,0
SW 95th & Commerce Circle,8389,N,NS,4,0,4,|,0
9900 Block SW Commerce Circle,8391,S,AT,1,3,4,|,0
NW Everett & Park,8402,E,NS,20,15,35,|,7
NW St Helens & Newberry Rd,8403,S,NS,0,0,0,|,0
SE Harold & 67th,8404,W,NS,27,2,29,|,1
