"",,,,,,,,Monthly
Stop Location,Location ID,Direction,Position,Ons,Offs,Total,,Lifts
N Richmond & Syracuse,4818,S,NS,189,189,378,|,85
12500 Block SE River Rd,4819,N,AT,10,1,11,|,0
12500 Block SE River Rd,4820,S,AT,0,6,6,|,0
12600 Block SE River Rd,4821,S,OP,1,5,6,|,0
14000 Block SE River Rd,4822,N,AT,1,0,1,|,0
14100 Block SE River Rd,4823,S,AT,0,1,1,|,0
17300 Block SE River Rd,4824,S,AT,0,1,1,|,0
SE River Rd & Anspach,4831,N,NS,1,1,2,|,0
SE River Rd & Anspach,4832,S,OP,1,1,2,|,0
SE River Rd & Boardman,4833,N,NS,2,1,3,|,0
SE River Rd & Boardman,4834,S,FS,1,3,4,|,0
SE River Rd & Britton,4835,N,OP,4,1,5,|,0
SE River Rd & Britton,4836,S,NS,0,2,2,|,0
SE River Rd & Concord,4837,N,NS,1,0,1,|,0
SE River Rd & Concord,4838,S,OP,0,1,1,|,0
SE River Rd & Cooke,4839,S,FS,0,2,2,|,0
SE River Rd & Courtney,4840,N,NS,3,2,5,|,0
SE River Rd & Courtney,4841,S,NS,3,2,5,|,0
SE River Rd & Laurelwood,4844,N,OP,3,0,3,|,0
SE River Rd & Evergreen,4846,N,NS,6,2,8,|,0
SE River Rd & Evergreen,4847,S,OP,1,6,7,|,0
SE River Rd & Hull Ave,4849,N,NS,1,0,1,|,0
SE River Rd & Hull Ave,4850,S,FS,1,0,1,|,0
SE River Rd & Jennings,4851,N,NS,3,2,5,|,0
SE River Rd & Jennings,4852,S,NS,0,2,2,|,0
SE River Rd & Juniper Dr,4853,N,OP,0,1,1,|,0
SE River Rd & Juniper Dr,4854,S,NS,1,0,1,|,0
SE River Rd & Maple,4857,N,NS,2,2,4,|,0
SE River Rd & Maple,4858,S,FS,2,2,4,|,0
SE River Rd & Meldrum,4860,N,NS,1,0,1,|,0
SE River Rd & Meldrum,4861,S,NS,0,1,1,|,0
SE River Rd & Mulberry,4862,N,OP,3,0,3,|,0
SE River Rd & Mulberry,4863,S,FS,0,1,1,|,2
SE River Rd & Naef,4864,N,FS,1,0,1,|,0
SE River Rd & Oak Grove,4865,N,NS,21,6,27,|,1
SE River Rd & Oak Grove,4866,S,FS,7,17,24,|,2
SE River Rd & Parkview Circle,4867,N,NS,4,1,5,|,0
SE River Rd & River Dr,4870,N,OP,4,2,6,|,0
SE River Rd & River Dr,4871,S,NS,1,1,2,|,0
SE River Rd & River Forest,4874,S,FS,2,2,4,|,0
SE River Rd & River Glen Ct,4875,N,OP,0,1,1,|,0
SE River Rd & River Glen Ct,4876,S,FS,0,0,0,|,0
SE River Rd & Cooke,4878,N,OP,1,0,1,|,0
SE River Rd & Roethe,4879,N,NS,1,0,1,|,0
SE River Rd & Roethe,4880,S,OP,0,1,1,|,0
SE River Rd & Rogers,4881,N,NS,1,0,1,|,0
SE River Rd & Rosebrier,4883,N,NS,2,0,2,|,0
