"",,,,,,,,Monthly
Stop Location,Location ID,Direction,Position,Ons,Offs,Total,,Lifts
SW Greenburg & Lehman,8832,S,OP,3,5,8,|,1
SW Greenburg & Lehman,8835,N,NS,5,7,12,|,1
NE Main & 3rd,8837,S,NS,0,3,3,|,0
NE Main & 3rd,8838,N,FS,2,1,3,|,0
NW Springville & 178th,8839,E,FS,0,9,9,|,0
SE 122nd & Powell,8843,S,NS,15,230,245,|,55
SE Harold & 101st,8844,W,NS,22,1,23,|,0
SW Park Way & 135th,8845,E,OP,0,1,1,|,0
NW Springville & 181st,8850,E,NS,2,6,8,|,1
SE Stark & NE Kelly,8851,W,OP,3,2,5,|,0
NW Springville & 181st,8852,W,FS,6,1,7,|,0
2500 Block NE Riverside Way,8854,E,AT,0,6,6,|,0
800 Block NW Wade,8857,N,AT,6,1,7,|,2
NE Halsey & 181st,8860,W,FS,73,57,130,|,17
NW Front & Kittridge,8875,E,FS,5,5,10,|,0
4500 Block NW Front,8877,E,OP,3,1,4,|,0
4300 Block NW Front,8878,E,OP,4,1,5,|,0
3600 Block NW Front,8879,E,OP,15,3,18,|,0
W Burnside & NW Maywood Dr,8880,W,NS,0,3,3,|,0
W Burnside & NW Maywood Dr,8881,E,OP,2,0,2,|,0
NE 21st & Riverside Way,8883,N,NS,0,6,6,|,0
NW 185th & Tanasbourne Rd,8884,N,FS,34,159,193,|,38
NW Everett & 5th,8886,E,NS,472,362,834,|,182
SW Garden Home & Capitol Hwy,8888,E,NS,1,5,6,|,0
NE 82nd & Webster,8889,S,OP,18,12,30,|,3
24300 Block SW Boones Ferry Rd,8891,S,AT,0,1,1,|,0
24300 Block SW Boones Ferry Rd,8892,N,AT,1,0,1,|,0
SE 32nd & Meek,8894,N,OP,40,12,52,|,19
Division & Warren St,8899,W,OP,1,2,3,|,1
7th & Taylor,8900,W,NS,1,1,2,|,0
4200 Block NW Front,8901,E,OP,3,0,3,|,0
4200 Block NW Front,8902,W,AT,0,5,5,|,0
3800 Block NW Front,8903,E,OP,0,0,0,|,0
3800 Block NW Front,8904,W,AT,0,0,0,|,0
NE 122nd & Fremont,8907,N,FS,9,38,47,|,1
SW 40th & Garden Home,8911,S,NS,5,1,6,|,0
SE 96th & Mall 205,8912,S,OP,10,35,45,|,14
SE Main & 96th,8913,E,FS,23,13,36,|,11
10000 Block SE Main,8914,E,AT,19,17,36,|,36
10500 Block SE Cherry Blossom,8915,W,AT,12,7,19,|,14
10200 Block SE Main,8917,W,AT,23,22,45,|,28
SE 96th & Main,8918,N,FS,32,42,74,|,23
SE 96th & Mall 205 Dr,8919,N,NS,26,13,39,|,20
SW Walker & Butner,8920,W,NS,3,2,5,|,0
SW Walker & Meadow Dr,8921,W,NS,1,2,3,|,0
SW Walker & 150th,8922,W,NS,2,4,6,|,0
SW Walker & Greystone Ct,8923,W,OP,1,0,1,|,0
