"",,,,,,,,Monthly
Stop Location,Location ID,Direction,Position,Ons,Offs,Total,,Lifts
SW Oleson & 89th,4218,W,NS,0,2,2,|,0
SW Oleson & 91st,4219,E,NS,8,3,11,|,0
SW Oleson & 91st,4220,W,OP,1,6,7,|,0
SE Orient Dr & Welch Rd,4230,S,FS,0,0,0,|,0
SE Orient Dr & 14th,4231,S,FS,0,1,1,|,0
SE Orient Dr & Welch Rd,4243,N,FS,0,0,0,|,0
11500 Block SW Pacific Hwy,4248,E,AT,7,8,15,|,0
SW Pacific Hwy & 72nd,4249,W,FS,36,35,71,|,27
11700 Block SW Pacific Hwy,4252,E,OP,3,10,13,|,1
11700 Block SW Pacific Hwy,4253,W,AT,4,4,8,|,1
13400 Block SW Pacific Hwy,4254,W,AT,6,19,25,|,14
SW Pacific Hwy & McDonald/Gaarde,4255,E,FS,84,15,99,|,25
16400 Block SW Pacific Hwy,4257,S,AT,2,5,7,|,4
SW Pacific Hwy & Fischer,4258,S,FS,9,67,76,|,12
17000 Block SW Pacific Hwy,4259,N,AT,15,2,17,|,0
SW Pacific Hwy & 124th,4260,W,OP,6,60,66,|,11
Pacific Ave & A St,4264,W,NS,1,91,92,|,11
SW Pacific Hwy & Beef Bend,4266,N,OP,19,1,20,|,2
SW Pacific Hwy & Beef Bend,4267,S,FS,2,19,21,|,2
SW Pacific Hwy & Bull Mtn,4270,N,NS,28,5,33,|,1
SW Pacific Hwy & Bull Mtn,4271,S,FS,3,34,37,|,4
3900 Block Pacific Ave,4272,E,AT,31,9,40,|,10
SW Pacific Hwy & Canterbury,4273,S,NS,9,42,51,|,3
SW Pacific Hwy & Canterbury,4274,N,FS,43,10,53,|,1
Pacific Ave & Cedar,4275,W,NS,3,104,107,|,25
SW Pacific Hwy & Cipole,4276,E,NS,8,2,10,|,5
SW Pacific Hwy & Cipole,4277,W,FS,2,6,8,|,1
Pacific Ave & College Way,4278,W,NS,2,104,106,|,22
Pacific Ave & Mountain View Ln,4279,W,NS,7,38,45,|,2
Pacific Ave & Elm,4280,W,NS,2,45,47,|,21
SW Pacific Hwy & 72nd,4284,E,FS,42,29,71,|,33
SW Pacific Hwy & Gaarde/McDonald,4286,W,NS,13,76,89,|,23
10000 Block NE Pacific St,4287,E,AT,170,8,178,|,88
10000 Block NE Pacific St,4288,W,OP,5,178,183,|,108
3800 Block Pacific Ave,4289,W,AT,17,43,60,|,8
SW Pacific Hwy & Hall,4290,E,FS,53,5,58,|,8
Pacific Ave & Hawthorne,4291,W,NS,4,49,53,|,21
SW Pacific Hwy & Hazelbrook,4293,N,NS,45,5,50,|,13
Pacific Ave & Maple,4294,E,NS,73,16,89,|,22
Pacific Ave & Maple,4295,W,OP,7,63,70,|,12
Pacific Ave & Oak,4298,E,NS,41,7,48,|,16
Pacific Ave & Oak,4299,W,FS,14,46,60,|,26
SW Pacific Hwy & Pacific Dr,4300,W,NS,2,6,8,|,21
SW Pacific Hwy & 130th,4301,E,FS,8,0,8,|,1
SW Pacific Hwy & Park,4304,E,NS,5,2,7,|,1
SW Pacific Hwy & 78th,4305,W,NS,33,43,76,|,12
Pacific Ave & Quince,4306,E,FS,60,18,78,|,6
