"",,,,,,,,Monthly
Stop Location,Location ID,Direction,Position,Ons,Offs,Total,,Lifts
NE Killingsworth & 55th,3208,E,NS,34,30,64,|,5
NE Killingsworth & 57th,3209,W,OP,11,13,24,|,1
NE Killingsworth & 60th,3210,W,NS,66,81,147,|,19
NE Killingsworth & 72nd,3211,E,FS,80,37,117,|,28
NE Killingsworth & 72nd,3212,W,NS,36,78,114,|,32
NE Killingsworth & 75th,3215,W,NS,1,5,6,|,1
NE Killingsworth & 82nd,3216,W,FS,20,54,74,|,6
N Kilpatrick & Brandon,3218,W,NS,8,8,16,|,6
N Kilpatrick & Brandon,3219,E,NS,6,11,17,|,3
N Kilpatrick & Denver,3221,W,FS,72,42,114,|,25
N Kilpatrick & Denver,3222,E,NS,46,67,113,|,17
7100 Block SE King,3224,E,AT,7,8,15,|,1
7900 Block SE King,3226,E,AT,5,23,28,|,5
SE King & Fuller,3228,W,OP,199,28,227,|,44
SE King & Bell,3229,W,NS,98,20,118,|,8
SE King & Bell,3230,E,OP,8,46,54,|,5
SE King & Hollywood,3231,E,OP,12,8,20,|,2
SE King & Hollywood,3232,W,FS,9,10,19,|,1
SE King & Home,3233,E,FS,8,8,16,|,0
SE King & Linwood,3234,E,FS,38,34,72,|,10
SE King & Linwood,3235,W,NS,39,34,73,|,16
SW King & Salmon,3236,N,NS,4,1,5,|,0
SE King & Stanley,3237,W,NS,16,12,28,|,0
SE King & Stanley,3238,E,NS,10,17,27,|,1
SE King & 47th,3242,E,NS,7,5,12,|,1
SE King & 47th,3243,W,OP,5,4,9,|,0
SE King & 52nd,3245,E,NS,3,5,8,|,1
SE King & 52nd,3246,W,OP,4,4,8,|,2
SE King & 66th,3249,W,NS,14,8,22,|,2
SE King & 66th,3250,E,NS,10,12,22,|,1
SE King & 74th,3251,E,NS,13,19,32,|,3
SE King & 77th,3254,W,OP,12,3,15,|,1
SW Kingston & Japanese Garden,3276,N,OP,9,13,22,|,0
SW Knight & Kingston,3277,S,FS,0,0,0,|,0
SW Kingston & Tichner,3279,N,NS,0,0,0,|,0
SW Knights & Kingston,3291,N,NS,2,0,2,|,0
Kruse Way & Carman,3293,E,NS,11,1,12,|,0
Kruse Way & Carman,3294,W,NS,1,11,12,|,0
Kruse Way & Kruse Oaks,3295,E,FS,7,5,12,|,4
Kruse Way & Kruse Oaks,3296,W,FS,5,12,17,|,31
Kruse Way & Daniel Way,3297,W,NS,3,7,10,|,0
Kruse Way & Kruse Woods,3298,E,FS,16,4,20,|,20
Kruse Way & Mercantile,3299,E,FS,4,3,7,|,0
Kruse Way & Westlake Dr,3300,W,FS,2,15,17,|,3
SE Ladd & Division,3301,N,FS,13,4,17,|,1
SE Ladd & Division,3302,S,NS,15,19,34,|,4
SE Ladd & Hawthorne,3303,N,NS,12,42,54,|,2
