"",,,,,,,,Monthly
Stop Location,Location ID,Direction,Position,Ons,Offs,Total,,Lifts
NE Division & Palmblad Dr,1320,E,FS,7,15,22,|,17
NW Division & Birdsdale,1321,E,NS,11,13,24,|,3
Division & Buchanan,1323,E,OP,4,1,5,|,0
NE Division & Burnside,1324,E,FS,44,32,76,|,37
NE Division & Burnside,1325,W,FS,7,14,21,|,12
19200 Block SE Division,1326,W,AT,10,7,17,|,2
NE Division & Cleveland,1327,W,FS,3,13,16,|,7
NE Division & Cleveland,1328,E,NS,14,5,19,|,10
NW Division & Eastman Parkway,1331,E,FS,10,96,106,|,37
NW Division & Eastman Parkway,1332,W,NS,60,6,66,|,17
NW Division & Eastwood,1334,W,NS,18,7,25,|,7
NE Division & Fleming,1335,E,NS,7,6,13,|,2
NE Division & Fleming,1336,W,OP,5,4,9,|,3
NE Division & Francis,1338,W,OP,6,16,22,|,13
NE Division & Hogan,1339,E,FS,40,24,64,|,23
NE Division & Kelly,1340,W,NS,2,23,25,|,5
SE Division & Ladd,1341,W,FS,73,74,147,|,48
NW Division & Miller,1342,W,FS,18,2,20,|,4
Division & Morton,1343,N,NS,4,6,10,|,1
NW Division & Norman,1344,E,FS,3,17,20,|,8
NW Division & Riverview,1346,E,NS,5,3,8,|,2
NW Division & Riverview,1347,W,FS,6,7,13,|,2
NE Division & Main,1348,E,FS,3,52,55,|,8
SE Division & 165th,1350,W,OP,16,20,36,|,13
Division & Selma,1351,E,NS,1,0,1,|,0
NE Division & Village Squire Ct,1355,E,OP,11,12,23,|,20
NE Division & Village Squire Ct,1356,W,NS,16,13,29,|,33
NW Division & Wallula,1357,E,FS,5,24,29,|,5
NW Division & Wallula,1358,W,FS,21,8,29,|,2
SE Division & 101st,1359,E,NS,18,38,56,|,30
SE Division & 101st,1360,W,NS,23,18,41,|,20
SE Division & 103rd,1361,E,NS,11,21,32,|,26
SE Division & 104th Dr,1362,W,NS,21,8,29,|,8
SE Division & 105th,1363,E,FS,5,16,21,|,5
SE Division & 106th,1364,W,NS,11,6,17,|,4
SE Division & 109th,1365,E,NS,12,40,52,|,18
SE Division & 110th,1367,W,NS,21,5,26,|,4
SE Division & 112th,1368,E,FS,29,70,99,|,25
SE Division & 112th,1369,W,NS,65,35,100,|,25
SE Division & 116th,1370,E,OP,12,27,39,|,11
SE Division & 115th,1371,W,FS,21,9,30,|,6
SE Division & 119th,1373,E,FS,30,111,141,|,31
SE Division & 119th,1374,W,OP,45,19,64,|,11
SE Division & 12th,1375,E,NS,171,90,261,|,32
SE Division & 12th,1376,W,FS,74,154,228,|,29
Division & 12th,1377,S,NS,6,3,9,|,0
SE Division & 122nd,1379,E,FS,194,181,375,|,147
