"",,,,,,,,Monthly
Stop Location,Location ID,Direction,Position,Ons,Offs,Total,,Lifts
W Burnside & NW Barnes,686,N,OP,11,1,12,|,2
W Burnside & NW Barnes,687,W,FS,2,16,18,|,2
W Burnside & Mt. Calvary Cemetery,690,E,AT,5,1,6,|,1
W Burnside & Mt Calvary Cemetery,691,W,AT,1,9,10,|,1
9100 Block E Burnside,696,E,OP,11,17,28,|,2
9100 Block E Burnside,697,W,AT,17,12,29,|,5
E Burnside & SE Floral,701,E,NS,3,10,13,|,0
E Burnside & NE Floral,702,W,NS,7,4,11,|,1
E Burnside & NE Grand,704,E,NS,340,391,731,|,145
W Burnside & NW Hermosa,706,E,OP,2,0,2,|,0
W Burnside & NW Hermosa,707,W,FS,1,3,4,|,0
E Burnside & SE Laurelhurst,710,E,NS,2,5,7,|,1
E Burnside & NE Laurelhurst,711,W,NS,5,2,7,|,1
W Burnside & SW Tichner,712,E,FS,13,2,15,|,0
W Burnside & NW Macleay,713,W,FS,1,14,15,|,1
W Burnside & SW 8th,715,E,NS,65,84,149,|,54
W Burnside & NW Park,716,W,NS,124,79,203,|,83
W Burnside & SW St Clair,718,E,NS,303,107,410,|,61
W Burnside & SW 13th,723,E,NS,147,80,227,|,89
W Burnside & SW 15th,725,E,NS,98,18,116,|,26
E Burnside & SE 16th,726,E,FS,32,59,91,|,13
E Burnside & NE 18th,730,W,NS,31,18,49,|,13
W Burnside & NW 19th,735,W,NS,69,118,187,|,44
E Burnside & SE 20th,740,E,NS,57,117,174,|,33
W Burnside & NW 20th Pl,742,W,NS,202,409,611,|,216
W Burnside & NW King,747,W,NS,41,119,160,|,40
W Burnside & NW 23rd,755,W,NS,76,325,401,|,86
E Burnside & SE 24th,759,E,FS,56,87,143,|,5
E Burnside & NE 24th,760,W,FS,91,35,126,|,5
E Burnside & SE 28th,763,E,NS,107,157,264,|,18
E Burnside & NE 28th,764,W,FS,164,94,258,|,18
E Burnside & NE 32nd,768,W,FS,47,24,71,|,5
E Burnside & SE 32nd,769,E,NS,25,59,84,|,8
E Burnside & SE Cesar Chavez Blvd,770,E,NS,88,115,203,|,37
E Burnside & NE Cesar Chavez Blvd,771,W,NS,87,98,185,|,41
E Burnside & SE 41st,774,E,NS,4,12,16,|,1
E Burnside & NE 41st,775,W,NS,5,4,9,|,0
E Burnside & SE 44th,776,E,NS,5,12,17,|,1
E Burnside & NE 44th,777,W,NS,13,3,16,|,1
E Burnside & NE 47th,778,W,NS,33,19,52,|,15
E Burnside & SE 47th,779,E,FS,16,37,53,|,15
W Burnside & NW 48th Ave,780,W,NS,0,4,4,|,0
W Burnside & SW 48th Dr,781,E,FS,3,0,3,|,0
W Burnside & NW 5th,782,W,FS,363,360,723,|,155
E Burnside & NE 52nd,785,W,NS,53,12,65,|,6
E Burnside & SE 52nd,786,E,FS,13,46,59,|,3
E Burnside & SE 55th,787,E,FS,30,57,87,|,39
