"",,,,,,,,Monthly
Stop Location,Location ID,Direction,Position,Ons,Offs,Total,,Lifts
SW Hall & Cascade,2272,E,NS,13,28,41,|,3
SW Hall & Cedar Hills,2273,W,NS,16,31,47,|,10
SW Hall & Colony,2274,W,NS,8,6,14,|,3
SW Hall & Creekside,2275,W,OP,35,16,51,|,4
SW Hall & Creekside,2276,E,FS,11,25,36,|,2
SW Hall & Cresmoor,2277,W,NS,6,2,8,|,3
SW Hall & Denney,2278,N,FS,25,11,36,|,1
SW Hall & Denney,2279,S,FS,12,28,40,|,1
SW Hall & Green Lane,2280,S,NS,4,9,13,|,0
SW Hall & Greenburg,2282,E,FS,4,3,7,|,0
SW Hall & Greenway,2283,E,FS,31,68,99,|,11
SW Hall & Greenway,2284,W,FS,57,21,78,|,13
SW Hall & Hart,2285,N,FS,25,11,36,|,8
SW Hall & Hart,2286,S,FS,10,27,37,|,5
SW Hall & Hemlock,2287,N,FS,4,2,6,|,4
SW Hall & Nimbus,2290,E,FS,19,48,67,|,10
SW Hall & Ridgecrest,2291,W,FS,12,7,19,|,0
SW Hall & Ridgecrest,2292,E,OP,9,28,37,|,5
SW Hall & Scholls Ferry,2295,W,NS,77,28,105,|,10
SW Hall & Scholls Ferry,2296,E,FS,19,61,80,|,9
SW Hall & Sussex,2297,N,NS,13,11,24,|,2
SW Hall & Washington,2298,W,FS,0,0,0,|,0
SW Hall & Washington,2299,E,FS,2,3,5,|,3
SW Hall & 13th,2300,N,OP,18,7,25,|,1
SW Hall & 13th,2301,S,NS,25,43,68,|,15
SW Hall & 2nd,2302,N,FS,20,43,63,|,17
SW Hall & 22nd,2303,S,NS,14,19,33,|,1
SW Hall & 5th,2305,N,NS,25,38,63,|,35
SW Hall & 88th,2307,W,FS,1,0,1,|,0
SW Hall & 88th,2308,E,OP,0,0,0,|,0
SW Hall & 91st,2311,W,FS,0,1,1,|,0
SW Hall & 91st,2312,E,OP,0,0,0,|,0
N Halleck & Delaware,2315,N,OP,11,13,24,|,3
N Halleck & Delaware,2316,E,NS,10,11,21,|,0
N Halleck & Peninsular,2317,W,NS,4,12,16,|,0
NE Halsey & 148th,2320,E,FS,3,13,16,|,4
NE Halsey & 176th,2322,E,NS,1,6,7,|,2
NE Halsey & 196th,2326,W,FS,17,2,19,|,0
NE Halsey & Market Dr,2327,E,NS,5,23,28,|,22
23300 Block NE Halsey,2330,E,AT,5,19,24,|,8
23300 Block NE Halsey,2331,W,AT,16,9,25,|,6
23900 Block NE Halsey,2333,W,AT,4,1,5,|,0
2100 Block SW Halsey (Edgefield Manor),2339,E,AT,1,10,11,|,1
2100 Block SW Halsey (Edgefield Manor),2340,W,OP,8,2,10,|,0
NE Halsey & Fairview/223rd,2341,E,FS,25,77,102,|,18
NE Halsey & Fairview/223rd,2342,W,FS,39,8,47,|,8
NE Halsey & 100th,2343,W,FS,35,65,100,|,24
