"",,,,,,,,Monthly
Stop Location,Location ID,Direction,Position,Ons,Offs,Total,,Lifts
NE Shaver & 134th,5236,W,OP,2,0,2,|,1
NE Shaver & 135th,5237,W,FS,5,0,5,|,3
NE Shaver & 138th,5238,W,FS,12,1,13,|,0
SW Sheridan & 4th,5239,E,FS,21,12,33,|,1
SW Sherwood & Sherwood Middle School,5244,N,AT,5,0,5,|,0
21900 Block N Sherwood Blvd,5245,S,AT,0,5,5,|,3
N Sherwood Blvd & NW Gleneagle,5246,S,NS,0,6,6,|,1
N Sherwood & SW 10th,5247,N,OP,6,0,6,|,0
SW Sherwood Blvd & NW 12th St,5248,S,NS,3,9,12,|,3
N Sherwood & SW Century,5249,N,NS,7,1,8,|,1
NE Skidmore & 122nd,5250,E,NS,59,20,79,|,6
NE Skidmore & 29th,5253,E,NS,29,1,30,|,1
1700 Block South Shore,5285,W,AT,0,0,0,|,0
1800 Block South Shore (Park & Ride),5286,W,AT,0,1,1,|,0
1800 Block South Shore (Park & Ride),5287,E,OP,0,1,1,|,0
2500 Block South Shore,5288,W,AT,0,0,0,|,0
3800 Block South Shore,5289,W,AT,0,0,0,|,0
4100 Block South Shore,5290,W,AT,0,0,0,|,0
4100 Block South Shore,5291,S,OP,0,0,0,|,0
4300 Block South Shore,5292,N,AT,0,1,1,|,0
South Shore & Blue Heron,5293,N,FS,0,0,0,|,0
South Shore & Canyon,5294,E,FS,1,0,1,|,0
South Shore & Cedar Ct,5295,W,FS,0,2,2,|,0
South Shore & Fernwood,5296,W,OP,0,1,1,|,0
South Shore & Cedar Rd,5297,W,OP,1,1,2,|,22
South Shore & Edgecliff,5298,W,FS,0,1,1,|,0
South Shore & Fernwood,5299,E,NS,1,0,1,|,0
South Shore & Greenbrier,5300,W,FS,0,0,0,|,0
South Shore & Greentree,5301,W,OP,1,2,3,|,0
South Shore & Greentree,5302,E,NS,2,0,2,|,0
South Shore & Kelok,5303,E,NS,0,0,0,|,0
South Shore & Lakeridge,5304,E,FS,2,0,2,|,0
Lakeview & South Shore,5305,E,NS,0,0,0,|,0
South Shore & Maple,5306,W,FS,0,0,0,|,0
McVey & Parrish,5307,E,NS,3,1,4,|,0
South Shore & Patton,5309,W,NS,1,4,5,|,0
South Shore & Canal Circle,5311,E,FS,0,0,0,|,0
SE Sparrow & 22nd,5312,E,FS,0,0,0,|,0
SW Spring & Vista,5313,W,NS,7,0,7,|,0
SW Spring Garden & 11th,5314,E,NS,1,5,6,|,0
SW Spring Garden & 14th,5315,E,NS,0,5,5,|,0
SW Spring Garden & 14th,5316,W,NS,7,0,7,|,0
SW Spring Garden & 17th,5317,E,NS,0,9,9,|,0
SW Spring Garden & 17th,5318,W,NS,12,0,12,|,0
SW 19th & Spring Garden,5319,N,FS,2,0,2,|,0
6600 Block NW St Helens,5328,S,AT,3,1,4,|,0
6600 Block NW St Helens,5329,N,OP,0,2,2,|,0
