"",,,,,,,,Monthly
Stop Location,Location ID,Direction,Position,Ons,Offs,Total,,Lifts
SW 185th & Ewen,6969,S,OP,5,8,13,|,0
SW 185th & Farmington,6970,N,FS,104,87,191,|,16
NW 185th & Heritage Pkwy,6972,N,FS,23,20,43,|,3
NW 185th & Heritage Pkwy,6975,S,FS,15,34,49,|,5
SW 185th & Honeywood,6976,S,FS,4,2,6,|,0
SW 185th & Jay,6977,N,FS,4,6,10,|,0
SW 185th & Johnson,6978,N,FS,40,22,62,|,1
SW 185th & Johnson,6979,S,FS,20,36,56,|,1
SW 185th & Kinnaman,6980,N,NS,72,68,140,|,8
SW 185th & Kinnaman,6981,S,FS,67,68,135,|,7
SW 185th & Longacre,6982,N,FS,2,5,7,|,1
SW 185th & Longacre,6983,S,FS,3,2,5,|,0
SW 185th & Madeline,6984,N,NS,15,10,25,|,2
NW 185th & McKinley School,6986,N,NS,13,41,54,|,11
NW 185th & Sunset Square,6987,S,AT,72,28,100,|,25
NW 185th & Holly,6990,N,OP,5,9,14,|,0
NW 185th & Holly,6991,S,FS,8,7,15,|,0
NW 185th & Parkview,6992,N,FS,6,26,32,|,1
SW 185th & Pheasant,6993,N,FS,5,2,7,|,0
SW 185th & Pheasant,6994,S,OP,1,2,3,|,0
SW 185th & Pike,6995,N,NS,6,6,12,|,0
SW 185th & Pike,6996,S,FS,6,7,13,|,2
NW 185th & Bronson,6999,S,OP,16,3,19,|,0
NW 185th & Westview HS,7000,N,AT,9,46,55,|,4
NW 185th & Rock Creek School,7001,S,AT,55,10,65,|,7
SW 185th & Rosa,7002,N,FS,12,16,28,|,1
SW 185th & Rosa,7003,S,NS,24,25,49,|,3
SW 185th & Edgeway Dr,7006,S,NS,1,9,10,|,1
SW 185th & Salix Terrace,7007,N,FS,13,2,15,|,1
SW 185th & Sandra,7009,S,OP,15,12,27,|,0
SW 185th & Sandra,7010,N,FS,11,6,17,|,1
NW 185th & Springville,7011,N,NS,0,14,14,|,5
SW 185th & Tualatin Valley Hwy,7012,N,NS,94,70,164,|,23
SW 185th & Tualatin Valley Hwy,7013,S,FS,68,64,132,|,16
NW 185th & Tamarack,7014,N,FS,0,6,6,|,0
NW 185th & Tamarack,7015,S,OP,7,1,8,|,0
700 Block NW 185th,7020,N,AT,12,40,52,|,17
700 Block NW 185th,7021,S,AT,29,11,40,|,28
SW 185th & W Baseline,7023,S,FS,24,17,41,|,8
NW 185th & Walker,7024,N,FS,40,82,122,|,19
NW 185th & NE Walker,7025,S,FS,89,38,127,|,12
NW 185th & West Union,7026,N,FS,7,70,77,|,25
NW 185th & West Union,7027,S,NS,84,8,92,|,30
SW 19th & Barbur,7036,S,FS,5,6,11,|,0
19th & Birch,7038,E,NS,38,2,40,|,4
19th & Cedar,7041,E,NS,64,2,66,|,2
19th & Elm,7043,E,NS,77,4,81,|,37
