"",,,,,,,,Monthly
Stop Location,Location ID,Direction,Position,Ons,Offs,Total,,Lifts
NE Fremont & 45th,10596,E,OP,6,9,15,|,0
NE Fremont & 68th,10597,E,FS,7,9,16,|,12
SW Halsey & Edgefield Meadows,10598,E,NS,1,10,11,|,0
SW Murray & Millikan Way,10599,N,NS,4,12,16,|,1
NE Killingsworth & Cully,10600,E,FS,132,77,209,|,23
NE Killingsworth & Cully,10601,W,NS,157,244,401,|,29
300 Block NE Division,10602,W,AT,33,4,37,|,5
N Willis & Chautauqua,10611,W,NS,14,42,56,|,2
3515 SW US Veterans Rd,10612,W,OP,71,101,172,|,0
N Fessenden & Tioga,10614,E,NS,14,5,19,|,6
SW Park Way & 134th,10615,W,OP,0,0,0,|,0
SW Halsey & Edgefield Meadows,10630,W,OP,10,0,10,|,0
SW Hall & Avon,10631,S,NS,6,36,42,|,1
SW Canyon & Camelot Ct,10632,W,FS,12,48,60,|,25
SW Canyon & Canyon Crest,10633,W,OP,3,9,12,|,0
SW Canyon & Canyon Crest,10634,E,NS,8,5,13,|,19
11600 Block SW Pacific Hwy,10639,W,AT,32,152,184,|,13
SW Tualatin Valley Hwy & Hocken,10641,W,FS,60,37,97,|,19
SE Lake & Hwy 224,10644,W,FS,1,2,3,|,0
2300 Block SW 257th,10645,N,AT,0,3,3,|,1
SW 257th & 24th,10646,S,FS,1,0,1,|,0
22000 Block SE Hwy 224,10647,W,OP,2,0,2,|,0
N Fremont & Kerby,10649,E,FS,56,17,73,|,7
N Fremont & Kerby,10650,W,NS,12,28,40,|,0
SE Lake & Hwy 224,10653,E,NS,1,2,3,|,0
NE Hood & 5th,10654,N,NS,0,4,4,|,0
NE Hood & 2nd,10657,N,NS,0,13,13,|,3
SE Hwy 224 & Eilers Circle,10695,W,OP,0,0,0,|,0
SE Hwy 224 & Eilers Circle,10696,E,FS,0,0,0,|,0
Pier Park,10697,E,AT,174,170,344,|,75
10900 Block SW 121st,10698,S,OP,4,1,5,|,0
2900 Block NE 181st,10699,S,AT,22,4,26,|,2
Oatfield & E Exeter,10700,N,OP,10,3,13,|,2
SW Harbor & Harrison,10712,S,FS,30,2,32,|,1
SW Harbor & River Pkwy,10713,N,FS,1,38,39,|,0
NW Division & Norman,10714,W,NS,28,5,33,|,15
NE Sandy & 102nd,10715,E,NS,21,10,31,|,7
NE Airport Way & Win Sivers Drive,10716,E,NS,13,23,36,|,3
13100 Block NE Airport Way,10717,E,AT,4,8,12,|,1
NE Airport Way & 148th,10718,E,FS,6,8,14,|,2
NE Airport Way & 152nd Pl,10719,E,OP,1,3,4,|,0
16400 Block NE Airport Way,10720,E,AT,1,3,4,|,0
NE Airport Way & Sandy Blvd,10721,S,NS,12,8,20,|,3
NE 181st & Sandy,10723,N,NS,5,38,43,|,4
16300 Block NE Airport Way,10724,W,AT,2,3,5,|,1
15300 Block NE Airport Way,10725,W,AT,2,2,4,|,0
NE Airport Way & 148th,10726,W,NS,7,11,18,|,2
