"",,,,,,,,Monthly
Stop Location,Location ID,Direction,Position,Ons,Offs,Total,,Lifts
SE Clinton & 23rd,1093,E,NS,3,3,6,|,1
SE Clinton & 23rd,1094,W,FS,5,2,7,|,0
SE Clinton & 26th,1095,E,NS,28,12,40,|,0
Rose Quarter Transit Center,1097,N,AT,874,111,985,|,138
3500 Block NE Columbia Blvd,1099,W,AT,2,8,10,|,0
3500 Block NE Columbia Blvd,1100,E,OP,3,2,5,|,0
3800 Block NE Columbia Blvd,1101,W,AT,4,6,10,|,0
3800 Block NE Columbia Blvd,1102,E,AT,7,4,11,|,0
SW Columbia & Park Ave,1108,E,NS,149,98,247,|,8
SW Columbia & 12th,1111,E,NS,91,68,159,|,107
SW 18th & Goose Hollow MAX Station,1114,E,AT,390,202,592,|,94
NE Columbia Blvd & 27th,1115,W,OP,0,2,2,|,0
NE Columbia Blvd & 42nd,1116,W,FS,1,6,7,|,0
NE Columbia Blvd & 42nd,1117,E,FS,6,1,7,|,0
NE Columbia Blvd & 47th,1118,E,NS,45,21,66,|,2
SW Commercial & Hall,1122,N,FS,2,10,12,|,0
SW Commercial & Hall,1123,S,NS,6,6,12,|,0
SW Corbett & Abernethy,1125,S,NS,0,1,1,|,0
SW Corbett & Abernethy,1126,N,NS,0,0,0,|,0
SW Corbett & Bancroft,1127,S,NS,0,1,1,|,0
SW Corbett & Bancroft,1128,N,NS,0,1,1,|,0
SW Corbett & Boundary St,1129,N,NS,6,2,8,|,0
SW Corbett & Carolina,1130,N,NS,2,0,2,|,0
SW Corbett & Carolina,1131,S,NS,0,2,2,|,0
SW Corbett & Curry,1132,S,NS,1,1,2,|,0
SW Corbett & Curry,1133,N,NS,1,1,2,|,0
SW Corbett & Flower,1134,S,NS,0,1,1,|,0
SW Corbett & Flower,1135,N,NS,2,0,2,|,0
SW Corbett & Gaines,1136,N,NS,4,1,5,|,0
SW Corbett & Gaines,1137,S,NS,2,4,6,|,0
SW Corbett & Gibbs,1138,S,NS,9,1,10,|,0
SW Corbett & Gibbs,1139,N,NS,2,13,15,|,0
SW Corbett & Hamilton,1140,S,NS,3,2,5,|,0
SW Corbett & Hamilton,1141,N,NS,1,4,5,|,0
SW Corbett & Mitchell,1146,N,FS,1,0,1,|,0
SW Corbett & Mitchell,1147,S,NS,1,4,5,|,3
SW Corbett & Nebraska,1148,S,OP,0,2,2,|,0
SW Corbett & Pendleton,1149,N,NS,4,1,5,|,0
SW Corbett & Pendleton,1150,S,NS,1,2,3,|,0
SW Corbett & Richardson,1151,S,FS,1,2,3,|,0
SW Corbett & Richardson,1152,N,NS,3,0,3,|,0
SW Corbett & Sweeney,1155,S,OP,2,2,4,|,0
NE Evergreen Pkwy & Cornelius Pass Rd,1158,W,FS,6,1,7,|,0
NE Evergreen Pkwy & 106th (NW 188th),1159,W,NS,28,15,43,|,4
12200 Block NW Cornell,1160,E,AT,12,6,18,|,9
12200 Block NW Cornell,1161,W,OP,2,9,11,|,5
12900 Block NW Cornell,1162,W,AT,8,7,15,|,0
