"",,,,,,,,Monthly
Stop Location,Location ID,Direction,Position,Ons,Offs,Total,,Lifts
6800 Block NW St Helens,5330,N,OP,2,1,3,|,0
NW St Helens & Milepost 8,5332,N,AT,0,0,0,|,0
NW St Helens & Milepost 8,5333,S,FS,0,0,0,|,0
NW St Helens & Bridge,5336,S,NS,3,0,3,|,0
NW St Helens & Doane,5338,N,FS,0,3,3,|,0
NW St Helens & Doane,5339,S,OP,3,0,3,|,0
11400 Block NW St Helens,5341,N,AT,2,4,6,|,0
11400 Block NW St Helens,5342,S,OP,2,0,2,|,0
NW St Helens & Harbor,5344,S,NS,2,0,2,|,0
NW St Helens & Hoge,5345,N,OP,0,2,2,|,0
NW St Helens & Hoge,5346,S,FS,2,0,2,|,0
9400 Block NW St Helens,5350,N,AT,0,0,0,|,0
NW St Helens & Front,5352,N,NS,1,4,5,|,0
NW St Helens & Front,5353,S,OP,5,1,6,|,0
NW St Helens & 105th,5354,N,FS,0,1,1,|,0
NW St Helens & 105th,5355,S,FS,1,0,1,|,0
NW St Helens & 107th,5356,N,NS,0,7,7,|,2
NW St Helens & 107th,5357,S,OP,8,0,8,|,5
NW St Helens & 109th,5358,N,NS,0,1,1,|,0
NW St Helens & 111th,5359,N,OP,2,3,5,|,0
NW St Helens & 56th,5361,N,OP,1,0,1,|,0
NW St Helens & 56th,5362,S,NS,1,0,1,|,0
N St Louis & New York,5373,E,NS,8,2,10,|,1
N St Louis & Seneca,5374,W,NS,3,11,14,|,14
N St Louis & Smith,5375,W,NS,2,18,20,|,2
N St Louis & Smith,5376,E,NS,11,2,13,|,2
St Vincent Hospital Dr & Barnes,5377,S,NS,12,8,20,|,5
St Vincent Hospital East Pavilion,5378,W,AT,79,94,173,|,65
St Vincent Hospital Main Stop,5379,W,AT,74,64,138,|,61
NE Stanton & 117th,5384,W,NS,3,0,3,|,0
NE Stanton & 121st,5385,W,NS,2,0,2,|,0
NE Stanton & 122nd,5386,E,NS,0,4,4,|,0
SE Stark & 182nd,5390,W,OP,55,56,111,|,28
21000 Block SE Stark,5391,W,AT,14,6,20,|,2
21000 Block SE Stark,5392,E,NS,6,15,21,|,1
SE Stark & 215th,5393,W,OP,15,6,21,|,1
9200 Block SE Stark,5394,W,AT,36,16,52,|,13
SE Stark & 139th,5395,W,FS,58,24,82,|,23
SE Stark & NE Hale,5397,E,NS,12,75,87,|,20
SE Stark & SW McGinnis,5398,W,FS,49,13,62,|,17
SE Stark & NE Kelly,5404,E,NS,3,5,8,|,0
SE Stark & 238th,5407,W,NS,35,9,44,|,24
SE Stark & Mt Hood Comm College Entrance,5408,E,FS,0,1,1,|,0
SE Stark & SW Corbeth Lane,5409,W,NS,2,0,2,|,0
SE Stark & Medical Center,5410,E,NS,25,42,67,|,41
SE Stark & NE Rene,5411,W,OP,26,9,35,|,7
SE Stark & 105th,5414,W,FS,44,70,114,|,26
