"",,,,,,,,Monthly
Stop Location,Location ID,Direction,Position,Ons,Offs,Total,,Lifts
SW Capitol & Sunset,955,W,NS,369,337,706,|,17
SW Capitol & Terwilliger,956,E,NS,15,17,32,|,1
SW Capitol & Terwilliger,957,W,FS,13,17,30,|,1
SW Capitol & Texas,958,S,FS,2,11,13,|,2
SW Capitol & California,959,N,NS,15,10,25,|,2
SW Capitol & Nebraska,963,E,FS,23,5,28,|,1
SW Capitol & Nebraska,964,W,OP,18,33,51,|,7
SW Capitol & 26th,965,E,FS,104,24,128,|,6
SW Capitol & 26th,966,W,FS,32,117,149,|,15
SW Capitol & 33rd,970,W,NS,18,99,117,|,6
SW Capitol & 33rd,971,E,OP,98,14,112,|,6
SW Capitol & 35th,972,E,NS,119,42,161,|,21
SW Capitol & Brugger,975,E,NS,10,2,12,|,0
8600 Block SE Causey,984,W,AT,21,11,32,|,6
8800 Block SE Causey,987,E,OP,8,16,24,|,5
SE Causey & 82nd,989,W,NS,14,10,24,|,6
SW Cedar Hills & Butner,993,S,FS,14,20,34,|,1
3300 Block SW Cedar Hills,995,N,AT,6,16,22,|,7
SW Cedar Hills & Butner,996,N,NS,4,4,8,|,0
SW Cedar Hills & Fairfield,1002,N,NS,37,77,114,|,52
SW Cedar Hills & Fairfield,1003,S,OP,102,38,140,|,53
SW Cedar Hills & Huntington,1010,E,OP,6,6,12,|,10
SW Cedar Hills & Huntington,1011,W,NS,5,8,13,|,14
SW Cedar Hills & Jenkins,1013,N,NS,14,43,57,|,19
SW Cedar Hills & Jenkins,1014,S,FS,18,26,44,|,15
SW Cedar Hills & Lynnridge,1017,E,FS,3,2,5,|,0
SW Cedar Hills & Lynnridge,1018,W,FS,1,2,3,|,0
SW Cedar Hills & Park Way,1019,N,NS,15,15,30,|,5
SW Cedar Hills & Park Way,1020,S,FS,19,8,27,|,6
SW Cedar Hills & Walker,1021,N,NS,22,42,64,|,18
SW Cedar Hills & Walker,1022,S,FS,40,34,74,|,21
Jantzen Beach Main Stop,1026,S,OP,321,344,665,|,136
SW Center & 125th,1034,E,FS,13,18,31,|,4
SW Center & 125th,1035,W,FS,19,20,39,|,4
N Channel Ave & Anchor,1041,E,FS,33,30,63,|,3
N Channel Ave & Ballast,1042,E,OP,0,0,0,|,0
N Channel Ave & Commerce,1043,S,OP,0,1,1,|,0
N Channel Ave & Dolphin,1044,S,OP,1,0,1,|,0
N Chautauqua & Washburne,1045,N,NS,2,5,7,|,0
N Chautauqua & Washburne,1046,S,OP,4,1,5,|,1
N Chautauqua & Alaska,1047,N,NS,11,33,44,|,12
N Chautauqua & Willis,1050,S,NS,11,9,20,|,3
SW Chestnut & Bertha,1051,W,NS,7,1,8,|,0
SW Chestnut & 12th,1053,S,NS,1,1,2,|,0
SW Chestnut & 14th,1056,N,NS,3,2,5,|,0
Clackamas Community College,1068,N,AT,278,273,551,|,79
SE Clinton & 21st,1092,W,NS,12,11,23,|,0
