"",,,,,,,,Monthly
Stop Location,Location ID,Direction,Position,Ons,Offs,Total,,Lifts
NE Halsey & 201st,2410,E,FS,14,37,51,|,1
NE Halsey & 201st,2411,W,FS,40,18,58,|,3
NE Halsey & Fairview Parkway,2414,W,NS,8,2,10,|,2
NE Halsey & Fairview Parkway,2415,E,FS,2,6,8,|,3
NE Halsey & 227th,2416,E,OP,14,54,68,|,23
NE Halsey & 230th Ct,2418,E,NS,14,33,47,|,3
NE Halsey & 230th Ct,2419,W,OP,42,11,53,|,5
NE Halsey & 238th,2420,W,FS,74,50,124,|,20
NE Halsey & 238th,2421,E,FS,16,34,50,|,9
NE Halsey & 244th,2422,E,NS,2,22,24,|,11
NE Halsey & 244th,2423,W,FS,19,2,21,|,7
NE Halsey & 49th,2425,W,NS,3,3,6,|,0
NE Halsey & 50th,2426,E,OP,5,7,12,|,1
NE Halsey & 53rd,2428,W,NS,14,6,20,|,1
NE Halsey & 53rd,2429,E,NS,5,18,23,|,4
NE Halsey & 55th,2430,E,OP,4,9,13,|,1
NE Halsey & 55th,2431,W,NS,7,3,10,|,1
NE Halsey & 57th,2432,W,NS,29,22,51,|,7
NE Halsey & 58th,2434,E,NS,29,37,66,|,29
NE Halsey & Village St,2436,E,FS,5,16,21,|,2
NE Halsey & 7th St,2437,W,FS,38,9,47,|,23
NE Halsey & 60th,2438,W,FS,16,17,33,|,19
NE Halsey & 60th,2439,E,FS,29,19,48,|,8
NE Halsey & 63rd,2440,E,NS,12,12,24,|,8
NE Halsey & 63rd,2441,W,NS,12,8,20,|,5
NE Halsey & 66th,2442,E,OP,50,48,98,|,11
NE Halsey & 66th,2443,W,NS,51,47,98,|,19
NE Halsey & 69th,2445,W,OP,17,15,32,|,7
NE Halsey & 69th,2446,E,AT,16,17,33,|,3
NE Halsey & 72nd,2448,E,OP,8,12,20,|,7
NE Halsey & 74th,2450,E,NS,7,17,24,|,1
NE Halsey & 74th,2451,W,OP,17,9,26,|,1
NE Halsey & 76th,2452,E,NS,2,5,7,|,2
NE Halsey & 76th,2453,W,NS,7,2,9,|,0
NE Halsey & 78th,2454,E,NS,2,4,6,|,1
NE Halsey & 79th,2455,W,OP,3,2,5,|,1
NE Halsey & 86th,2456,E,OP,4,6,10,|,2
NE Halsey & 86th,2457,W,NS,4,2,6,|,0
NE Halsey & 88th,2458,E,FS,2,5,7,|,8
NE Halsey & 90th,2459,W,FS,3,1,4,|,9
NE Halsey & 92nd,2460,E,NS,5,10,15,|,1
SW Hamilton & 55th Pl,2461,W,FS,0,0,0,|,0
5700 Block SW Hamilton,2462,E,AT,1,0,1,|,0
SW Hamilton & Semler Way,2463,W,NS,0,3,3,|,0
6200 Block SW Hamilton,2464,E,AT,4,0,4,|,0
SW Hamilton & Scholls Ferry,2465,E,FS,0,0,0,|,0
SW Hamilton & Dosch,2466,E,NS,0,0,0,|,0
