"",,,,,,,,Monthly
Stop Location,Location ID,Direction,Position,Ons,Offs,Total,,Lifts
SW 14th Dr & Birdsdale,6739,E,NS,1,0,1,|,0
SW 14th Dr & Birdsdale,6740,W,OP,1,1,2,|,0
SW 14th Dr & Tegart,6742,E,FS,2,1,3,|,14
SW 14th Dr & Tegart,6743,W,OP,1,1,2,|,4
SW 14th Dr & Pleasant View Dr,6744,E,NS,3,1,4,|,1
SW 14th Dr & Pleasant View,6745,W,NS,1,2,3,|,3
NE 141st & Failing,6746,N,NS,8,1,9,|,1
NE 141st & Beech,6747,S,FS,2,8,10,|,2
NE 141st & Failing,6748,S,FS,6,3,9,|,1
NE 141st & Fremont,6749,S,NS,3,4,7,|,2
NE 141st & Milton Ct,6750,N,FS,6,0,6,|,2
NE 143rd & Fremont Ct,6755,N,NS,0,1,1,|,0
NE 145th & Fremont,6765,N,NS,7,4,11,|,0
NE 15th & Ainsworth,6771,N,NS,1,37,38,|,13
NE 15th & Ainsworth,6772,S,NS,45,2,47,|,6
NE 15th & Alberta,6773,N,NS,31,245,276,|,61
NE 15th & Alberta,6774,S,FS,180,38,218,|,30
NE 15th & Brazee,6777,N,NS,8,32,40,|,13
NE 15th & Brazee,6778,S,NS,25,6,31,|,10
NE 15th & Weidler,6779,S,NS,55,77,132,|,24
NE 15th & Dekum,6780,N,NS,2,87,89,|,33
NE 15th & Failing,6783,N,NS,9,40,49,|,2
NE 15th & Failing,6784,S,NS,47,4,51,|,1
NE 15th & Fremont,6785,N,NS,36,124,160,|,15
NE 15th & Fremont,6786,S,NS,113,38,151,|,13
NE 15th & Going,6787,N,NS,2,45,47,|,4
NE 15th & Going,6788,S,NS,52,4,56,|,2
NE 15th & Halsey,6789,S,FS,30,18,48,|,5
NE 15th & Holman,6790,N,NS,1,43,44,|,14
NE 15th & Jarrett,6792,N,NS,2,34,36,|,7
NE 15th & Jarrett,6793,S,NS,39,2,41,|,5
NE 15th & Junior,6794,S,NS,79,4,83,|,34
NE 15th & Killingsworth,6795,N,NS,11,88,99,|,11
NE 15th & Killingsworth,6796,S,NS,78,10,88,|,3
NE 15th & Holman,6797,S,FS,39,2,41,|,35
NE 15th & Knott,6799,N,NS,6,43,49,|,2
NE 15th & Knott,6800,S,NS,44,6,50,|,2
NE 15th & Mason,6801,N,NS,5,33,38,|,5
NE 15th & Mason,6802,S,NS,39,3,42,|,3
NE 15th & Rosa Parks Way,6803,N,NS,1,25,26,|,6
NE 15th & Rosa Parks Way,6804,S,NS,37,2,39,|,3
NE 15th & Prescott,6805,S,FS,46,2,48,|,2
NE 15th & Siskiyou,6808,N,NS,5,42,47,|,0
NE 15th & Siskiyou,6809,S,NS,37,4,41,|,0
NE 15th & Prescott,6810,N,NS,2,57,59,|,5
NE 15th & Sumner,6813,S,NS,49,3,52,|,5
NE 15th & Sumner,6814,N,NS,3,24,27,|,1
