"",,,,,,,,Monthly
Stop Location,Location ID,Direction,Position,Ons,Offs,Total,,Lifts
SW Vermont & Idaho Dr,11789,E,FS,9,4,13,|,3
3400 Block McNary,11804,W,AT,0,2,2,|,0
South Shore & Patton,11805,E,OP,0,1,1,|,0
SW Farmington & Hall,11810,E,FS,4,24,28,|,5
N Interstate & Multnomah (Rose Quarter),11813,S,NS,25,123,148,|,7
N Interstate & Rose Quarter TC,11814,N,AT,115,33,148,|,9
NE Sandy & 172nd Pl,11815,W,FS,6,7,13,|,1
NE Sandy & 172nd Pl,11816,E,NS,6,10,16,|,1
Rose Quarter Transit Center,11817,E,NS,215,290,505,|,120
N Macrum & Powers,11824,N,OP,4,0,4,|,0
N Columbia Blvd & Oregonian,11825,W,NS,0,0,0,|,0
N Columbia Blvd & Bank,11826,W,NS,0,0,0,|,0
N Columbia Blvd & Upland Dr,11827,W,FS,0,1,1,|,0
N Columbia Blvd & Swift,11828,W,FS,1,2,3,|,2
N Marine & Pier 99 St,11829,S,OP,3,25,28,|,1
NE Walker & N Vancouver Way,11830,W,NS,0,4,4,|,0
NE Glisan & 74th,11831,W,NS,34,7,41,|,4
N Marine & Pier 99 St,11832,N,NS,30,1,31,|,1
N Columbia Blvd & Upland Dr,11833,E,NS,0,0,0,|,0
N Columbia Blvd & Bank,11834,E,OP,0,0,0,|,0
N Columbia Blvd & Oregonian,11835,E,FS,0,0,0,|,0
N Macrum & Powers,11836,S,NS,0,3,3,|,0
N Ivanhoe & Baltimore,11837,S,FS,3,13,16,|,4
N Columbia Blvd & Hendricks,11838,E,NS,4,1,5,|,1
N Interstate & Albina,11839,N,FS,16,10,26,|,0
N Interstate & Tillamook,11840,N,FS,1,8,9,|,1
N Interstate & Tillamook,11844,S,NS,4,2,6,|,0
N Interstate & Larrabee,11845,S,NS,1,2,3,|,0
Molalla & Garden Meadow,11846,S,FS,3,9,12,|,5
9500 Block N Columbia Blvd,11849,S,OP,0,0,0,|,0
9500 Block N Columbia Blvd,11850,N,AT,0,0,0,|,0
SW Hocken & Cedar Hills Xing Entrance,11851,N,AT,25,40,65,|,31
SW Hocken & Cedar Hills Xing Entrance,11852,S,OP,32,21,53,|,19
SE Powell & 57th,11920,E,NS,22,30,52,|,5
SE Powell & 62nd,11921,E,FS,9,30,39,|,3
SE Powell & 75th,11922,E,OP,10,35,45,|,16
SE Powell & 75th,11923,W,FS,45,14,59,|,34
SE Powell & 65th,11924,W,FS,47,9,56,|,14
SE Powell & 55th,11925,W,FS,38,51,89,|,5
SE Bob Schumacher & Monterey,11926,S,FS,3,4,7,|,3
SE Bob Schumacher & Monterey,11927,N,NS,2,2,4,|,2
SE Sunnyside & Sunnybrook,11928,W,OP,0,0,0,|,0
SE Sunnyside & 105th,11929,W,NS,7,4,11,|,3
12700 Block SE Hwy 212,11930,E,AT,0,2,2,|,0
12700 Block SE Hwy 212,11931,W,OP,2,0,2,|,0
Molalla & Mountain View,11932,N,OP,8,3,11,|,1
Molalla & Mountain View,11933,S,NS,4,10,14,|,1
