"",,,,,,,,Monthly
Stop Location,Location ID,Direction,Position,Ons,Offs,Total,,Lifts
NE Glisan & 32nd,2108,E,NS,7,13,20,|,2
NE Glisan & 32nd,2109,W,NS,11,5,16,|,2
NE Glisan & Cesar Chavez Blvd,2110,E,FS,33,29,62,|,34
NE Glisan & Cesar Chavez Blvd,2111,W,FS,27,47,74,|,34
NE Glisan & 43rd,2114,E,NS,3,15,18,|,1
NE Glisan & 43rd,2115,W,NS,17,3,20,|,1
NE Glisan & 45th,2117,W,NS,35,11,46,|,21
NE Glisan & 49th,2119,E,FS,70,87,157,|,139
NE Glisan & 52nd,2121,W,NS,65,39,104,|,46
NE Glisan & 53rd,2122,E,NS,22,46,68,|,21
NE Glisan & 55th,2123,W,NS,13,10,23,|,10
NE Glisan & 56th,2124,E,FS,10,13,23,|,7
NE Glisan & 57th,2126,W,NS,13,8,21,|,17
NE Glisan & 60th,2127,E,NS,29,50,79,|,46
NE Glisan & 60th,2128,W,NS,49,31,80,|,39
NE Glisan & 62nd,2129,W,NS,15,1,16,|,1
NE Glisan & 62nd,2130,E,NS,2,8,10,|,0
NE Glisan & 65th,2131,E,NS,5,31,36,|,12
NE Glisan & 65th,2132,W,NS,45,8,53,|,49
NE Glisan & 67th,2133,W,NS,34,28,62,|,24
NE Glisan & 67th,2134,E,NS,33,47,80,|,24
NE Glisan & 71st,2137,W,NS,35,13,48,|,3
NE Glisan & 71st,2138,E,NS,9,29,38,|,3
NE Glisan & 73rd,2139,E,FS,7,30,37,|,5
NE Glisan & 78th,2143,W,NS,38,12,50,|,14
NE Glisan & 78th,2144,E,NS,12,37,49,|,11
NE Glisan & 80th,2145,W,NS,31,5,36,|,7
NE Glisan & 80th,2146,E,NS,4,24,28,|,6
NE Glisan & 82nd,2147,E,FS,25,93,118,|,40
NE Glisan & 82nd,2148,W,NS,79,28,107,|,58
NE Glisan & 85th,2149,W,OP,7,4,11,|,0
NE Glisan & 86th,2151,E,NS,6,13,19,|,1
NE Glisan & 90th,2153,W,NS,25,10,35,|,3
NE Glisan & 92nd,2155,E,NS,9,21,30,|,7
NE Glisan & 92nd,2156,W,NS,24,13,37,|,4
NE Glisan & 94th,2158,E,NS,3,10,13,|,1
N Going & Port Center Way,2161,W,FS,4,44,48,|,3
NE Grand & Broadway,2165,N,FS,106,30,136,|,55
SE Grand & E Burnside,2167,N,NS,256,100,356,|,64
NE Grand & Hoyt,2169,N,OP,34,38,72,|,7
SE Grand & Main,2170,N,NS,233,45,278,|,26
SE Grand & Mill,2171,N,NS,0,3,3,|,0
NE Grand & Holladay,2175,N,FS,292,130,422,|,70
NE Grand & Weidler,2178,N,NS,128,67,195,|,50
N Greeley & Ainsworth,2182,N,NS,3,21,24,|,1
N Greeley & Ainsworth,2183,S,NS,22,2,24,|,4
N Greeley & Bryant,2185,N,NS,2,22,24,|,3
