"",,,,,,,,Monthly
Stop Location,Location ID,Direction,Position,Ons,Offs,Total,,Lifts
SW Sunset Blvd & Dosch,5556,W,NS,0,1,1,|,0
SW Sunset Blvd & Dosch,5557,E,FS,1,0,1,|,0
SW Sunset Blvd & Dosch Park Ln,5558,E,FS,1,0,1,|,0
SW Sunset Blvd & Mitchell,5562,W,OP,0,1,1,|,0
SW Sunset Blvd & Mitchell,5563,E,FS,2,0,2,|,0
SW Sunset Blvd & Richardson,5564,N,NS,0,0,0,|,0
SW Sunset Blvd & Richardson,5565,S,FS,1,0,1,|,0
SW Sunset Blvd & 18th Dr,5566,S,FS,1,0,1,|,0
SW Sunset Blvd & 18th Dr,5567,N,FS,0,1,1,|,0
SW Sunset Blvd & 19th,5568,N,FS,0,1,1,|,0
SW Sunset Blvd & 25th,5569,S,OP,1,0,1,|,0
SW Sunset Blvd & 26th,5570,E,FS,1,0,1,|,0
SW Sunset Blvd & 26th Dr,5571,W,OP,0,0,0,|,0
SW Sunset Blvd & 27th,5572,W,FS,0,1,1,|,0
SW Sunset Blvd & 27th,5573,E,OP,0,0,0,|,0
SW Sunset Blvd & 29th,5574,W,NS,0,1,1,|,0
SW Sunset Blvd & 31st Dr,5575,W,OP,0,0,0,|,0
SW Sunset Blvd & 31st Dr,5576,E,FS,1,0,1,|,0
SW Tualatin Valley Hwy & 214th,5586,W,NS,32,30,62,|,2
SE Tualatin Valley Hwy & Sunset Esplnd,5588,W,AT,71,53,124,|,42
SW Tualatin Valley Hwy & Market Centre,5590,E,OP,51,38,89,|,11
SW Tualatin Valley Hwy & Aloha Villa,5592,W,AT,4,11,15,|,1
18882-19040 SW Tualatin Valley Hwy,5593,E,AT,9,12,21,|,0
18882-19040 SW Tualatin Valley Hwy,5594,W,OP,25,22,47,|,4
SW Tualatin Valley Hwy & 141st,5595,W,NS,11,6,17,|,2
SW Tualatin Valley Hwy & Hocken,5597,E,NS,18,49,67,|,13
SE Tualatin Valley Hwy & Minter Bridge,5598,E,NS,106,159,265,|,53
SW Tualatin Valley Hwy & Murray,5599,W,FS,86,27,113,|,7
SW Tualatin Valley Hwy & Murray,5600,E,NS,18,75,93,|,9
SW Tualatin Valley Hwy & Market Centre,5601,W,AT,39,69,108,|,15
SE Tualatin Valley Hwy & River Rd,5602,E,FS,26,24,50,|,4
SW Tualatin Valley Hwy & St Marys Home,5603,E,OP,7,10,17,|,0
SW Tualatin Valley Hwy & St Marys Home,5604,W,AT,4,8,12,|,0
SE Tualatin Valley Hwy & 24th,5606,E,FS,36,23,59,|,18
SE Tualatin Valley Hwy & 40th,5609,E,OP,2,4,6,|,0
SE Tualatin Valley Hwy & Sunset Esplnd,5611,E,OP,66,78,144,|,61
SE Tualatin Valley Hwy & 24th,5612,W,FS,41,83,124,|,50
SE Tualatin Valley Hwy & Brookwood,5614,E,FS,62,56,118,|,13
SE Tualatin Valley Hwy & 11th,5615,N,FS,21,40,61,|,8
SE Tualatin Valley Hwy & 13th,5616,W,NS,32,31,63,|,9
SW Tualatin Valley Hwy & 142nd,5617,E,NS,6,14,20,|,1
SW Tualatin Valley Hwy & 160th,5618,E,FS,53,31,84,|,7
SW Tualatin Valley Hwy & Millikan Blvd,5619,W,NS,36,55,91,|,8
SW Tualatin Valley Hwy & 170th,5620,E,FS,108,62,170,|,17
SW Tualatin Valley Hwy & 170th,5621,W,FS,73,113,186,|,13
SW Tualatin Valley Hwy & 174th,5622,W,NS,7,14,21,|,0
SW Tualatin Valley Hwy & 174th,5623,E,OP,19,8,27,|,0
