"",,,,,,,,Monthly
Stop Location,Location ID,Direction,Position,Ons,Offs,Total,,Lifts
SW Tualatin Valley Hwy & 153rd,9029,E,NS,2,6,8,|,0
NW 23rd & Raleigh,9030,S,FS,84,5,89,|,4
NW 23rd & Raleigh,9031,N,NS,4,92,96,|,5
SW Bertha & Chestnut,9033,N,NS,9,3,12,|,0
SW Scholls Ferry & Springwood,9038,W,OP,16,22,38,|,1
Molalla & Char Diaz Dr,9041,N,OP,2,0,2,|,0
Molalla & Oregon City Post Office,9042,N,AT,5,1,6,|,4
SW Columbia & 10th,9044,E,NS,194,71,265,|,45
SW 257th & Hensley Rd,9046,N,FS,1,4,5,|,1
SW 72nd & Durham Rd,9047,S,NS,0,0,0,|,0
SW 72nd & Durham Rd,9048,N,OP,1,0,1,|,0
NW Cornell & Bethany,9050,W,FS,25,26,51,|,4
NW Cornell & Evergreen Pkwy,9051,W,FS,11,19,30,|,3
NW Cornell & 167th Pl,9052,W,FS,7,9,16,|,11
NW Cornell & 173rd Pl,9053,W,NS,21,33,54,|,5
NW Cornell & 167th Pl,9054,E,NS,6,5,11,|,10
NW Cornell & 173rd Ave,9055,E,FS,30,21,51,|,6
NW Cornell & Bethany Ct,9056,E,NS,34,41,75,|,8
NW Cornell & 179th,9059,E,NS,16,9,25,|,4
SE 181st & E Burnside,9061,S,FS,33,64,97,|,21
SW Hall & Tigard City Hall,9065,S,AT,1,4,5,|,2
SW Hall & Fanno Creek Ct,9067,S,OP,3,5,8,|,0
SW Hall & Bonita,9068,S,NS,8,25,33,|,0
SW Hall & Murdock,9069,S,OP,1,6,7,|,0
SW Hall & Sattler,9070,S,FS,2,8,10,|,0
SW Hall & Avon,9071,N,FS,37,5,42,|,0
8300 Block SW Durham,9072,E,OP,4,10,14,|,0
SW Durham & 76th,9073,E,OP,0,3,3,|,0
SW Durham & Upper Boones Ferry,9076,S,FS,6,28,34,|,1
7200 Block SW Durham,9077,W,OP,7,1,8,|,0
SW Durham & Upper Boones Ferry,9078,N,FS,19,3,22,|,1
SW Durham & 76th,9079,W,NS,2,1,3,|,0
8200 Block SW Durham,9080,W,AT,5,5,10,|,0
SW Hall & Ashford,9082,N,NS,3,3,6,|,0
SW Hall & Murdock,9083,N,NS,4,0,4,|,0
SW Hall & Bonita,9084,N,NS,26,8,34,|,0
SW Hall & McDonald,9085,N,NS,5,2,7,|,0
SW Hall & Omara,9086,N,OP,22,5,27,|,14
SW 257th & 16th Way,9092,N,NS,6,21,27,|,10
SW 257th & Cherry Park,9094,N,NS,1,9,10,|,2
17600 Block NE Sandy,9095,E,AT,12,27,39,|,1
SW 257th & Sturges,9101,S,NS,5,1,6,|,1
SW 257th & Cherry Park,9103,S,NS,22,7,29,|,11
NE 105th & Killingsworth,9105,N,FS,4,3,7,|,1
NE 105th & Simpson,9106,N,FS,1,2,3,|,0
11000 Block NE Holman,9107,E,AT,3,11,14,|,4
NE Airport Way & Ainsworth Circle,9108,E,NS,3,12,15,|,1
