"",,,,,,,,Monthly
Stop Location,Location ID,Direction,Position,Ons,Offs,Total,,Lifts
NE 33rd & Rosa Parks Way,7388,S,NS,11,1,12,|,0
NE 33rd & Rosa Parks Way,7389,N,NS,1,10,11,|,1
NE 33rd & Prescott,7390,N,NS,1,8,9,|,2
NE 33rd & Prescott,7391,S,NS,17,1,18,|,2
NE 33rd & Schuyler,7392,N,NS,17,8,25,|,1
NE 33rd & Shaver,7393,N,NS,1,8,9,|,0
NE 33rd & Shaver,7394,S,NS,7,1,8,|,0
NE 33rd & Siskiyou,7395,N,NS,1,6,7,|,1
NE 33rd & Siskiyou,7396,S,NS,11,1,12,|,1
NE 33rd & Skidmore,7397,S,NS,7,0,7,|,0
NE 33rd & Skidmore,7398,N,NS,1,10,11,|,0
NE 33rd & Stanton,7399,N,FS,1,9,10,|,0
NE 33rd & Stanton,7400,S,NS,8,0,8,|,0
NE 33rd & US Grant Pl,7402,N,FS,6,6,12,|,0
NE 33rd & US Grant Pl,7403,S,NS,3,2,5,|,0
SE 34th & Sellwood,7407,N,NS,1,1,2,|,0
SE 34th & Sellwood,7408,S,NS,0,1,1,|,0
SE 34th & Washington,7409,N,NS,0,0,0,|,0
SE 34th & Wister,7410,N,NS,1,1,2,|,0
SE 34th & Wister,7411,S,NS,0,0,0,|,0
SW 35th & Caldew,7412,S,NS,0,2,2,|,0
SW 35th & Caldew,7413,N,OP,2,0,2,|,0
SW 35th & California,7414,S,NS,0,2,2,|,0
SW 35th & California,7415,N,OP,1,0,1,|,0
SW 35th & Canby,7417,N,NS,1,1,2,|,0
SW 35th & Huber,7419,S,NS,1,5,6,|,0
SW 35th & Indian Hills Apts,7420,N,AT,8,1,9,|,0
SW 35th & Indian Hills Apts,7421,S,OP,2,3,5,|,0
SW 35th & Logan,7422,S,NS,0,2,2,|,0
SW 35th & Logan,7423,N,OP,2,0,2,|,0
SW 35th & Nevada,7425,S,NS,0,5,5,|,0
SW 35th & Nevada,7426,N,NS,4,0,4,|,0
SW 35th & Ridge Dr,7427,N,NS,2,2,4,|,0
SW 35th & Ridge Dr,7428,S,OP,2,2,4,|,0
SW 35th & Texas,7429,S,FS,0,1,1,|,0
SW 35th & Texas,7430,N,OP,1,0,1,|,0
SE Cesar Chavez Blvd & Alder,7434,S,NS,5,9,14,|,4
SE Cesar Chavez Blvd & Ash,7435,N,NS,4,5,9,|,3
SE Cesar Chavez Blvd & Ash,7436,S,OP,10,8,18,|,6
SE Cesar Chavez Blvd & Belmont,7437,N,NS,109,149,258,|,59
SE Cesar Chavez Blvd & Belmont,7438,S,NS,119,99,218,|,37
SE Cesar Chavez Blvd & Brooklyn,7439,N,NS,12,2,14,|,1
SE Cesar Chavez Blvd & E Burnside,7440,N,NS,58,127,185,|,57
NE Cesar Chavez Blvd & E Burnside,7441,S,NS,139,48,187,|,56
SE Cesar Chavez Blvd & Clinton,7442,N,NS,11,9,20,|,3
SE Cesar Chavez Blvd & Clinton,7443,S,NS,6,14,20,|,1
SE Cesar Chavez Blvd & Cora,7444,S,NS,3,11,14,|,1
