"",,,,,,,,Monthly
Stop Location,Location ID,Direction,Position,Ons,Offs,Total,,Lifts
SE Hawthorne & 16th,2604,W,NS,72,37,109,|,47
SE Hawthorne & 19th,2606,W,FS,68,28,96,|,11
SE Hawthorne & 20th,2607,E,FS,32,54,86,|,10
SE Hawthorne & 23rd,2608,E,NS,29,39,68,|,1
SE Hawthorne & 22nd,2609,W,NS,71,43,114,|,8
SE Hawthorne & 25th,2611,W,FS,50,17,67,|,14
SE Hawthorne & 25th,2612,E,FS,16,38,54,|,3
SE Hawthorne & 27th,2613,W,NS,94,64,158,|,17
SE Hawthorne & 28th,2614,E,OP,56,138,194,|,28
SE Hawthorne & 30th,2615,E,NS,28,66,94,|,3
SE Hawthorne & 30th,2616,W,NS,81,31,112,|,6
SE Hawthorne & 32nd Pl,2617,E,FS,14,45,59,|,3
SE Hawthorne & 32nd,2619,W,NS,42,18,60,|,1
SE Hawthorne & 34th,2620,E,FS,42,84,126,|,7
SE Hawthorne & 37th,2623,E,FS,45,124,169,|,28
SE Hawthorne & 37th,2624,W,NS,106,41,147,|,19
SE Hawthorne & Cesar Chavez Blvd,2625,E,NS,163,217,380,|,62
SE Hawthorne & Cesar Chavez Blvd,2626,W,FS,211,159,370,|,116
SE Hawthorne & 41st,2628,E,NS,51,77,128,|,14
SE Hawthorne & 41st,2629,W,NS,55,41,96,|,15
SE Hawthorne & 44th,2630,E,NS,22,51,73,|,5
SE Hawthorne & 44th,2632,W,FS,62,26,88,|,5
SE Hawthorne & 47th,2633,E,FS,33,72,105,|,10
SE Hawthorne & 47th,2635,W,OP,63,24,87,|,9
Hawthorne Bridge,2641,E,AT,89,97,186,|,8
Hawthorne Bridge,2642,W,AT,82,111,193,|,9
Hawthorne Bridge Ramp & SE M L King,2643,E,FS,36,231,267,|,24
N Hayden Meadows Dr & Whitaker,2648,E,FS,22,22,44,|,22
SW Heiney & Binford Lake,2650,S,NS,6,1,7,|,0
S High & 1st,2662,N,NS,1,3,4,|,0
S High & 1st,2663,S,FS,3,1,4,|,0
High & 3rd,2664,N,NS,4,8,12,|,1
High & 5th,2666,N,NS,4,7,11,|,7
SW Highland & Linneman,2667,E,FS,0,0,0,|,0
SW Highland & Linneman,2668,W,OP,0,0,0,|,0
SW Highland & 11th St,2669,N,FS,16,6,22,|,2
SW Highland & 11th St,2670,S,FS,4,0,4,|,0
SW Highland & 14th Dr,2671,E,NS,0,0,0,|,0
Hillsboro Transit Center,2672,E,AT,142,62,204,|,39
Holcomb & Apperson,2674,E,OP,0,4,4,|,0
Holcomb & Apperson,2675,W,NS,8,0,8,|,0
S Holcomb & Hunter Ave,2679,W,NS,2,0,2,|,0
S Holcomb & Swan Ave,2681,E,NS,0,1,1,|,0
S Holcomb & Swan Ave,2682,W,NS,4,0,4,|,0
SE Holgate & 117th,2683,W,NS,19,1,20,|,0
SE Holgate & 125th,2684,E,FS,0,1,1,|,0
SE Holgate & 134th Dr,2685,E,NS,105,129,234,|,38
