"",,,,,,,,Monthly
Stop Location,Location ID,Direction,Position,Ons,Offs,Total,,Lifts
SE Division & 122nd,1381,W,FS,212,153,365,|,133
SE Division & 124th,1382,W,NS,62,77,139,|,69
SE Division & 125th,1383,E,NS,30,77,107,|,24
Division & 13th,1385,N,OP,5,3,8,|,0
SE Division & 130th,1386,E,NS,47,97,144,|,31
SE Division & 130th,1387,W,FS,122,46,168,|,31
SE Division & 131st,1388,E,FS,12,35,47,|,3
SE Division & 136th,1389,E,FS,46,114,160,|,45
SE Division & 135th,1390,W,NS,96,34,130,|,34
SE Division & 138th,1391,E,NS,16,34,50,|,25
SE Division & 139th,1392,W,FS,56,25,81,|,31
Division & 13th,1393,S,NS,2,5,7,|,2
SE Division & 142nd,1396,W,NS,54,15,69,|,13
SE Division & 145th,1398,E,FS,57,150,207,|,82
SE Division & 145th,1399,W,NS,95,33,128,|,60
SE Division & 148th,1400,E,FS,68,59,127,|,31
Division & 15th,1403,S,FS,4,8,12,|,6
Division & 15th,1404,N,NS,13,4,17,|,5
SE Division & 151st,1405,E,FS,7,24,31,|,16
SE Division & 152nd,1407,W,NS,34,12,46,|,15
SE Division & 156th,1408,W,NS,92,31,123,|,37
SE Division & 162nd,1415,E,FS,69,200,269,|,54
SE Division & 162nd,1416,W,NS,182,67,249,|,51
SE Division & 165th,1417,E,FS,13,18,31,|,29
SE Division & 168th,1418,E,NS,20,65,85,|,66
SE Division & 17th,1419,E,NS,23,39,62,|,6
SE Division & 17th,1420,W,OP,47,19,66,|,7
SE Division & 174th,1422,E,NS,39,104,143,|,25
SE Division & 174th,1423,W,NS,102,39,141,|,23
SE Division & 176th Pl,1425,W,OP,60,18,78,|,7
SE Division & 182nd,1427,E,FS,61,134,195,|,49
SE Division & 182nd,1428,W,FS,141,52,193,|,58
SE Division & 185th,1429,E,FS,5,12,17,|,10
SE Division & 185th,1430,W,NS,18,18,36,|,10
SE Division & 190th,1433,E,NS,6,18,24,|,6
SE Division & 190th,1434,W,FS,12,6,18,|,9
SE Division & 20th,1435,E,NS,97,122,219,|,29
SE Division & 23rd,1439,E,NS,33,30,63,|,5
SE Division & 26th,1441,E,NS,57,64,121,|,10
SE Division & 26th,1442,W,FS,59,51,110,|,11
SE Division & 28th Pl,1444,W,NS,38,25,63,|,4
SE Division & 28th Pl,1445,E,NS,27,40,67,|,5
SE Division & 30th,1447,E,NS,18,56,74,|,5
SE Division & 30th,1448,W,NS,45,15,60,|,6
SE Division & 32nd,1449,E,NS,23,67,90,|,3
SE Division & 32nd,1450,W,NS,65,22,87,|,5
SE Division & 34th,1451,E,NS,24,86,110,|,7
