"",,,,,,,,Monthly
Stop Location,Location ID,Direction,Position,Ons,Offs,Total,,Lifts
SE Powell & 33rd,4643,W,FS,76,35,111,|,17
SE Powell & 33rd,4644,E,NS,43,83,126,|,17
SE Powell & 34th,4646,W,OP,62,33,95,|,18
SE Powell & 34th,4647,E,FS,51,68,119,|,22
SE Powell & 36th Pl,4648,E,FS,10,33,43,|,5
SE Powell & 36th,4649,W,FS,38,13,51,|,12
SE Powell & Cesar Chavez Blvd,4651,E,FS,175,281,456,|,108
SE Powell & Cesar Chavez Blvd,4653,W,FS,255,151,406,|,87
SE Powell & 40th,4654,W,NS,7,24,31,|,7
SE Powell & 42nd,4656,E,NS,22,43,65,|,8
SE Powell & 43rd,4657,W,NS,42,18,60,|,6
SE Powell & 47th,4662,E,OP,16,40,56,|,4
SE Powell & 47th,4663,W,FS,16,8,24,|,2
SE Powell & 49th,4664,W,NS,84,38,122,|,28
SE Powell & 50th/Foster,4666,E,FS,56,138,194,|,38
SE Powell & 52nd,4667,E,FS,114,115,229,|,25
SE Powell & 52nd,4668,W,FS,127,97,224,|,24
SE Powell & 58th,4674,W,NS,49,17,66,|,9
SE Powell & 60th,4675,E,FS,12,30,42,|,9
SE Powell & 62nd,4676,W,FS,20,11,31,|,9
SE Powell & 65th,4679,E,FS,15,67,82,|,15
SE Powell & 67th,4680,E,FS,16,26,42,|,4
SE Powell & 67th,4681,W,FS,42,20,62,|,6
SE Powell & 69th,4682,E,FS,14,31,45,|,11
SE Powell & 69th,4683,W,FS,39,13,52,|,5
SE Powell & 71st,4684,W,NS,71,23,94,|,9
SE Powell & 72nd,4686,E,NS,21,60,81,|,16
SE Powell & 79th,4691,E,OP,14,116,130,|,34
SE Powell & 79th,4692,W,FS,101,12,113,|,35
SE Powell & 82nd,4693,E,FS,296,251,547,|,94
SE Powell & 82nd,4695,W,FS,215,207,422,|,102
SE Powell & 84th,4698,W,FS,13,60,73,|,13
SE Powell & 86th,4699,E,FS,50,78,128,|,13
SE Powell & 87th,4700,W,FS,76,50,126,|,12
SE Powell & 9th,4701,E,NS,2,26,28,|,2
SE Powell & 9th,4702,W,FS,17,5,22,|,4
SE Powell & 90th Pl,4704,E,OP,8,29,37,|,5
SE Powell & 90th Pl,4706,W,FS,16,8,24,|,6
SE Powell & 92nd,4707,E,FS,235,112,347,|,49
SE Powell & 92nd,4709,W,FS,106,96,202,|,46
2800 Block SE Powell Valley,4713,E,AT,3,11,14,|,4
2800 Block SE Powell Valley,4714,W,AT,6,4,10,|,4
SE Powell Valley & Hale,4715,E,OP,1,8,9,|,1
SE Powell Valley & Dogwood,4718,E,FS,0,0,0,|,0
SE Powell Valley & Dogwood,4719,W,NS,1,0,1,|,0
SE Powell Valley & Robin,4720,W,OP,7,0,7,|,0
NE Prescott & 102nd,4724,E,NS,37,14,51,|,13
