"",,,,,,,,Monthly
Stop Location,Location ID,Direction,Position,Ons,Offs,Total,,Lifts
NE 223rd & Park Lane,9767,S,FS,32,19,51,|,36
NE 223rd & Park Lane,9772,N,FS,19,29,48,|,43
1400 Block NE 223rd,9773,N,AT,4,7,11,|,1
NE Sandy & 223rd,9775,E,FS,6,9,15,|,1
NE Sandy & 223rd,9776,W,FS,7,8,15,|,0
SW Denney & King,9781,W,FS,6,2,8,|,0
SW Lombard & Camden,9782,N,NS,2,1,3,|,0
SW Lombard & Camden,9785,S,NS,1,1,2,|,0
NE Century (NW 229th) & Evergreen Pkwy,9790,S,FS,8,4,12,|,0
NE Century (NW 229th) & Evergreen Pkwy,9791,N,NS,5,15,20,|,0
SE Stark & SW Sundial,9792,W,FS,30,25,55,|,33
NW Cornell & 158th,9793,W,OP,7,29,36,|,3
NW Eastman & Division,9795,S,FS,5,1,6,|,1
SW Barnes & Cedar Hills Blvd,9808,W,FS,1,1,2,|,0
19000 Block NE Sandy,9811,E,AT,1,2,3,|,0
Beaverton TC MAX Station,9818,S,AT,"1,567","1,590","3,157",|,0
Beaverton Creek MAX Station,9819,N,AT,123,771,894,|,0
Kings Hill/SW Salmon St MAX Station,9820,S,AT,304,342,646,|,0
Beaverton TC MAX Station,9821,N,AT,"2,862","3,260","6,122",|,0
Beaverton Creek MAX Station,9822,S,AT,797,110,907,|,0
Beaverton Central MAX Station,9823,W,AT,400,386,786,|,0
Beaverton Central MAX Station,9824,E,AT,425,434,859,|,0
Millikan Way MAX Station,9825,W,AT,413,"1,009","1,422",|,0
Millikan Way MAX Station,9826,E,AT,"1,066",403,"1,469",|,0
Merlo Rd/SW 158th Ave MAX Station,9827,W,AT,219,633,852,|,0
Merlo Rd/SW 158th Ave MAX Station,9828,E,AT,641,226,867,|,0
Elmonica/SW 170th Ave MAX Station,9829,W,AT,318,"1,140","1,458",|,0
Elmonica/SW 170th Ave MAX Station,9830,E,AT,"1,111",249,"1,360",|,0
Willow Creek/SW 185th Ave TC MAX Station,9831,E,AT,"1,253",460,"1,713",|,0
Willow Creek/SW 185th Ave TC MAX Station,9832,W,AT,482,"1,236","1,718",|,0
Quatama MAX Station,9833,W,AT,232,"1,029","1,261",|,0
Quatama MAX Station,9834,E,AT,"1,078",243,"1,321",|,0
Orenco MAX Station,9835,E,AT,931,319,"1,250",|,0
Orenco MAX Station,9836,W,AT,336,955,"1,291",|,0
Fair Complex/Hillsboro Airport MAX Stn,9837,W,AT,105,707,812,|,0
Fair Complex/Hillsboro Airport MAX Stn,9838,E,AT,709,108,817,|,0
Hawthorn Farm MAX Station,9839,E,AT,289,103,392,|,0
Hawthorn Farm MAX Station,9840,W,AT,89,278,367,|,0
Washington/SE 12th Ave MAX Station,9841,E,AT,362,104,466,|,0
Washington/SE 12th Ave MAX Station,9842,W,AT,99,333,432,|,0
Tuality Hospital/SE 8th Ave MAX Station,9843,E,AT,370,64,434,|,0
Tuality Hospital/SE 8th Ave MAX Station,9844,W,AT,59,367,426,|,0
Hillsboro Central/SE 3rd TC MAX Station,9845,W,AT,44,827,871,|,0
Hillsboro Central/SE 3rd TC MAX Station,9846,E,AT,741,55,796,|,0
Hatfield Government Center MAX Station,9848,S,AT,"1,026",930,"1,956",|,0
SW Baseline & Dennis,9850,W,NS,18,21,39,|,7
NE Century (NW 229th) & Rosebay Dr,9851,S,NS,1,1,2,|,0
