"",,,,,,,,Monthly
Stop Location,Location ID,Direction,Position,Ons,Offs,Total,,Lifts
Baseline & S 20th,277,E,NS,49,35,84,|,13
W Baseline Rd & SW 194th,278,E,FS,1,1,2,|,0
W Baseline Rd & SW 195th,279,W,NS,1,1,2,|,0
SE Baseline St & 2nd,280,W,NS,110,165,275,|,43
Baseline St & N 26th,284,W,FS,9,32,41,|,6
Baseline St & N 29th/Hobbs,285,E,OP,9,5,14,|,0
Baseline St & N 29th/Hobbs,286,W,FS,7,15,22,|,0
Baseline St & N 31st,287,W,FS,5,7,12,|,0
E Main & NE 32nd,288,W,NS,3,9,12,|,1
SW Baseline & 331st,290,W,OP,0,2,2,|,0
SW Baseline & 331st,291,E,FS,3,1,4,|,0
SW Baseline & NW 334th,292,W,FS,2,8,10,|,2
SW Baseline & NW 334th,293,E,OP,6,2,8,|,0
Baseline & NW 338th,296,W,FS,1,4,5,|,1
Baseline & NW 338th,297,E,OP,3,3,6,|,2
Baseline St & Valley View,298,W,AT,2,10,12,|,1
SW Baseline & 345th,300,E,NS,11,7,18,|,3
E Main & NE 37th,301,W,NS,6,4,10,|,0
E Main & SE 37th,302,E,NS,4,6,10,|,0
Baseline St & S 4th,303,E,NS,110,33,143,|,37
SE Baseline St & 3rd,304,W,NS,64,104,168,|,11
E Main & NE 40th,305,W,NS,1,1,2,|,0
E Main & NE 40th,306,E,OP,4,4,8,|,0
SE Baseline St & 5th,307,W,NS,11,42,53,|,21
SE Baseline St & 7th,308,W,NS,32,69,101,|,26
SE Baseline St & 9th,310,W,NS,73,124,197,|,30
6200 Block N Basin,313,E,AT,1,1,2,|,1
6300 Block N Basin,314,N,AT,0,4,4,|,0
N Basin & Fathom,315,S,FS,3,0,3,|,0
6700 Block N Basin (Coast Guard),316,E,AT,6,4,10,|,0
N Basin & Emerson,317,S,OP,16,0,16,|,0
N Basin & Emerson,318,N,FS,2,15,17,|,1
N Basin & Ensign,319,S,NS,11,2,13,|,0
N Basin & Ensign,320,N,FS,18,44,62,|,1
N Basin & Fathom,321,N,NS,14,23,37,|,0
N Basin & Leverman,322,S,OP,4,0,4,|,0
N Basin & Pacific Pride,324,N,AT,0,7,7,|,0
2600 Block SW Beaverton-Hillsdale,325,E,AT,14,5,19,|,3
3600 Block SW Beaverton-Hillsdale,326,E,AT,5,3,8,|,0
3600 Block SW Beaverton-Hillsdale,327,W,OP,2,5,7,|,0
SW Beaverton-Hillsdale & 59th,328,E,OP,51,12,63,|,53
6100 Block SW Beaverton-Hillsdale,329,W,AT,26,40,66,|,24
7300 Block SW Beaverton-Hillsdale,331,E,OP,7,12,19,|,7
7400 Block SW Beaverton-Hillsdale,332,W,AT,7,17,24,|,2
7700 Block SW Beaverton-Hillsdale,333,E,AT,28,33,61,|,20
SW Beaverton-Hillsdale & Apple Way,335,E,NS,5,6,11,|,0
SW Beaverton-Hillsdale & Bertha,336,E,NS,12,3,15,|,6
