"",,,,,,,,Monthly
Stop Location,Location ID,Direction,Position,Ons,Offs,Total,,Lifts
18100 Block SE River Rd,13215,S,AT,0,0,0,|,0
SE Holgate & SE Holgate Blvd MAX Stn,13218,E,OP,78,80,158,|,42
SE Holgate & SE Holgate Blvd MAX Stn,13219,W,AT,82,120,202,|,43
SE Foster & 94th,13236,W,FS,300,16,316,|,51
NW 35th & Yeon,13237,S,OP,5,1,6,|,0
3300 Block NW 35th,13238,S,OP,7,1,8,|,0
NW 35th & Guam,13239,S,NS,16,2,18,|,0
3300 Block NW Guam,13240,E,OP,5,3,8,|,0
NW Guam & 31st,13241,E,NS,17,1,18,|,1
3100 Block NW 31st,13242,E,AT,20,2,22,|,0
NW Saltzman & Thompson,13243,N,NS,4,3,7,|,0
SE Harold & 130th,13244,E,NS,0,6,6,|,0
SE 136th & Foster,13245,S,NS,6,12,18,|,0
Clackamas Town Center TC,13247,E,FS,16,819,835,|,190
Clackamas Town Center Transit Center,13248,S,AT,"1,260",376,"1,636",|,269
SE 60th & Harrison,13249,N,NS,23,4,27,|,2
Oatfield & E Hereford,13252,N,OP,5,1,6,|,0
SE 10th & Washington,13255,S,NS,0,23,23,|,2
9300 Block SW Taylor,13256,W,OP,1,0,1,|,0
SW Taylor & Morrison,13257,W,NS,5,0,5,|,0
SW Taylor & Valeria View,13258,W,NS,20,0,20,|,0
SW Barnes & Valeria View,13259,S,FS,0,0,0,|,0
SW Valeria View & Barnes,13260,N,FS,0,1,1,|,0
SW Taylor & Windwood Way,13261,E,NS,0,5,5,|,0
SW Taylor & Morrison,13262,E,FS,0,2,2,|,0
9300 Block SW Taylor,13263,E,AT,0,1,1,|,0
SW Taylor & 90th,13264,E,NS,0,1,1,|,0
NW Leahy & Oak,13265,N,FS,0,1,1,|,0
NW Leahy & Trillium Hollow,13266,W,AT,0,2,2,|,0
NW Saltzman & Dogwood,13267,N,FS,1,3,4,|,0
NW Saltzman & Westlawn Terrace,13268,N,FS,0,0,0,|,0
NW Saltzman & Marshall,13269,N,NS,0,0,0,|,0
NW Saltzman & Coleman,13270,N,NS,0,0,0,|,0
NW Saltzman & 128th,13271,W,FS,1,2,3,|,0
NW Saltzman & Burton,13272,N,FS,0,0,0,|,0
NW Saltzman & Bauer Woods,13273,N,FS,0,1,1,|,0
NW Saltzman & Creekside,13274,N,FS,0,0,0,|,0
NW Saltzman & Hartford,13275,N,NS,0,0,0,|,0
NW Thompson & 126th,13276,E,OP,0,0,0,|,0
NW Thompson & 120th,13277,E,FS,0,1,1,|,0
NW Thompson & Permian,13278,E,NS,0,1,1,|,0
NW Thompson & Gerritz,13279,E,FS,0,0,0,|,0
NW Thompson & McDaniel,13280,E,NS,0,0,0,|,0
NW McDaniel & 111th Ct,13281,W,FS,0,0,0,|,0
NW McDaniel & Blackhawk,13282,W,FS,0,0,0,|,0
11800 Block NW McDaniel,13283,W,OP,1,1,2,|,0
NW 119th & Kathleen Dr,13284,S,FS,0,0,0,|,0
