"",,,,,,,,Monthly
Stop Location,Location ID,Direction,Position,Ons,Offs,Total,,Lifts
NE Glisan & 108th,2021,W,NS,1,1,2,|,0
NE Glisan & 113th,2024,E,NS,1,1,2,|,1
NE Glisan & 113th,2025,W,NS,1,1,2,|,0
NE Glisan & 117th,2028,E,NS,1,2,3,|,1
NE Glisan & 117th,2029,W,NS,2,0,2,|,1
NW Glisan & 12th,2030,W,NS,19,67,86,|,18
NE Glisan & 120th,2032,E,OP,2,3,5,|,2
NE Glisan & 122nd,2034,W,NS,5,7,12,|,3
NE Glisan & 126th,2036,E,FS,1,1,2,|,0
NE Glisan & 128th,2037,W,FS,4,1,5,|,3
NE Glisan & 133rd,2040,E,NS,0,1,1,|,2
NE Glisan & 133rd,2041,W,OP,1,0,1,|,0
NE Glisan & 136th,2042,E,NS,0,1,1,|,0
NE Glisan & 136th,2043,W,OP,4,0,4,|,0
NE Glisan & 139th,2044,E,NS,0,2,2,|,1
NW Glisan & 14th,2046,W,NS,12,57,69,|,10
NE Glisan & 141st,2047,W,OP,3,0,3,|,0
NE Glisan & 141st,2048,E,FS,1,2,3,|,0
NE Glisan & 143rd,2049,E,NS,0,0,0,|,0
NE Glisan & 143rd,2050,W,OP,0,0,0,|,0
NE Glisan & 146th,2051,E,NS,0,2,2,|,0
NE Glisan & 148th,2053,E,FS,0,2,2,|,2
NE Glisan & 148th,2054,W,FS,2,0,2,|,0
NE Glisan & 152nd,2057,W,NS,1,0,1,|,0
NE Glisan & 155th,2058,E,OP,1,4,5,|,1
NE Glisan & 155th,2059,W,NS,3,1,4,|,1
NE Glisan & 157th,2060,E,NS,1,3,4,|,1
NE Glisan & 157th,2061,W,FS,6,1,7,|,4
NW Glisan & 16th,2062,W,NS,2,15,17,|,4
NE Glisan & 160th,2063,E,FS,1,3,4,|,0
NE Glisan & 160th,2064,W,NS,1,0,1,|,0
NE Glisan & 162nd,2065,E,FS,3,8,11,|,4
NE Glisan & 162nd,2066,W,FS,8,2,10,|,5
NE Glisan & 165th,2067,E,NS,1,4,5,|,0
NE Glisan & 165th,2068,W,NS,3,1,4,|,1
NE Glisan & 167th Pl,2069,E,NS,1,1,2,|,0
NE Glisan & 167th Pl,2070,W,NS,2,0,2,|,0
NE Glisan & 172nd,2073,W,FS,2,0,2,|,0
NE Glisan & 172nd,2074,E,FS,1,2,3,|,0
NE Glisan & 176th,2075,W,NS,2,0,2,|,2
NE Glisan & 176th,2076,E,FS,0,2,2,|,0
NE Glisan & 181st,2081,W,FS,9,3,12,|,3
NW Glisan & 19th,2086,W,NS,13,83,96,|,48
NW Glisan & 21st,2099,W,NS,17,147,164,|,30
NE Glisan & 28th,2105,E,FS,32,68,100,|,9
NE Glisan & 30th,2106,E,FS,8,19,27,|,4
NE Glisan & 30th,2107,W,NS,27,11,38,|,5
