"",,,,,,,,Monthly
Stop Location,Location ID,Direction,Position,Ons,Offs,Total,,Lifts
N Lombard & Vancouver,3561,W,FS,38,29,67,|,13
N Lombard & Vancouver,3562,E,NS,29,37,66,|,14
N Lombard & Villard,3563,E,NS,60,54,114,|,42
N Lombard & Wabash,3564,E,NS,24,16,40,|,4
N Lombard & Wabash,3566,W,FS,20,33,53,|,7
N Lombard & Wall,3569,W,NS,7,34,41,|,16
N Lombard & Wall,3570,E,NS,56,13,69,|,16
N Lombard & Wayland,3574,E,NS,4,2,6,|,2
N Lombard & Westanna,3575,W,NS,22,41,63,|,17
N Lombard & Westanna,3576,E,NS,37,21,58,|,21
N Lombard & Woolsey,3578,E,NS,15,10,25,|,6
SW Lombard & 12th,3580,N,NS,9,2,11,|,0
SW Lombard & 12th,3581,S,OP,4,12,16,|,1
SW Lombard & 2nd,3582,N,NS,8,15,23,|,6
SW Lombard & 5th,3583,N,NS,11,12,23,|,1
SW Lombard & 5th,3584,S,NS,10,13,23,|,2
SW Lombard & 9th,3585,N,NS,14,3,17,|,25
SW Lombard & 9th,3586,S,NS,3,13,16,|,24
Longview & Holcomb,3588,S,NS,25,21,46,|,6
SW Macadam & Boundary,3603,N,NS,127,9,136,|,18
SW Macadam & Boundary,3604,S,NS,12,115,127,|,15
SW Macadam & Gaines,3611,N,NS,20,10,30,|,0
SW Macadam & Hamilton Ct,3612,S,OP,3,31,34,|,1
SW Macadam & Hamilton Ct,3613,N,NS,19,2,21,|,0
SW Macadam & Nebraska,3614,S,NS,3,45,48,|,4
SW Macadam & Julia,3615,S,FS,2,29,31,|,1
SW Macadam & Julia,3616,N,OP,50,2,52,|,1
SW Macadam & Nebraska,3619,N,NS,45,3,48,|,2
SW Macadam & Nevada,3620,S,NS,15,60,75,|,2
SW Macadam & Nevada,3622,N,OP,61,13,74,|,1
SW Macadam & Pendleton,3623,N,NS,87,4,91,|,0
SW Macadam & Pendleton,3624,S,NS,4,76,80,|,1
SE Madison & Grand,3633,W,NS,203,364,567,|,71
SW Madison & 1st,3635,E,NS,882,71,953,|,82
SE Madison & 11th,3637,W,NS,174,140,314,|,30
SW Madison & 4th,3639,E,NS,865,78,943,|,91
SE Madison & 7th,3641,W,NS,23,63,86,|,10
SE Main & Beta,3652,E,NS,1,0,1,|,0
SW Main & Burnham,3653,W,OP,23,20,43,|,3
SW Main & Burnham,3654,E,NS,39,32,71,|,27
SW Main & Scoffins,3655,E,NS,97,48,145,|,17
SW Main & Commercial,3656,S,NS,126,93,219,|,18
SE Main & Milport,3657,N,NS,9,14,23,|,2
SE Main & Mailwell,3658,N,FS,3,1,4,|,0
SE Main & Milport,3661,S,FS,8,6,14,|,1
SE Main & Scott,3668,S,NS,0,1,1,|,1
SW Main & Pacific Hwy,3669,N,NS,106,6,112,|,28
