"",,,,,,,,Monthly
Stop Location,Location ID,Direction,Position,Ons,Offs,Total,,Lifts
SW Walnut & Tiedeman,6105,W,FS,2,1,3,|,0
SW Walnut & Watkins,6107,E,NS,1,2,3,|,0
SW Walnut & 112th,6108,W,NS,0,1,1,|,0
SW Walnut & 112th,6109,E,NS,1,0,1,|,0
SW Walnut & 116th,6111,E,FS,2,1,3,|,0
SW Walnut & 121st,6112,W,NS,6,4,10,|,0
100 Block Warner - Milne,6113,E,AT,1,14,15,|,1
200 Block Warner - Milne,6114,W,OP,6,1,7,|,0
300 Block Beavercreek Rd,6115,W,AT,21,2,23,|,2
Beavercreek & Library Ct,6117,S,FS,8,41,49,|,10
Warner - Milne & Beavercreek,6118,E,NS,1,15,16,|,4
Warner - Milne & Linn,6120,E,FS,8,12,20,|,1
Warner - Milne & Linn,6121,W,NS,11,8,19,|,2
Beavercreek & Red Soils Ct,6122,E,NS,2,19,21,|,2
SW Eliander & One Embassy Centre,6125,S,AT,21,78,99,|,7
9000 Block SW Washington Square Rd,6126,N,AT,14,2,16,|,0
9000 Block SW Washington Square Rd,6133,S,OP,1,23,24,|,0
SE Washington & Oak,6140,E,NS,2,0,2,|,0
SE Washington & Oak,6141,N,FS,1,2,3,|,0
SE Washington & 105th,6143,E,OP,194,78,272,|,67
SE Washington & 108th,6144,E,NS,34,23,57,|,21
SE Washington & 23rd,6151,W,FS,1,15,16,|,0
SE Washington & 25th,6152,E,OP,2,0,2,|,0
SE Washington & 25th,6153,W,NS,0,2,2,|,0
SE Washington & 29th,6156,E,OP,1,0,1,|,0
SE Washington & 29th,6157,W,NS,0,0,0,|,0
SW Washington & 3rd,6158,W,NS,66,391,457,|,31
SE Washington & 34th,6159,E,NS,0,0,0,|,0
SW Washington & 5th,6160,W,NS,327,672,999,|,123
SE Washington & 80th,6165,E,FS,10,60,70,|,7
SE Washington & 82nd,6166,E,FS,67,79,146,|,51
SE Washington & 86th,6167,E,NS,3,13,16,|,2
SE Washington & 88th,6168,E,NS,3,15,18,|,0
SW Washington & 9th,6169,W,FS,49,197,246,|,25
SE Washington & 90th,6170,E,NS,3,14,17,|,0
SE Washington & 92nd,6171,E,FS,12,24,36,|,9
SE Washington & 94th,6173,E,NS,4,4,8,|,1
SW Eliander & One Embassy Centre,6175,N,OP,66,31,97,|,7
SW Watson & 1st,6178,S,FS,70,17,87,|,15
SW Watson & 10th,6179,S,FS,11,19,30,|,23
SW Watson & 9th,6182,S,NS,4,7,11,|,2
SE Webster & Bixel,6187,N,OP,3,2,5,|,1
SE Webster & Cavalier Way,6189,S,NS,0,0,0,|,0
Webster & Charolais,6190,N,NS,11,8,19,|,2
SE Webster & Clackamas,6191,N,FS,2,0,2,|,0
SE Webster & Clackamas,6192,S,FS,1,5,6,|,0
SE Webster & Lake,6193,S,FS,2,4,6,|,1
