"",,,,,,,,Monthly
Stop Location,Location ID,Direction,Position,Ons,Offs,Total,,Lifts
SE River Rd & Rosebrier,4884,S,OP,1,1,2,|,0
SE River Rd & Swain,4888,N,FS,2,0,2,|,0
SE River Rd & Swain,4889,S,OP,0,2,2,|,0
SE River Rd & Torbank,4891,N,NS,3,2,5,|,0
SE River Rd & Wren,4892,N,NS,2,1,3,|,0
SW Riverside & Briarwood,4894,S,OP,0,2,2,|,0
SW Riverside & Briarwood,4895,N,NS,3,0,3,|,0
SW Riverside & Elk Rock,4896,N,FS,1,0,1,|,0
SW Riverside & Greenwood,4897,N,OP,2,1,3,|,0
SW Riverside & Breyman,4898,S,NS,1,2,3,|,0
SW Riverside & Midvale,4899,S,FS,0,2,2,|,0
SW Riverside & Military,4900,S,NS,1,4,5,|,0
SW Riverside & Military,4901,N,NS,3,1,4,|,0
SW Riverside & Palatine Hill,4902,S,FS,0,1,1,|,0
SW Riverside & Palatine Hill,4904,N,OP,1,0,1,|,0
SW Riverside & Radcliffe,4905,S,FS,0,2,2,|,0
SW Riverside & Riverdale,4906,S,NS,1,4,5,|,0
SW Riverside & Riverdale,4908,N,OP,5,1,6,|,0
SW Riverside & Riverwood,4909,S,OP,0,0,0,|,0
SW Riverside & Riverwood,4910,N,NS,0,0,0,|,0
N Riverside Way & 33rd Dr,4912,E,NS,0,14,14,|,0
SE Roots & 79th,4934,W,FS,0,0,0,|,0
SE Roots & Hearthwood Dr,4935,E,NS,2,1,3,|,0
SE Roots & Johnson,4937,W,NS,2,2,4,|,1
SE Roots & Lark,4938,W,NS,2,1,3,|,0
SE Roots & Rickshire,4939,E,OP,0,0,0,|,0
SE Roots & Rickshire,4941,W,NS,0,0,0,|,0
SE Webster & Roots,4943,N,FS,3,2,5,|,0
SE Roots & 79th,4945,E,NS,0,0,0,|,0
SE Roots & 81st,4946,E,FS,1,1,2,|,0
13600 Block NE Rose Parkway,4955,E,AT,1,2,3,|,0
NE Rose Parkway & 141st,4958,E,NS,2,2,4,|,1
NE Rose Parkway & 143rd,4960,E,OP,1,3,4,|,4
Ross Island Bridge,4964,E,AT,26,16,42,|,9
NE Sacramento & 142nd,4979,E,NS,1,1,2,|,0
NE Sacramento & 142nd,4980,W,FS,1,0,1,|,0
NE Sacramento & 146th Dr,4982,W,NS,3,0,3,|,0
NE Sacramento & Brazee Ct,4984,W,NS,3,0,3,|,0
NE Sacramento & 132nd,4987,W,NS,5,0,5,|,0
NE Sacramento & 134th Pl,4988,E,NS,0,2,2,|,0
NE Sacramento & 138th Pl,4990,E,NS,0,4,4,|,4
NE Sacramento & 138th Pl,4991,W,NS,4,0,4,|,4
14600 Block NE Sacramento,4993,E,OP,3,4,7,|,1
NE Sacramento & 148th,4994,E,NS,0,0,0,|,0
7800 Block SW Sagert,4999,E,AT,1,4,5,|,0
SW Sagert & Wampanoag,5001,E,FS,0,15,15,|,0
SW Sagert & 70th,5002,E,FS,0,23,23,|,0
