"",,,,,,,,Monthly
Stop Location,Location ID,Direction,Position,Ons,Offs,Total,,Lifts
N Albina & Ainsworth,71,N,FS,18,36,54,|,7
N Albina & Ainsworth,72,S,NS,39,22,61,|,9
N Albina & Alberta,73,N,NS,21,49,70,|,12
N Albina & Alberta,74,S,FS,52,23,75,|,10
N Albina & Blandena,76,N,FS,21,48,69,|,48
N Albina & Blandena,77,S,FS,54,19,73,|,56
N Albina & Bryant,78,N,NS,14,23,37,|,6
N Albina & Bryant,79,S,NS,31,11,42,|,1
N Albina & Buffalo,80,N,NS,3,12,15,|,0
N Albina & Buffalo,81,S,NS,13,4,17,|,1
N Albina & Dekum,82,N,NS,8,17,25,|,8
N Albina & Dekum,83,S,NS,23,12,35,|,27
N Albina & Holman,84,N,OP,2,8,10,|,1
N Albina & Killingsworth,88,N,FS,236,249,485,|,86
N Albina & Killingsworth,89,S,FS,257,222,479,|,84
N Albina & Lombard St,90,S,FS,69,23,92,|,5
N Albina & Rosa Parks Way,91,N,FS,21,24,45,|,10
N Albina & Rosa Parks Way,92,S,FS,31,18,49,|,16
N Albina & Lombard St,93,N,NS,8,57,65,|,3
N Albina & Sumner,94,N,NS,46,50,96,|,3
N Albina & Sumner,95,S,NS,49,55,104,|,1
SW Allen & Dale,99,E,NS,8,2,10,|,1
SW Allen & Erickson,100,E,NS,31,9,40,|,0
SW Allen & Erickson,101,W,FS,8,24,32,|,1
SW Allen & Hall,102,E,NS,9,41,50,|,6
SW Allen & Hall,103,W,NS,35,23,58,|,8
SW Allen & Menlo,104,E,NS,22,5,27,|,2
SW Allen & Menlo,105,W,NS,7,23,30,|,1
SW Allen & Murray,106,E,FS,23,3,26,|,4
SW Allen & Taralynn,108,W,FS,5,11,16,|,0
SW Allen & Wilson,111,E,NS,19,6,25,|,1
SW Allen & Wilson,112,W,OP,5,16,21,|,0
SW Allen & 141st,113,E,OP,17,2,19,|,0
SW Allen & 141st,114,W,NS,3,21,24,|,1
N Anchor & Channel,115,E,NS,248,185,433,|,24
NE 21st & Argyle,118,S,FS,16,0,16,|,0
W Arlington & Barton,121,E,NS,26,7,33,|,9
W Arlington & Barton,122,W,NS,0,4,4,|,2
W Arlington & Beatrice,123,E,NS,1,0,1,|,0
W Arlington & Beatrice,124,W,NS,1,1,2,|,1
W Arlington & Bellevue,125,E,NS,1,1,2,|,0
W Arlington & Bellevue,126,W,NS,0,1,1,|,0
E Arlington & Cornell,131,E,NS,3,2,5,|,0
E Arlington & Cornell,132,W,NS,2,1,3,|,0
E Arlington & Harvard,133,E,NS,1,1,2,|,0
E Arlington & Harvard,134,W,NS,2,1,3,|,0
W Arlington & McLoughlin,135,W,NS,3,21,24,|,8
