"",,,,,,,,Monthly
Stop Location,Location ID,Direction,Position,Ons,Offs,Total,,Lifts
NW Bronson & 179th,13674,W,FS,0,0,0,|,0
3100 Block NW Bronson,13675,W,AT,9,6,15,|,0
3100 Block NW Bronson,13676,E,OP,4,9,13,|,0
NW 174th & Bethany Elem School,13678,N,OP,2,3,5,|,0
NW 174th & Lonerock,13679,N,FS,2,4,6,|,10
NW Laidlaw & Emerald Canyon,13680,N,FS,1,4,5,|,1
NW Laidlaw & Cove,13681,N,FS,2,2,4,|,4
NW Laidlaw & 167th Pl,13682,E,FS,0,0,0,|,0
NW Laidlaw & Preakness,13683,E,OP,2,4,6,|,0
NW Laidlaw & Bethany,13685,E,NS,5,18,23,|,4
Morrison Bridge/Belmont & Grand,13689,E,NS,85,118,203,|,60
NW Laidlaw & West Union,13691,N,NS,3,6,9,|,0
NW 174th & Parkview,13692,N,NS,1,2,3,|,0
SE 17th & Rhine,13693,N,FS,48,38,86,|,2
SE Division & 42nd,13696,E,OP,34,57,91,|,25
PCC Rock Creek Layover,13700,N,AT,113,53,166,|,22
SW Shattuck & 59th Ct,13703,N,FS,3,5,8,|,0
SE 17th & Rhine,13704,S,FS,35,45,80,|,8
3300 Block SW 198th,13705,S,AT,31,24,55,|,5
SW 197th & Limestone Ct,13706,N,FS,8,6,14,|,64
SE 82nd & Center,13707,S,NS,55,190,245,|,40
Lincoln St/SW 3rd Ave MAX Station,13710,E,AT,337,240,577,|,0
South Waterfront/SW Moody MAX Station,13711,E,AT,648,506,"1,154",|,0
OMSI/SE Water MAX Station,13712,E,AT,170,168,338,|,0
Clinton St/SE 12th Ave MAX Station,13713,E,AT,143,366,509,|,0
SE 17th Ave & Rhine St MAX Station,13714,S,AT,84,292,376,|,0
SE 17th Ave & Holgate Blvd MAX Station,13715,S,AT,97,347,444,|,0
SE Bybee Blvd MAX Station,13716,S,AT,46,499,545,|,0
SE Tacoma/Johnson Creek MAX Station,13717,S,AT,56,681,737,|,0
Milwaukie/Main St MAX Station,13718,S,AT,61,618,679,|,0
SE Park Ave MAX Station,13720,N,AT,"1,722","1,784","3,506",|,0
Milwaukie/Main St MAX Station,13721,N,AT,570,42,612,|,0
SE Tacoma/Johnson Creek MAX Station,13722,N,AT,724,53,777,|,0
SE Bybee Blvd MAX Station,13723,N,AT,457,47,504,|,0
SE 17th Ave & Holgate Blvd MAX Station,13724,N,AT,361,97,458,|,0
SE 17th Ave & Rhine St MAX Station,13725,N,AT,304,83,387,|,0
Clinton St/SE 12th Ave MAX Station,13726,W,AT,352,146,498,|,0
OMSI/SE Water MAX Station,13727,W,AT,163,174,337,|,0
South Waterfront/SW Moody MAX Station,13728,W,AT,484,704,"1,188",|,0
Lincoln St/SW 3rd Ave MAX Station,13729,W,AT,250,406,656,|,0
South Waterfront/SW Moody,13732,E,AT,405,125,530,|,37
South Waterfront/SW Moody,13733,W,AT,172,417,589,|,50
SW Boones Ferry & Orchard Hill,13735,N,FS,3,0,3,|,0
SW Beveland & 69th,13736,W,FS,52,7,59,|,13
NE Glisan & 45th,13737,E,NS,14,34,48,|,20
SE Division & 23rd,13741,W,FS,27,19,46,|,5
Washington & 12th,13743,S,NS,2,5,7,|,9
