"",,,,,,,,Monthly
Stop Location,Location ID,Direction,Position,Ons,Offs,Total,,Lifts
SE Ladd & Ladd Circle,3304,S,NS,10,5,15,|,0
SE Ladd & Ladd Circle,3305,N,NS,13,8,21,|,1
SE Ladd & Lavender,3307,N,NS,5,2,7,|,0
SE Ladd & Lavender,3308,S,NS,3,4,7,|,0
SE Ladd & Palm St,3309,S,NS,7,8,15,|,0
SE Ladd & Palm,3310,N,NS,9,6,15,|,0
SE Ladd & 16th,3311,E,NS,9,5,14,|,0
SE Ladd & 16th,3312,W,NS,6,11,17,|,0
N Lagoon & Anchor,3315,N,NS,19,61,80,|,2
N Lagoon & Ballast,3316,N,OP,0,1,1,|,0
N Lagoon & Commerce,3317,N,NS,0,3,3,|,0
N Dolphin & Channel,3318,S,NS,2,13,15,|,0
5500 Block N Lagoon (at Gate 18),3319,N,OP,1,0,1,|,0
SE Lake & 33rd Pl,3321,W,OP,1,4,5,|,0
6300 Block SE Lake,3322,S,AT,1,1,2,|,0
6200 Block SE Lake,3323,N,AT,2,1,3,|,0
6400 Block SE Lake,3324,S,AT,1,2,3,|,0
SE Lake & Boss,3325,E,FS,0,0,0,|,0
SE Lake & Boss,3326,W,OP,0,0,0,|,0
SE Lake & Harmony,3328,E,NS,1,1,2,|,0
SE Lake & Harmony,3329,N,NS,0,1,1,|,0
SE Lake & Lena/51st,3332,W,NS,0,0,0,|,0
SE Lake & Mintone,3334,W,FS,0,0,0,|,0
SE Lake & Oatfield,3335,E,FS,1,0,1,|,0
SE Lake & Oatfield,3336,E,NS,4,2,6,|,0
6600 Block SE Lake,3337,N,AT,2,1,3,|,0
6500 Block SE Lake,3338,S,AT,1,1,2,|,1
SE Lake & Rusk,3339,E,NS,2,1,3,|,0
SE Lake & Rusk,3340,W,OP,2,2,4,|,0
SE Lake & Where Else Ln,3343,E,FS,0,2,2,|,0
SE Lake & 23rd,3344,E,OP,5,0,5,|,0
SE Lake & 23rd,3345,W,FS,2,4,6,|,0
SE Lake & 28th,3347,W,OP,1,5,6,|,1
SE Lake & 28th,3348,E,NS,4,1,5,|,0
SE Lake & 31st Pl,3349,E,NS,2,2,4,|,1
SE Lake & 31st Pl,3350,W,OP,2,2,4,|,0
SE Lake & 34th,3352,W,NS,1,1,2,|,0
SE Lake & 36th,3353,E,OP,0,0,0,|,0
SE Lake & 36th,3354,W,FS,0,1,1,|,0
SE Lake & 51st,3356,E,FS,1,1,2,|,0
Lake Oswego Transit Center,3363,S,AT,96,6,102,|,8
4400 Block Lakeview,3364,W,AT,1,3,4,|,1
N Interstate & Larrabee,3365,N,FS,9,1,10,|,0
SW Laurelwood & Laurel,3367,N,OP,74,0,74,|,0
NW Leahy & Alpenglow Way,3376,W,FS,0,0,0,|,0
NW Leahy & Oak,3377,E,NS,1,0,1,|,0
NW Leahy & 101st,3378,E,NS,1,0,1,|,0
