"",,,,,,,,Monthly
Stop Location,Location ID,Direction,Position,Ons,Offs,Total,,Lifts
1100 Block N Hayden Meadows Dr,13909,S,AT,25,73,98,|,51
9800 Block N Whitaker,13910,N,NS,19,23,42,|,14
9800 Block NE Prescott,13913,W,AT,2,7,9,|,1
NE Prescott & 96th,13914,W,NS,1,9,10,|,1
SW Farmington & Rose Ln,13916,W,FS,18,35,53,|,9
SW Farmington & Rose Ln,13917,E,NS,41,16,57,|,9
SW Denney & Queen,13924,E,FS,2,8,10,|,0
SW Denney & 111th,13925,E,OP,1,6,7,|,0
SW Hall & Oak,13927,S,NS,2,1,3,|,0
SW Hall & Pfaffle,13928,S,NS,2,5,7,|,0
11700 Block SW Hall,13929,S,OP,0,12,12,|,3
SW Hall & Hunziker/Scoffins,13930,S,NS,1,3,4,|,1
SW Lombard & Bruce Ln,13931,S,NS,7,8,15,|,4
SW Hall & Scoffins/Hunziker,13932,N,NS,2,2,4,|,2
11700 Block SW Hall,13933,N,AT,7,1,8,|,3
SW Hall & Pfaffle,13934,N,FS,7,1,8,|,0
SW Hall & Oak,13935,N,NS,2,1,3,|,0
SW Denney & 103rd,13936,W,NS,12,6,18,|,12
SW Denney & 111th,13937,W,NS,6,1,7,|,0
SW Lombard & Cheshire,13938,N,FS,12,6,18,|,0
NE 166th & Airport Way,13939,N,FS,3,4,7,|,1
16200 Block NE Cameron,13940,W,AT,3,5,8,|,0
NE 158th & Airport Way,13941,S,NS,7,1,8,|,0
NE 158th & Mason,13942,S,NS,3,0,3,|,0
NE 162nd & Fargo,13943,S,NS,6,0,6,|,1
NE 162nd & Thompson,13944,S,NS,5,1,6,|,0
NE 162nd & San Rafael,13945,S,NS,1,1,2,|,0
NE 162nd & Halsey,13946,S,NS,16,6,22,|,4
NE 162nd & Holladay,13947,S,FS,2,1,3,|,1
NE 162nd & Glisan,13948,S,FS,15,8,23,|,3
NE 162nd & E Burnside,13949,S,NS,23,34,57,|,17
600 Block SE 162nd,13950,S,OP,37,17,54,|,15
SE 162nd & Main,13951,S,FS,8,4,12,|,2
SE Division & 49th,13952,E,FS,30,62,92,|,14
SE 162nd & Mill,13953,S,FS,1,5,6,|,1
SE 162nd & Grant,13954,S,NS,1,9,10,|,4
SE 162nd & Division,13955,S,FS,12,48,60,|,28
SE 162nd & Tibbets,13956,S,OP,1,2,3,|,0
SE Powell & 162nd,13957,E,FS,11,49,60,|,16
3700 Block SE 162nd,13958,N,AT,10,1,11,|,1
SE 162nd & Tibbets,13959,N,FS,6,1,7,|,2
SE 162nd & Division,13960,N,FS,55,15,70,|,21
2000 Block SE162nd,13961,N,AT,5,0,5,|,1
SE 162nd & Mill,13962,N,FS,12,2,14,|,1
SE 162nd & Main,13963,N,FS,4,8,12,|,3
SE 162nd & Stark,13964,N,FS,18,37,55,|,13
NE 162nd & E Burnside,13965,N,FS,28,56,84,|,14
