"",,,,,,,,Monthly
Stop Location,Location ID,Direction,Position,Ons,Offs,Total,,Lifts
SE Stark & 108th,5415,W,NS,24,51,75,|,15
SE Stark & 111th,5416,E,NS,11,13,24,|,5
SE Stark & 111th,5417,W,NS,13,7,20,|,4
SE Stark & 113th,5418,E,FS,6,16,22,|,9
SE Stark & 113th,5419,W,NS,18,6,24,|,6
SE Stark & 117th,5421,E,NS,8,30,38,|,3
SE Stark & 117th,5422,W,FS,35,11,46,|,16
SE Stark & 119th,5423,E,NS,4,24,28,|,16
SE Stark & 119th,5424,W,NS,20,8,28,|,12
SE Stark & 122nd,5425,E,FS,146,129,275,|,62
SE Stark & 122nd,5426,W,NS,120,169,289,|,80
SE Stark & 126th,5428,W,NS,96,26,122,|,17
SE Stark & 130th,5431,E,FS,36,65,101,|,12
SE Stark & 133rd,5432,E,OP,38,62,100,|,18
SE Stark & 133rd,5433,W,FS,64,39,103,|,14
SE Stark & 139th,5436,E,FS,23,60,83,|,23
SE Stark & 143rd,5439,E,OP,17,50,67,|,4
SE Stark & 146th,5442,W,FS,23,11,34,|,10
SE Stark & 148th,5443,W,NS,51,36,87,|,30
SE Stark & 148th,5444,E,FS,51,66,117,|,33
SE Stark & 151st,5445,E,FS,9,19,28,|,2
SE Stark & 151st,5446,W,NS,19,10,29,|,3
SE Stark & 155th,5448,E,FS,7,23,30,|,4
SE Stark & 160th,5452,E,FS,36,105,141,|,48
SE Stark & 160th,5453,W,FS,81,31,112,|,27
SE Stark & 162nd,5454,E,FS,75,77,152,|,66
SE Stark & 162nd,5455,W,NS,105,67,172,|,85
SE Stark & 165th,5457,W,FS,18,17,35,|,3
SE Stark & 166th Pl,5458,E,NS,21,21,42,|,2
SE Stark & 167th,5459,W,NS,11,7,18,|,2
SE Stark & 174th,5461,E,NS,24,45,69,|,5
SE Stark & 174th,5462,W,OP,50,28,78,|,10
SE Stark & 176th Pl,5463,E,NS,7,17,24,|,2
SE Stark & 176th Pl,5464,W,OP,12,6,18,|,6
SE Stark & 179th,5465,E,NS,18,41,59,|,33
SE Stark & 179th,5466,W,OP,78,29,107,|,44
SE Stark & 182nd,5467,E,NS,67,85,152,|,43
SE Stark & 185th,5468,E,FS,19,21,40,|,8
SE Stark & 185th,5469,W,NS,10,20,30,|,9
SE Stark & 192nd,5471,E,OP,19,24,43,|,13
SE Stark & 192nd,5472,W,NS,19,19,38,|,17
SE Stark & 196th,5475,E,OP,19,24,43,|,16
SE Stark & 197th Dr,5476,W,NS,11,9,20,|,8
SE Stark & 199th,5477,E,NS,9,10,19,|,5
SE Stark & 202nd,5478,E,FS,21,27,48,|,27
SE Stark & 202nd,5479,W,FS,22,15,37,|,19
SE Stark & 205th,5480,E,FS,13,15,28,|,3
