"",,,,,,,,Monthly
Stop Location,Location ID,Direction,Position,Ons,Offs,Total,,Lifts
Kerr & Touchstone,3141,E,NS,7,17,24,|,9
4500 Block NE Killingsworth,3144,E,AT,16,18,34,|,3
5700 Block NE Killingsworth,3145,E,AT,8,8,16,|,1
NE Killingsworth & 60th,3146,E,NS,86,68,154,|,27
6300 Block NE Killingsworth,3147,W,AT,28,38,66,|,3
NE Killingsworth & 64th,3148,E,FS,45,25,70,|,3
7700 Block NE Killingsworth,3149,W,AT,0,2,2,|,0
N Killingsworth & Albina,3153,E,NS,253,47,300,|,44
N Killingsworth & Albina,3154,W,NS,53,247,300,|,59
N Killingsworth & Commercial,3156,E,NS,105,16,121,|,9
N Killingsworth & Commercial,3157,W,FS,25,211,236,|,27
N Killingsworth & Concord,3158,E,NS,14,2,16,|,1
N Killingsworth & Concord,3159,W,NS,3,14,17,|,2
N Killingsworth & Delaware,3160,E,NS,15,2,17,|,4
N Killingsworth & Delaware,3161,W,NS,1,20,21,|,4
N Killingsworth & Denver,3162,E,NS,27,3,30,|,4
N Killingsworth & Denver,3163,W,NS,2,26,28,|,3
NE Killingsworth & Garfield,3165,E,NS,16,42,58,|,22
N Greeley & Willamette,3167,S,NS,3,37,40,|,4
N Killingsworth & Interstate,3169,E,FS,264,54,318,|,71
N Killingsworth & Interstate,3170,W,NS,48,227,275,|,90
N Killingsworth & Kerby,3171,E,NS,142,36,178,|,32
N Killingsworth & Michigan,3173,E,NS,32,9,41,|,2
N Killingsworth & Michigan,3174,W,NS,9,33,42,|,4
N Killingsworth & Gay Ave,3179,E,NS,11,1,12,|,2
N Killingsworth & Omaha,3180,W,NS,2,16,18,|,1
N Killingsworth & Vancouver,3183,E,NS,92,39,131,|,32
N Killingsworth & Vancouver,3184,W,NS,63,138,201,|,50
8100 Block NE Killingsworth,3185,E,AT,55,19,74,|,10
7600 Block NE Killingsworth,3186,E,AT,5,1,6,|,1
NE Killingsworth & 31st,3189,W,NS,11,31,42,|,6
NE Killingsworth & 33rd,3191,E,FS,115,90,205,|,33
NE Killingsworth & 33rd,3192,W,FS,78,89,167,|,26
NE Killingsworth & 35th,3193,E,NS,4,6,10,|,2
NE Killingsworth & 35th,3194,W,NS,6,13,19,|,5
NE Killingsworth & 36th,3195,E,NS,11,12,23,|,20
NE Killingsworth & 36th,3196,W,NS,14,11,25,|,24
NE Killingsworth & Cesar Chavez Blvd,3197,W,NS,8,6,14,|,1
NE Killingsworth & Cesar Chavez Blvd,3198,E,NS,7,7,14,|,1
NE Killingsworth & 42nd,3199,E,FS,157,125,282,|,30
NE Killingsworth & 42nd,3200,W,NS,132,165,297,|,35
NE Killingsworth & 46th Pl,3201,W,OP,20,15,35,|,4
NE Killingsworth & 49th,3202,E,FS,34,28,62,|,14
NE Killingsworth & 49th,3203,W,OP,17,21,38,|,2
NE Killingsworth & 52nd,3204,E,FS,38,41,79,|,24
NE Killingsworth & 52nd,3205,W,OP,56,53,109,|,27
NE Killingsworth & 54th,3207,W,OP,25,30,55,|,9
