"",,,,,,,,Monthly
Stop Location,Location ID,Direction,Position,Ons,Offs,Total,,Lifts
SW Tualatin Valley Hwy & 178th,5624,E,OP,70,48,118,|,3
SW Tualatin Valley Hwy & 178th,5625,W,FS,45,69,114,|,3
SW Tualatin Valley Hwy & 185th,5628,E,FS,115,167,282,|,38
SW Tualatin Valley Hwy & 185th,5629,W,FS,171,116,287,|,34
SW Tualatin Valley Hwy & 192nd,5633,W,FS,22,28,50,|,11
SW Tualatin Valley Hwy & 192nd,5634,E,OP,12,11,23,|,3
SW Tualatin Valley Hwy & 198th,5635,W,FS,78,66,144,|,17
SW Tualatin Valley Hwy & 209th,5637,E,NS,29,32,61,|,3
SW Tualatin Valley Hwy & 209th,5638,W,NS,18,19,37,|,4
SE Tualatin Valley Hwy & Cypress,5639,W,FS,145,97,242,|,46
SW Tualatin Valley Hwy & 214th,5642,E,OP,11,14,25,|,0
SE Tualatin Valley Hwy & Cornelius Pass,5643,E,FS,33,38,71,|,8
SE Tualatin Valley Hwy & 75th,5644,W,NS,35,37,72,|,6
SE Tualatin Valley Hwy & 67th,5650,W,FS,28,73,101,|,27
SE Tualatin Valley Hwy & 67th (229th),5651,E,NS,47,24,71,|,21
SE Tualatin Valley Hwy & SW 234th,5652,E,NS,100,107,207,|,44
SE Tualatin Valley Hwy & Century,5653,W,NS,98,92,190,|,40
SE Tualatin Valley Hwy & Imlay,5654,W,NS,11,10,21,|,4
SE Tualatin Valley Hwy & Imlay,5655,E,OP,6,7,13,|,0
SE Tacoma & 13th,5664,E,FS,4,45,49,|,1
SE Tacoma & 13th,5665,W,FS,46,6,52,|,0
SE Tacoma & 17th,5668,E,FS,5,24,29,|,0
SE Tacoma & 17th,5669,W,FS,29,4,33,|,1
SE Tacoma & 7th,5675,W,NS,22,2,24,|,1
SE Tacoma & 7th,5676,E,FS,4,24,28,|,1
SW Talbot & Patton,5679,E,FS,2,1,3,|,0
SW Talbot & Patton,5680,W,NS,6,0,6,|,0
SW Talbot Terrace & Greenway,5681,E,NS,0,0,0,|,0
SW Talbot & Talbot Terrace,5682,N,FS,1,0,1,|,0
SW Taylors Ferry & Dolph,5687,S,FS,0,1,1,|,0
SW Taylors Ferry & Marigold,5688,N,FS,1,0,1,|,0
SW Taylors Ferry & Marigold,5689,S,NS,0,0,0,|,0
1400 Block SW Taylors Ferry,5690,E,AT,1,0,1,|,0
2200 Block SW Taylors Ferry,5691,E,AT,2,0,2,|,0
2200 Block SW Taylors Ferry,5692,W,AT,0,0,0,|,0
7100 Block SW Taylors Ferry,5693,W,OP,0,0,0,|,0
7100 Block SW Taylors Ferry,5694,E,AT,1,0,1,|,0
SW Taylors Ferry & 78th Pl,5695,E,FS,1,0,1,|,0
SW Taylors Ferry & 78th Pl,5696,W,NS,0,1,1,|,0
SW Taylors Ferry & Capitol Hwy,5697,W,NS,15,2,17,|,1
SW Taylors Ferry & Dolph,5699,N,OP,1,0,1,|,0
SW Taylors Ferry & Fulton Park Blvd,5700,S,NS,0,0,0,|,0
SW Taylors Ferry & Riverview,5703,E,OP,0,1,1,|,0
SW Taylors Ferry & Riverview,5704,S,AT,0,0,0,|,0
SW Taylors Ferry & Riverview (2nd),5705,W,AT,0,0,0,|,0
SW Taylors Ferry & Terwilliger,5706,E,NS,10,7,17,|,1
SW Taylors Ferry & 10th,5707,E,NS,3,1,4,|,0
