"",,,,,,,,Monthly
Stop Location,Location ID,Direction,Position,Ons,Offs,Total,,Lifts
SE Cesar Chavez Blvd & Division,7445,N,FS,214,149,363,|,88
SE Cesar Chavez Blvd & Division,7446,S,NS,176,209,385,|,107
SE Cesar Chavez Blvd & Francis,7447,S,NS,13,27,40,|,5
SE Cesar Chavez Blvd & Franklin,7448,S,NS,5,15,20,|,0
SE Cesar Chavez Blvd & Gladstone,7449,N,FS,107,25,132,|,29
SE Cesar Chavez Blvd & Gladstone,7450,S,NS,23,72,95,|,31
NE Cesar Chavez Blvd & Glisan,7451,N,NS,26,76,102,|,49
NE Cesar Chavez Blvd & Glisan,7452,S,AT,71,22,93,|,33
SE Cesar Chavez Blvd & Harold,7456,N,NS,6,1,7,|,0
SE Cesar Chavez Blvd & Harold,7457,S,NS,1,5,6,|,0
SE Cesar Chavez Blvd & Hawthorne,7459,N,NS,197,215,412,|,124
SE Cesar Chavez Blvd & Hawthorne,7460,S,NS,238,213,451,|,174
NE Cesar Chavez Blvd & Hazelfern,7461,N,NS,1,4,5,|,1
SE Cesar Chavez Blvd & Holgate,7463,S,NS,38,92,130,|,108
SE Cesar Chavez Blvd & Kelly,7464,N,NS,13,3,16,|,1
SE Cesar Chavez Blvd & Knight,7465,N,NS,36,4,40,|,1
SE Cesar Chavez Blvd & Knight,7466,S,NS,2,34,36,|,3
SE Cesar Chavez Blvd & Lafayette,7467,N,OP,25,37,62,|,14
SE Cesar Chavez Blvd & Lincoln,7468,N,NS,19,9,28,|,1
SE Cesar Chavez Blvd  & Lincoln,7469,S,NS,10,16,26,|,2
SE Cesar Chavez Blvd & Long,7470,S,OP,29,43,72,|,59
SE Cesar Chavez Blvd & Long,7471,N,OP,18,11,29,|,15
SE Cesar Chavez Blvd & Main,7472,N,NS,45,15,60,|,11
SE Cesar Chavez Blvd & Main,7473,S,NS,16,60,76,|,12
SE Cesar Chavez Blvd & Mall,7474,N,NS,134,47,181,|,105
NE Cesar Chavez Blvd & Multnomah,7475,N,NS,3,7,10,|,2
SE Cesar Chavez Blvd & Powell,7476,S,NS,138,214,352,|,93
SE Cesar Chavez Blvd & Powell,7477,N,FS,191,103,294,|,76
SE Cesar Chavez Blvd & Raymond,7478,N,FS,11,3,14,|,0
SE Cesar Chavez Blvd & Raymond,7479,S,FS,4,9,13,|,1
NE Cesar Chavez Blvd & Royal,7482,N,NS,5,5,10,|,0
NE Cesar Chavez Blvd & Royal Ct,7483,S,NS,6,4,10,|,1
NE Cesar Chavez Blvd & Sandy,7484,N,NS,34,10,44,|,13
SE Cesar Chavez Blvd & Stark,7485,N,NS,35,26,61,|,13
SE Cesar Chavez Blvd & Stark,7486,S,NS,24,30,54,|,13
SE Cesar Chavez Blvd & Steele,7487,N,NS,31,23,54,|,2
SE Cesar Chavez Blvd & Steele,7488,S,NS,34,32,66,|,2
SE Cesar Chavez Blvd & Stephens,7489,N,OP,8,3,11,|,2
SE Cesar Chavez Blvd & Stephens,7490,S,NS,8,7,15,|,3
SE Cesar Chavez Blvd & Taylor,7491,N,FS,19,27,46,|,9
SE Cesar Chavez Blvd & Taylor,7492,S,NS,25,24,49,|,7
SE Cesar Chavez Blvd & Tibbetts,7493,S,NS,2,12,14,|,3
NE Cesar Chavez Blvd & Wasco,7494,S,NS,19,4,23,|,1
NE 41st & Alameda,7497,N,OP,1,18,19,|,1
NE 41st & Wistaria,7498,S,NS,11,2,13,|,0
NE 41st & Klickitat,7499,N,FS,2,40,42,|,0
NE 41st & Klickitat,7500,S,NS,22,3,25,|,0
