"",,,,,,,,Monthly
Stop Location,Location ID,Direction,Position,Ons,Offs,Total,,Lifts
SW Beaverton-Hillsdale & 99th,389,W,NS,11,10,21,|,2
SW Beaverton-Hillsdale & 99th,390,E,OP,8,7,15,|,6
SE Bell & Our Ct,394,N,NS,9,13,22,|,36
SE Bell & Johnson Creek,395,N,NS,17,13,30,|,2
SE Bell & Johnson Creek,396,S,FS,13,22,35,|,1
SE Bell & Pierce,397,N,NS,5,6,11,|,1
SE Bell & Jordan,398,S,NS,5,7,12,|,0
SE Belmont & 11th,400,E,FS,134,156,290,|,61
SE Belmont & 14th,402,E,NS,36,78,114,|,32
SE Belmont & 17th,404,E,NS,17,64,81,|,14
SE Belmont & 20th,406,E,NS,33,115,148,|,5
SE Belmont & 23rd,408,E,NS,15,45,60,|,4
SE Belmont & 26th,410,W,NS,127,63,190,|,36
SE Belmont & 30th,417,W,FS,185,45,230,|,21
SE Belmont & 30th,418,E,FS,52,156,208,|,28
SE Belmont & 34th,422,E,FS,62,199,261,|,41
SE Belmont & 34th,423,W,FS,198,58,256,|,52
SE Belmont & 37th,425,E,FS,14,67,81,|,20
SE Belmont & 38th,426,W,FS,74,16,90,|,26
SE Belmont & Cesar Chavez Blvd,427,E,FS,99,177,276,|,76
SE Belmont & Cesar Chavez Blvd,428,W,NS,155,77,232,|,54
SE Belmont & 42nd,429,E,NS,17,84,101,|,4
SE Belmont & 42nd,430,W,FS,114,25,139,|,16
SE Belmont & 46th,435,W,NS,102,32,134,|,43
SE Belmont & 46th,436,E,OP,38,106,144,|,53
SE Belmont & 49th,439,E,NS,14,32,46,|,13
SE Belmont & 49th,440,W,NS,48,13,61,|,12
SE Belmont & 50th,442,E,FS,6,21,27,|,1
SE Belmont & 53rd,443,E,FS,5,28,33,|,2
SE Belmont & 53rd,444,W,NS,30,4,34,|,4
SE Belmont & 55th,445,E,NS,5,27,32,|,9
SE Belmont & 55th,446,W,NS,22,6,28,|,3
SE Belmont & 58th,448,E,OP,3,17,20,|,8
SE Belmont & 58th,449,W,NS,17,3,20,|,14
SE Belmont & 60th,450,E,FS,51,132,183,|,33
SE Belmont & 60th,451,W,NS,106,34,140,|,32
SE Belmont & 62nd,453,E,OP,2,3,5,|,1
SE Belmont & 62nd,454,W,FS,6,6,12,|,2
SE Belmont & 65th,456,E,OP,0,3,3,|,0
SE Belmont & 65th,457,W,NS,3,0,3,|,0
SE Belmont & 67th,459,E,NS,2,11,13,|,0
SE Belmont & 68th,460,W,NS,27,4,31,|,0
SE Belmont & 9th,465,E,NS,60,92,152,|,22
1400 Block SW Bertha,467,E,AT,1,1,2,|,0
SW Binford Lake & Heiney,469,W,NS,1,4,5,|,0
SW Binford Lake & Towle,470,E,NS,7,2,9,|,0
SW Binford Lake & Towle,471,W,FS,0,4,4,|,0
