"",,,,,,,,Monthly
Stop Location,Location ID,Direction,Position,Ons,Offs,Total,,Lifts
NE Fremont & 66th,9253,E,NS,1,3,4,|,0
7200 Block SW Durham,9257,S,AT,1,10,11,|,0
NW Graham/257th & W Columbia River Hwy,9261,S,NS,11,1,12,|,3
SE Division & 148th,9263,W,FS,98,84,182,|,49
SE Division & 42nd,9265,W,NS,57,36,93,|,19
NE 181st & Wilkes,9266,N,NS,1,2,3,|,1
Willamette Falls Dr & 12th St,9269,E,NS,2,0,2,|,2
Blankenship & Virginia Lane,9270,N,OP,3,1,4,|,2
Blankenship & 19th St,9276,W,NS,1,0,1,|,0
Blankenship & Ostman,9277,W,NS,1,1,2,|,0
Willamette Falls Dr & 19th St,9284,E,OP,0,0,0,|,0
Willamette Falls Dr & 16th St,9285,E,FS,0,1,1,|,0
Willamette Falls Dr & 14th St,9286,E,NS,3,1,4,|,0
10th St & 8th Court,9296,N,NS,2,9,11,|,2
Blankenship & Tannler Dr,9297,N,FS,1,2,3,|,1
NW 6th & Davis MAX Station,9299,N,NS,842,638,"1,480",|,0
NW 6th & Flanders,9300,N,NS,5,259,264,|,61
NW 5th & Davis,9301,S,NS,636,451,"1,087",|,242
NW 5th & Couch MAX Station,9303,S,NS,755,868,"1,623",|,1
NE Multnomah & 11th,9305,E,FS,104,53,157,|,33
SE Steele & 46th,9307,W,NS,20,4,24,|,3
N Lombard & Ramsey,9308,N,NS,2,1,3,|,0
N Lombard & Ramsey,9309,S,FS,2,4,6,|,0
NW Glisan & 3rd,9311,W,FS,81,253,334,|,67
SE Hwy 224 & Suttle Rd,9312,W,OP,1,0,1,|,0
SE Hwy 224 & Suttle Rd,9313,E,FS,0,1,1,|,0
SW Taylors Ferry & Capitol Hwy,9320,E,FS,3,19,22,|,1
27500 Block SE Hwy 224,9321,E,AT,0,1,1,|,0
27600 Block SE Hwy 224,9322,W,AT,0,0,0,|,0
SW Murray & Barlow,9323,S,OP,1,5,6,|,0
SW Murray & Brockman,9324,N,FS,23,11,34,|,4
SW 45th & Nevada,9328,S,NS,0,1,1,|,0
N Marine & Leadbetter,9334,E,FS,2,0,2,|,0
N Marine & Leadbetter,9335,W,FS,0,8,8,|,0
SW Canyon & Camelot Ct,9338,N,NS,46,12,58,|,9
NE 33rd Dr & Sunderland,9339,N,OP,0,1,1,|,0
NE 15th & Halsey,9342,N,NS,22,30,52,|,8
W Powell & NW Miller,9347,W,FS,18,5,23,|,7
NW 185th & Rock Creek,9351,S,FS,49,8,57,|,3
SW Boones Ferry Rd & Avery,9352,S,FS,0,4,4,|,0
SW Boones Ferry Rd & Avery,9353,N,FS,6,0,6,|,0
W Burnside & SW Osage,9354,E,NS,35,31,66,|,5
NE Multnomah & 3rd,9362,E,OP,21,56,77,|,39
NE 33rd Dr & Elrod Dr,9365,N,NS,0,10,10,|,0
9600 Block NE Sunderland,9367,S,AT,0,1,1,|,0
NE Sunderland & Columbia River Corr Cntr,9368,S,AT,69,48,117,|,5
NE 33rd Dr & Elrod Dr,9369,S,NS,24,0,24,|,0
