"",,,,,,,,Monthly
Stop Location,Location ID,Direction,Position,Ons,Offs,Total,,Lifts
SE Harold & 136th,2539,E,NS,5,20,25,|,0
SE Harold & 136th,2540,W,FS,26,4,30,|,0
SE Harold & 52nd,2541,W,NS,40,18,58,|,0
SE Harold & 54th,2542,E,NS,6,11,17,|,0
SE Harold & 57th,2544,E,NS,2,13,15,|,0
SE Harold & 57th,2545,W,FS,15,2,17,|,0
SE Harold & 60th,2546,E,NS,2,20,22,|,0
SE Harold & 60th,2547,W,NS,27,3,30,|,0
SE Harold & 62nd,2548,E,NS,3,14,17,|,0
SE Harold & 62nd,2549,W,NS,15,2,17,|,0
SE Harold & 65th,2550,E,NS,2,19,21,|,0
SE Harold & 67th,2551,E,NS,4,20,24,|,0
SE Harold & 69th,2552,E,NS,3,9,12,|,0
SE Harold & 69th,2553,W,FS,13,1,14,|,0
SE Harold & 72nd,2554,W,NS,40,15,55,|,4
SE Harold & 72nd,2555,E,FS,16,40,56,|,4
SE Harold & 74th,2557,E,NS,2,9,11,|,1
SE Harold & 74th,2558,W,NS,14,1,15,|,1
SE Harold & 79th,2561,E,OP,3,14,17,|,3
SE 79th & Harold,2562,S,NS,17,6,23,|,4
SE Harold & 92nd,2563,W,NS,16,27,43,|,6
SE Harold & 97th,2564,E,NS,5,13,18,|,0
SE Harold & 97th,2565,W,NS,17,5,22,|,1
200 Block SW Harrison,2566,E,AT,181,34,215,|,7
200 Block SW Harrison,2567,W,OP,29,293,322,|,15
SE Harrison & Hwy 224,2568,E,NS,28,19,47,|,12
SE Harrison & 24th,2569,E,OP,35,11,46,|,13
SE Harrison & 24th,2570,W,NS,6,17,23,|,12
2700 Block SE Harrison,2571,W,OP,10,31,41,|,2
SE Harrison & 28th,2572,E,NS,30,7,37,|,3
SE Harrison & 29th,2573,W,NS,11,24,35,|,12
SE Harrison & 31st,2574,W,NS,49,89,138,|,44
SE Harrison & 32nd,2575,E,FS,60,43,103,|,27
SE Harrison & 34th,2577,W,NS,7,14,21,|,3
SE Harrison & 37th,2578,E,NS,6,7,13,|,1
SE Harrison & 37th,2579,W,NS,4,5,9,|,3
SW Harrison & 4th,2580,E,NS,290,70,360,|,20
SE Harrison & 40th,2582,E,NS,3,7,10,|,2
SE Harrison & 40th,2583,W,NS,9,4,13,|,0
Rose Quarter Transit Center,2592,W,AT,673,"1,121","1,794",|,265
SE Hawthorne & 6th,2594,E,NS,314,210,524,|,52
SE Hawthorne & Maple,2595,E,FS,32,31,63,|,1
SE Hawthorne & Poplar,2596,E,NS,16,33,49,|,4
SE Hawthorne & 9th,2597,E,NS,39,33,72,|,5
SE Hawthorne & 12th,2599,E,NS,204,189,393,|,22
SE Hawthorne & 14th,2602,W,FS,38,41,79,|,6
SE Hawthorne & 16th,2603,E,FS,43,62,105,|,41
