"",,,,,,,,Monthly
Stop Location,Location ID,Direction,Position,Ons,Offs,Total,,Lifts
N Portsmouth & Princeton,4497,N,NS,15,0,15,|,0
N Portsmouth & Syracuse,4498,S,NS,0,10,10,|,0
N Portsmouth & Willis,4501,N,NS,44,2,46,|,2
N Portsmouth & Yale,4502,N,NS,16,0,16,|,0
10800 Block SE Powell,4503,W,AT,25,10,35,|,4
10800 Block SE Powell,4504,E,AT,8,32,40,|,8
SE Powell & 151st,4506,W,FS,35,9,44,|,3
2900 Block W Powell,4507,E,AT,10,18,28,|,4
2900 Block W Powell,4508,W,OP,18,7,25,|,2
W Powell & NW Bella Vista,4513,E,OP,1,2,3,|,0
W Powell & SW Birdsdale,4515,E,NS,10,16,26,|,3
W Powell & NW Birdsdale,4516,W,FS,14,12,26,|,4
E Powell & SE Burnside,4518,W,FS,14,3,17,|,8
E Powell & SE Cleveland,4520,E,NS,4,5,9,|,2
E Powell & NE Cleveland,4521,W,FS,4,2,6,|,0
W Powell & SW Duniway,4522,E,OP,115,129,244,|,39
W Powell & SW Duniway,4523,W,FS,25,65,90,|,22
E Powell & NE Hogan,4528,W,NS,4,1,5,|,0
E Powell & SE Hogan,4529,E,NS,2,4,6,|,3
E Powell & NE Liberty,4531,E,OP,2,3,5,|,1
SE Powell & Meadowland Center,4534,E,AT,19,42,61,|,36
SE Powell & Milwaukie,4537,E,NS,84,57,141,|,40
SE Powell & Milwaukie,4538,W,FS,185,330,515,|,90
SE Powell & Milwaukie,4539,N,NS,66,59,125,|,12
SE Powell & Powell Garage Dr,4542,E,NS,30,14,44,|,4
SE Powell & Powell Garage Dr,4543,W,FS,21,91,112,|,10
E Powell & SE Rene,4545,E,FS,8,32,40,|,4
E Powell & SE Rene,4546,W,OP,26,4,30,|,0
W Powell & SW Towle,4552,E,FS,9,15,24,|,7
W Powell & NW Towle,4553,W,FS,10,11,21,|,7
W Powell & Village Drive,4554,W,FS,39,14,53,|,6
W Powell & SW Wallula,4555,E,FS,3,12,15,|,7
W Powell & NW Wallula,4556,W,NS,8,3,11,|,13
W Powell & SW Walters,4557,E,FS,4,13,17,|,8
W Powell & SW Walters,4558,W,FS,8,3,11,|,5
10000 Block SE Powell,4561,W,AT,6,10,16,|,2
SE Powell & 102nd,4562,E,FS,6,11,17,|,3
SE Powell & 102nd,4563,W,NS,4,1,5,|,1
SE Powell & 104th,4564,E,FS,6,17,23,|,3
SE Powell & 104th,4565,W,OP,20,8,28,|,4
SE Powell & 112th,4566,W,FS,78,34,112,|,19
SE Powell & 112th,4567,E,FS,32,74,106,|,15
SE Powell & 116th,4568,E,OP,4,10,14,|,1
SE Powell & 116th,4569,W,NS,16,4,20,|,3
SE Powell & 119th,4570,W,NS,33,5,38,|,5
SE Powell & 119th,4571,E,NS,6,61,67,|,14
SE Powell & 122nd,4572,W,FS,182,69,251,|,70
