"",,,,,,,,Monthly
Stop Location,Location ID,Direction,Position,Ons,Offs,Total,,Lifts
SW 80th & Landau,7913,N,NS,0,0,0,|,0
SW 80th & Locust,7914,S,NS,1,1,2,|,0
SW 80th & Taylors Ferry,7915,N,NS,2,0,2,|,0
NE 81st & Clackamas,7916,N,OP,8,5,13,|,4
SE 82nd & King,7918,N,FS,183,34,217,|,53
SE 82nd & Boyer Drive,7920,N,NS,236,92,328,|,147
SE 82nd & Boyer Drive,7921,S,OP,48,160,208,|,91
2200 Block SE 82nd,7923,S,OP,26,114,140,|,10
NE 82nd & Alberta,7927,N,NS,18,41,59,|,5
SE 82nd & Washington,7928,N,NS,43,82,125,|,39
SE 82nd & Alder,7929,S,NS,39,24,63,|,15
SE 82nd & Ash,7930,N,NS,13,14,27,|,5
SE 82nd & Ash,7931,S,FS,16,20,36,|,6
NE 82nd & Pacific,7932,S,FS,28,19,47,|,12
NE 82nd & Beech,7933,N,NS,14,48,62,|,22
NE 82nd & Beech,7934,S,NS,31,17,48,|,17
SE 82nd & Boise,7935,N,FS,163,51,214,|,71
SE 82nd & E Burnside,7936,N,NS,150,250,400,|,87
NE 82nd & E Burnside,7937,S,NS,264,153,417,|,91
SE 82nd & Causey,7941,N,NS,186,46,232,|,44
SE 82nd & Causey,7942,S,NS,36,154,190,|,40
SE 82nd & Francis,7943,N,NS,126,42,168,|,40
SE 82nd & Clatsop,7945,S,OP,9,20,29,|,3
SE 82nd & Clatsop,7946,N,NS,19,13,32,|,5
SE 82nd & Clinton,7947,N,NS,32,39,71,|,9
SE 82nd & Clinton,7948,S,NS,25,17,42,|,4
SE 82nd & Cooper,7950,S,NS,10,41,51,|,21
SE 82nd & Cornwell,7951,N,NS,19,9,28,|,9
SE 82nd & Cornwell,7952,S,FS,17,42,59,|,30
SE 82nd & Crystal Springs,7953,N,NS,62,28,90,|,38
SE 82nd & Crystal Springs,7954,S,FS,29,59,88,|,33
NE 82nd & Davis,7955,N,NS,17,21,38,|,5
NE 82nd & Davis,7956,S,OP,22,20,42,|,5
SE 82nd & Division,7957,N,FS,365,366,731,|,98
SE 82nd & Division,7958,S,NS,375,310,685,|,95
SE 82nd & Duke,7960,N,NS,157,50,207,|,74
SE 82nd & Duke,7961,S,FS,63,149,212,|,52
SE 82nd & Flavel,7962,N,FS,110,65,175,|,61
SE 82nd & Flavel,7963,S,NS,51,121,172,|,41
SE 82nd & Foster,7964,N,FS,328,160,488,|,90
SE 82nd & Insley,7965,S,OP,115,285,400,|,75
NE 82nd & Fremont,7966,S,NS,125,39,164,|,39
NE 82nd & Fremont,7967,N,NS,51,117,168,|,34
SE 82nd & Glenwood,7970,N,NS,28,12,40,|,21
NE 82nd & Glisan,7972,N,FS,98,119,217,|,62
NE 82nd & Glisan,7973,S,NS,129,96,225,|,61
SE 82nd & Harmony,7975,S,FS,18,4,22,|,5
