"",,,,,,,,Monthly
Stop Location,Location ID,Direction,Position,Ons,Offs,Total,,Lifts
N Ivanhoe & New York,11934,N,FS,2,0,2,|,0
N Ivanhoe & Chicago,11935,S,NS,0,1,1,|,0
N St Louis & Central,11936,E,NS,13,1,14,|,15
Sunset Transit Center,11939,W,AT,465,418,883,|,107
16800 Block SW 72nd,11944,N,AT,161,11,172,|,7
17000 Block SW 72nd,11945,S,AT,7,49,56,|,6
N Cutter Circle & Leverman,11947,E,FS,9,27,36,|,1
6000 Block N Cutter Circle,11948,N,AT,13,13,26,|,0
6300 Block N Cutter Circle,11949,N,AT,4,2,6,|,0
N Leverman & Cutter Circle,11950,S,NS,11,5,16,|,1
SE 122nd & Summers Lane,11952,N,NS,13,3,16,|,0
SE 122nd & Summers Lane,11953,S,FS,2,9,11,|,0
SW Main & 2nd,11956,W,NS,103,"1,212","1,315",|,77
SE Clackamas Rd & Johnson,11958,W,NS,1,0,1,|,0
SE Johnson & Cypress,11959,N,OP,1,1,2,|,0
SE Johnson & Thiessen,11960,N,OP,0,0,0,|,0
14400 Block SE Johnson,11961,N,AT,10,3,13,|,1
SE Johnson & Lake,11962,N,FS,33,9,42,|,5
SE Johnson & Lake,11963,S,OP,13,37,50,|,7
14400 Block SE Johnson,11964,S,AT,4,1,5,|,1
SE Johnson & Thiessen,11965,S,NS,1,2,3,|,0
SE Johnson & Cypress,11966,S,NS,0,1,1,|,0
SE Clackamas Rd & Johnson,11967,E,FS,0,1,1,|,0
SE McKinley & Hood,11968,S,FS,2,1,3,|,0
SE Sunnyside & Sunnybrook,11970,E,NS,0,2,2,|,0
SW Walnut & 114th,11973,W,FS,2,1,3,|,0
N Broadway & Benton,12374,W,NS,17,9,26,|,10
N Leverman & Basin,12383,E,FS,1,5,6,|,0
SW Taylors Ferry & Picasso Pl,12387,W,FS,1,1,2,|,0
SE Stark & 187th,12397,W,NS,57,122,179,|,49
SE Stark & 187th,12398,E,FS,102,54,156,|,37
SW Hall & Greenburg,12402,W,NS,2,3,5,|,1
SW Greenburg & Washington Square Rd,12403,N,FS,45,34,79,|,16
SW Greenburg & Washington Square Rd,12404,S,NS,26,48,74,|,5
SW Canyon & 103rd,12405,E,NS,16,19,35,|,5
SW Canyon & 91st,12406,W,OP,5,6,11,|,0
SW Farmington & Erickson,12451,W,NS,27,16,43,|,4
10200 Block SE Main,12462,N,AT,0,0,0,|,0
10200 Block SE Main,12463,S,OP,0,0,0,|,0
N Marine & Portland Rd,12465,E,FS,0,0,0,|,0
5700 Block SW Hamilton,12466,W,AT,0,0,0,|,0
SW Chestnut & 12th Dr,12467,N,NS,5,2,7,|,0
SW Hall & Wall,12468,S,NS,5,19,24,|,16
NE Division & Kelly,12707,E,FS,16,2,18,|,3
N Fessenden & Haven,12725,W,NS,75,109,184,|,32
N Fessenden & Haven,12726,E,NS,115,75,190,|,18
N Trenton & Newman,12727,W,NS,102,165,267,|,68
