"",,,,,,,,Monthly
Stop Location,Location ID,Direction,Position,Ons,Offs,Total,,Lifts
SW Walker & 158th,8924,E,NS,3,2,5,|,0
SW Walker & Greystone Ct,8925,E,FS,0,0,0,|,0
SW Walker & Koll Parkway,8926,E,NS,3,1,4,|,0
SW Walker & Meadow Dr,8927,E,NS,2,1,3,|,0
SW Walker & Murray,8928,E,NS,2,3,5,|,0
SE Washington & 99th,8935,E,NS,6,32,38,|,12
SE 99th & Washington,8936,N,NS,19,5,24,|,5
NE Holladay & 11th,8937,E,NS,209,32,241,|,49
NE 11th & Multnomah,8938,N,NS,23,93,116,|,28
SE 122nd & Midland Library,8940,N,OP,27,52,79,|,30
19500 Block SW 65th,8944,S,AT,36,0,36,|,0
SE Powell Valley & Greenway,8945,W,FS,0,0,0,|,0
SE Powell Valley & Greenway,8946,E,OP,0,0,0,|,0
28400 Block SE Hwy 224,8947,N,AT,0,0,0,|,0
28400 Block SE Hwy 224,8948,E,OP,0,1,1,|,1
SE Division & 96th,8949,E,NS,10,27,37,|,5
SW Canyon & Watson,8950,W,NS,17,4,21,|,4
SW 49th & PCC Entrance,8951,S,NS,1,34,35,|,1
20200 Block SW Pacific Hwy,8954,E,AT,3,0,3,|,1
I-5 Off Ramp & SW Lower Boones Ferry,8956,S,AT,1,154,155,|,1
NW Leahy & Leahy Terrace,8961,W,NS,0,1,1,|,0
NW Leahy & Leahy Terrace,8962,S,OP,1,0,1,|,0
NW 23rd & Flanders,8963,S,NS,70,20,90,|,9
NW 23rd & Overton,8981,N,FS,12,72,84,|,18
NW Thurman & 23rd Pl,8984,W,NS,3,42,45,|,7
NW 23rd & Thurman,8986,S,FS,108,6,114,|,25
NW 23rd & Marshall,8989,S,NS,167,30,197,|,80
SE Sunnyside & 105th,8991,E,NS,3,8,11,|,1
SE Sunnyside & Valley View Terr,8993,E,NS,3,15,18,|,2
SE Sunnyside & 119th,8995,E,FS,6,31,37,|,12
SE Mather & 122nd,8998,W,FS,4,1,5,|,0
SE Mather & 119th Ct,8999,W,NS,0,0,0,|,0
SE Mather & Cranberry Loop,9000,S,FS,8,0,8,|,0
11000 Block SE Mather,9001,W,AT,0,0,0,|,0
10500 Block SE Mather,9002,W,AT,5,1,6,|,4
SE 97th & Lawnfield,9004,N,NS,8,1,9,|,0
SE 97th & Talbert Dr,9005,N,NS,2,1,3,|,0
14000 Block SE 97th,9007,W,AT,9,1,10,|,0
SE Hubbard & 128th,9008,W,OP,0,0,0,|,0
SE Hubbard & 128th,9009,E,NS,0,1,1,|,0
NW Cornell & 185th,9010,E,FS,69,25,94,|,16
NE Cornell & NW 185th,9012,W,FS,41,77,118,|,24
NW Cornell & 188th,9013,W,FS,11,10,21,|,1
NE Cornell & Stucki,9014,W,FS,23,46,69,|,13
NW 185th & Evergreen,9022,S,FS,159,55,214,|,35
SW Martinazzi & Tualatin-Sherwood,9026,S,NS,1,14,15,|,1
NE 122nd & Wasco,9027,N,FS,9,89,98,|,29
