"",,,,,,,,Monthly
Stop Location,Location ID,Direction,Position,Ons,Offs,Total,,Lifts
SW Tualatin-Sherwood Rd & Gerda Ln,13835,W,NS,0,1,1,|,0
SW Tualatin-Sherwood Rd & Langer Farms,13836,W,OP,0,3,3,|,0
SW Tualatin-Sherwood Rd & Langer Farms,13837,E,FS,3,0,3,|,0
SW Tualatin-Sherwood Rd & Gerda Ln,13838,E,OP,1,0,1,|,0
SW Tualatin-Sherwood Rd & Oregon St,13839,E,NS,1,0,1,|,0
SW Tualatin-Sherwood Rd & Cipole,13840,E,OP,1,0,1,|,0
SW Tualatin-Sherwood Rd & 115th,13842,E,NS,9,0,9,|,0
SW Tualatin-Sherwood Rd & Avery,13843,E,NS,2,0,2,|,0
SW Tualatin-Sherwood Rd & Teton,13844,E,NS,2,0,2,|,0
SW Tualatin-Sherwood Rd & 95th,13845,E,NS,0,1,1,|,0
SW Tualatin-Sherwood Rd & 90th,13846,E,NS,0,1,1,|,0
SW Tualatin-Sherwood Rd & Boones Ferry,13847,E,NS,0,13,13,|,0
Jean Rd & Pilkington,13854,W,FS,2,1,3,|,1
Jean Rd & Jean Way,13855,W,NS,0,0,0,|,0
Jean Rd & Jean Way,13856,E,FS,0,0,0,|,0
Jean Rd & Pilkington,13857,E,FS,1,1,2,|,0
NE Cornell & Elam Young East,13858,E,FS,3,4,7,|,3
SE 282nd & Powell Valley,13867,N,NS,1,2,3,|,2
1400 Block NW Naito Parkway,13868,S,OP,0,0,0,|,0
N Syracuse & Chicago,13869,S,FS,8,24,32,|,76
SW Pacific Hwy & Dartmouth,13870,N,FS,55,41,96,|,16
SE Monterey & Fuller,13871,E,FS,5,5,10,|,1
8000 Block SE Monterey,13872,E,OP,1,4,5,|,3
8000 Block SE Monterey,13873,W,AT,3,1,4,|,1
SE Monterey & Fuller,13874,W,NS,7,4,11,|,0
N St Louis & Lombard,13876,W,NS,3,92,95,|,28
N Lombard & St Louis,13877,N,NS,82,119,201,|,90
SE Division & 178th,13878,E,OP,22,75,97,|,17
2500 Block NW Division,13879,W,AT,15,9,24,|,5
2600 Block NW Division,13880,E,AT,12,18,30,|,9
14200 Block SE Division,13881,E,AT,21,51,72,|,11
NE Halsey & 92nd,13883,W,FS,12,6,18,|,2
SE Sunnyside & 157th,13884,E,NS,1,20,21,|,3
SE Sunnyside & 162nd,13885,E,NS,3,11,14,|,3
SE 169th & Misty,13887,N,NS,9,22,31,|,7
SE 172nd & Sunnyside,13888,S,NS,20,16,36,|,12
SE Sunnyside & 169th,13889,W,NS,8,0,8,|,2
SE Sunnyside & 162nd,13890,W,FS,8,1,9,|,2
SW Boones Ferry & Trillium,13891,S,NS,0,1,1,|,0
NE Multnomah & 21st,13892,W,FS,8,6,14,|,1
NW 21st & Pettygrove,13899,S,NS,85,3,88,|,5
SW Hall & Langtree,13900,S,NS,1,4,5,|,0
SE 72nd & Clatsop,13904,N,FS,19,12,31,|,11
N Hayden Meadows Dr & Kerby,13905,E,NS,6,3,9,|,1
N Union Ct & East Delta Park Entrance,13906,N,FS,7,5,12,|,4
N Union Ct & East Delta Park Entrance,13907,S,AT,2,11,13,|,3
N Hayden Meadows Dr & Kerby,13908,W,FS,1,7,8,|,1
