"",,,,,,,,Monthly
Stop Location,Location ID,Direction,Position,Ons,Offs,Total,,Lifts
Pacific Ave & Quince,4307,W,FS,11,40,51,|,11
SW Pacific Hwy & Royal Villa Dr,4308,N,NS,67,8,75,|,16
2900 Block Pacific Ave,4309,W,AT,42,142,184,|,56
SW Pacific Hwy & School,4310,W,FS,9,27,36,|,2
Pacific Ave & Mountain View Ln,4311,E,NS,27,11,38,|,7
SW Pacific Hwy & 124th,4316,E,FS,27,3,30,|,2
SW Pacific Hwy & Walnut,4317,E,NS,36,16,52,|,2
SW Pacific Hwy & Walnut,4318,W,NS,28,40,68,|,3
SW Pacific Hwy & Warner,4319,W,NS,1,51,52,|,9
SW Pacific Hwy & Watkins,4320,W,FS,2,12,14,|,1
SW Pacific Hwy & Watkins,4321,E,OP,8,4,12,|,1
N Adair & Yew,4322,W,NS,27,108,135,|,9
Pacific Ave & Yew,4323,E,OP,97,26,123,|,10
SW Pacific Hwy & 65th,4326,W,FS,20,52,72,|,4
SW Pacific Hwy & 68th,4327,E,FS,22,16,38,|,5
SW Pacific Hwy & 69th,4328,W,NS,9,21,30,|,3
SW Pacific Hwy & 71st,4329,W,FS,7,26,33,|,7
SW Palatine Hill & Palatine Hill/Palater,4334,W,NS,1,0,1,|,0
SW Palatine Hill & Riverside,4336,S,FS,0,21,21,|,0
SW Park Pl & St Clair,4340,W,NS,2,7,9,|,1
SW Park Pl & Douglas,4341,E,NS,1,0,1,|,0
SW Park Pl & Green,4343,W,FS,1,1,2,|,0
SW Park Pl & King,4345,E,NS,0,1,1,|,0
SW Park Pl & Lewis & Clark,4346,W,NS,0,1,1,|,0
SW Rose Garden Way & Wright,4351,W,FS,1,1,2,|,0
10200 Block SW Park Way,4366,E,OP,0,1,1,|,0
SW Park Way & Cedar Hills,4369,W,FS,2,0,2,|,0
SW Park Way & Cedar Hills,4370,E,NS,0,7,7,|,0
SW Park Way & Dellwood,4371,W,NS,0,0,0,|,0
SW Park Way & Dellwood,4372,E,NS,0,0,0,|,0
SW Park Way & Devonshire,4374,E,OP,0,0,0,|,0
SW Park Way & Hicrest,4376,E,NS,1,0,1,|,0
SW Park Way & Hilldale,4377,W,NS,0,0,0,|,0
SW Park Way & Huntington,4378,W,NS,2,0,2,|,0
SW Park Way & Huntington,4379,E,NS,0,1,1,|,0
SW Park Way & Parkwood,4380,W,NS,0,0,0,|,0
SW Park Way & Parkwood,4381,E,NS,0,0,0,|,0
SW Park Way & Tremont,4382,W,NS,0,0,0,|,0
SW Park Way & Walker,4383,W,NS,1,0,1,|,0
SW Park Way & Walker,4384,E,FS,1,1,2,|,0
SW Park Way & Wynwood,4385,W,NS,0,0,0,|,0
SW Park Way & Wynwood,4386,E,NS,0,0,0,|,0
13500 Block SW Park Way,4387,W,AT,0,0,0,|,0
SW Patrick & Council Crest,4410,W,NS,0,0,0,|,0
3400 Block SW Patton,4413,W,AT,0,0,0,|,0
SW Patton & Greenway,4415,E,FS,11,0,11,|,0
SW Patton & Homar,4416,E,OP,3,0,3,|,0
