"",,,,,,,,Monthly
Stop Location,Location ID,Direction,Position,Ons,Offs,Total,,Lifts
SE Flavel & 62nd,1743,W,NS,25,8,33,|,7
SE Flavel & 64th,1745,E,NS,7,28,35,|,18
SE Flavel & 66th Place,1748,E,NS,6,28,34,|,2
SE Flavel & 66th,1749,W,NS,31,7,38,|,1
SE Flavel & 70th,1754,E,NS,3,12,15,|,1
SE Flavel & 72nd,1755,W,FS,57,18,75,|,15
SE Flavel & 82nd,1759,E,FS,12,25,37,|,20
SE Flavel & 83rd,1760,W,NS,20,12,32,|,23
SE Flavel & 85th,1761,E,OP,2,5,7,|,1
SE Flavel & 86th,1762,W,FS,15,1,16,|,0
SE Flavel & 87th,1763,E,NS,1,9,10,|,0
SE Flavel & 92nd,1764,E,FS,1,39,40,|,15
SE Flavel & 92nd,1765,W,FS,30,1,31,|,7
SE Foster & 120th,1766,E,OP,16,13,29,|,10
13100 Block SE Foster,1769,W,AT,5,8,13,|,4
SE Foster & 131st,1770,E,OP,8,7,15,|,17
SE Foster & 103rd,1772,E,OP,5,4,9,|,1
11600 Block SE Foster,1773,E,OP,17,13,30,|,1
11600 Block SE Foster,1774,W,AT,14,23,37,|,1
SE Foster & Gladstone,1775,E,FS,11,34,45,|,2
SE Foster & Holgate,1778,W,NS,48,19,67,|,8
SE Foster & 101st,1779,E,NS,23,2,25,|,1
SE Foster & 101st,1780,W,NS,4,15,19,|,1
SE Foster & 103rd,1781,W,NS,4,5,9,|,3
SE Foster & 107th,1782,E,OP,1,1,2,|,0
SE Foster & 107th,1783,W,FS,1,1,2,|,0
SE Foster & 110th Dr,1784,E,FS,13,11,24,|,2
SE Foster & 111th,1785,W,NS,11,13,24,|,2
12300 Block SE Foster,1786,E,AT,5,4,9,|,0
SE Foster & 122nd,1787,W,FS,28,93,121,|,29
SE Foster & 128th,1788,E,FS,13,12,25,|,3
SE Foster & 128th,1789,W,FS,15,12,27,|,1
SE Foster & 134th,1790,E,FS,10,7,17,|,0
SE Foster & 134th,1791,W,FS,5,8,13,|,0
SE Foster & Powell,1792,S,FS,50,85,135,|,18
SE Foster & 52nd,1793,W,NS,71,54,125,|,25
SE Foster & 52nd,1794,E,FS,52,56,108,|,34
SE Foster & 56th,1798,W,NS,22,9,31,|,2
SE Foster & 58th,1799,W,NS,39,6,45,|,1
SE Foster & 65th,1802,E,FS,41,98,139,|,29
SE Foster & 65th,1803,W,NS,54,22,76,|,18
SE Foster & 67th,1804,E,FS,18,51,69,|,17
SE Foster & 67th,1805,W,FS,43,13,56,|,8
SE Foster & 69th,1807,W,FS,28,14,42,|,10
SE Foster & 70th,1808,E,NS,8,15,23,|,2
SE Foster & 72nd,1810,E,FS,24,95,119,|,33
SE Foster & 72nd,1811,W,FS,79,25,104,|,20
