"",,,,,,,,Monthly
Stop Location,Location ID,Direction,Position,Ons,Offs,Total,,Lifts
SE 12th & Harrison,6581,N,NS,21,7,28,|,2
NE 12th & Irving,6582,N,NS,56,71,127,|,2
NE 12th & Irving,6583,S,NS,7,4,11,|,0
SE 12th & Madison,6585,N,FS,102,29,131,|,14
SE 12th & Morrison,6588,N,NS,71,87,158,|,37
SE 12th & Pine,6589,N,NS,8,10,18,|,3
NE 12th & E Burnside,6592,N,FS,78,145,223,|,69
SE 12th & Stark,6594,N,NS,46,40,86,|,34
SW 121st & North Dakota,6597,N,NS,6,2,8,|,0
SW 121st & Katherine,6598,S,FS,4,6,10,|,0
SW 121st & Lynn,6599,N,NS,8,5,13,|,0
SW 121st & Merestone,6601,N,NS,2,1,3,|,0
SW 121st & Merestone,6602,S,NS,2,1,3,|,0
SW 121st & North Dakota,6603,S,NS,1,6,7,|,0
NE 121st Pl & Prescott,6604,N,NS,45,46,91,|,5
SW 121st & Scholls Ferry,6606,S,FS,12,24,36,|,2
SW 121st & Springwood,6607,N,NS,14,7,21,|,2
SW 121st & Summer,6608,S,FS,0,1,1,|,0
NE 122nd & Davis,6610,S,NS,68,24,92,|,42
300 Block NE 122nd,6611,N,AT,17,50,67,|,21
3600 Block NE 122nd,6613,S,OP,39,11,50,|,1
NE 122nd & Halsey,6617,S,NS,118,55,173,|,84
SE 122nd & Boise,6618,N,NS,49,7,56,|,3
SE 122nd & Boise,6619,S,NS,46,63,109,|,7
NE 122nd & Brazee,6620,N,NS,16,17,33,|,11
SE 122nd & E Burnside,6621,N,NS,183,366,549,|,182
SE 122nd & Burnside,6623,S,FS,360,178,538,|,178
SE 122nd & Bush,6624,N,FS,42,30,72,|,6
SE 122nd & Bush,6625,S,FS,25,36,61,|,2
SE 122nd & Foster,6626,N,FS,76,28,104,|,31
NE 122nd & Halsey,6628,N,FS,54,78,132,|,63
SE 122nd & Division,6630,N,FS,300,145,445,|,121
SE 122nd & Division,6631,S,FS,151,299,450,|,127
SE 122nd & Harold,6633,N,NS,64,10,74,|,43
SE 122nd & Harold,6634,S,NS,5,55,60,|,18
SE 122nd & Holgate,6635,N,NS,148,25,173,|,42
SE 122nd & Holgate,6636,S,FS,28,96,124,|,47
SE 122nd & Lincoln,6640,N,FS,56,33,89,|,10
SE 122nd & Lincoln,6641,S,NS,36,64,100,|,16
SE 122nd & Madison,6642,N,NS,53,22,75,|,24
1300 Block SE 122nd,6643,S,OP,25,51,76,|,23
SE 122nd & Market,6645,N,NS,66,71,137,|,16
SE 122nd & Market,6646,S,NS,87,69,156,|,19
500 Block NE 122nd Ave,6648,N,OP,41,80,121,|,63
700 Block NE 122nd,6649,S,AT,64,38,102,|,49
SE 122nd & Midland Library (Morrison),6650,S,AT,65,42,107,|,32
NE 122nd & Multnomah,6651,N,NS,10,24,34,|,8
