"",,,,,,,,Monthly
Stop Location,Location ID,Direction,Position,Ons,Offs,Total,,Lifts
N Greeley & Bryant,2186,S,NS,32,2,34,|,3
N Greeley & Dekum,2190,N,NS,1,11,12,|,0
N Greeley & Dekum,2191,S,NS,13,1,14,|,0
N Greeley & Going Overpass,2195,N,AT,7,10,17,|,1
N Greeley & Going,2196,S,NS,4,3,7,|,0
N Greeley & Holman,2197,N,NS,2,12,14,|,0
N Greeley & Holman,2198,S,NS,20,2,22,|,0
N Greeley & Jessup,2205,S,NS,15,1,16,|,1
N Greeley & Jessup,2206,N,NS,3,13,16,|,1
N Greeley & Killingsworth,2208,N,NS,8,41,49,|,2
N Greeley & Killingsworth,2209,S,NS,43,15,58,|,3
N Greeley & Lombard St,2212,N,NS,1,35,36,|,4
N Greeley & Lombard St,2213,S,FS,36,6,42,|,5
N Greeley & Rosa Parks Way,2221,N,FS,4,22,26,|,2
N Greeley & Rosa Parks Way,2222,S,NS,27,3,30,|,5
N Greeley & Sumner,2226,N,NS,12,28,40,|,3
N Greeley & Sumner,2227,S,OP,33,20,53,|,2
SW Greenburg & Cascade,2230,E,OP,42,25,67,|,20
SW Greenburg & Cascade,2231,S,FS,28,43,71,|,13
SW Greenburg & Center,2232,N,FS,57,28,85,|,8
SW Greenburg & Center,2233,S,NS,20,44,64,|,5
SW Greenburg & North Dakota,2234,N,FS,26,25,51,|,8
SW Greenburg & North Dakota,2235,S,OP,32,23,55,|,9
SW Greenburg & 92nd,2237,E,FS,7,8,15,|,10
SW Greenburg & 90th,2238,W,FS,6,4,10,|,5
SW Greenburg & 92nd,2239,W,FS,9,10,19,|,7
SW Greenburg & Lincoln,2240,S,NS,9,6,15,|,2
SW Greenburg & 95th,2242,W,NS,6,8,14,|,0
SW Greenburg & 95th,2243,E,FS,11,8,19,|,0
SW Greenburg & 98th,2245,W,OP,11,13,24,|,0
SW Greenburg & 98th,2246,E,FS,13,11,24,|,1
200 Block Greenridge,2247,W,OP,0,7,7,|,0
200 Block Greenridge,2248,E,AT,7,0,7,|,0
Greenridge & Greenridge Ct,2249,N,OP,0,0,0,|,0
Greenridge & Greenridge Ct,2250,S,FS,0,1,1,|,0
Greenridge & SW Monroe Pkwy,2251,N,NS,0,0,0,|,0
SW Greenway & Council Crest,2252,N,FS,1,0,1,|,0
Gresham Transit Center,2253,E,AT,"1,181",917,"2,098",|,428
SW Haines & Lesser,2257,E,NS,3,4,7,|,0
5500 Block SW Hall,2260,N,AT,22,14,36,|,38
6200 Block SW Hall,2261,N,AT,17,12,29,|,0
7800 Block SW Hall,2262,N,AT,26,9,35,|,0
7800 Block SW Hall,2263,S,AT,10,24,34,|,1
9800 Block SW Hall,2264,N,AT,3,1,4,|,0
SW Hall & Allen,2267,N,NS,52,99,151,|,19
3600 Block SW Hall,2268,E,AT,18,19,37,|,7
SW Hall & Broadway,2271,N,FS,2,77,79,|,14
