"",,,,,,,,Monthly
Stop Location,Location ID,Direction,Position,Ons,Offs,Total,,Lifts
W Arlington & Portland Ave,136,E,NS,6,5,11,|,2
E Arlington & Portland Ave,137,W,NS,4,3,7,|,0
E Arlington & 82nd Dr,140,E,NS,5,6,11,|,0
82nd Dr & E Berkeley,141,S,FS,3,3,6,|,1
SW Arthur & 1st,142,E,NS,29,46,75,|,16
SW Arthur & 1st,143,W,NS,73,58,131,|,22
19th & B St,146,E,FS,296,201,497,|,102
B Ave & Second St,147,W,NS,17,26,43,|,0
10100 Block SW Barbur,150,E,AT,14,19,33,|,6
10700 Block SW Barbur,152,S,AT,1,4,5,|,0
11100 Block SW Barbur,153,W,AT,1,1,2,|,0
11100 Block SW Barbur,154,E,OP,2,1,3,|,0
4900 Block SW Barbur,155,S,OP,59,68,127,|,2
4900 Block SW Barbur,156,N,AT,69,56,125,|,5
SW Barbur & 26th Ave,159,E,OP,42,10,52,|,4
9500 Block SW Barbur,160,E,AT,11,4,15,|,1
SW Barbur & Alice,162,E,FS,29,10,39,|,5
SW Barbur & Alice,163,W,NS,7,24,31,|,2
SW Barbur & Taylors Ferry,164,W,NS,5,13,18,|,2
SW Barbur & Barbur Ct,165,W,OP,7,35,42,|,5
SW Barbur & Capitol Hwy,168,E,NS,66,36,102,|,3
SW Barbur & Capitol Hill,170,S,FS,39,138,177,|,20
SW Barbur & Hamilton,172,N,FS,148,97,245,|,21
SW Barbur & Hamilton,173,W,NS,96,168,264,|,11
SW Barbur & Hooker,174,N,NS,31,19,50,|,1
SW Barbur & Hooker,175,S,NS,25,43,68,|,3
SW Barbur & Lane,176,S,NS,9,25,34,|,0
SW Barbur & Lane,177,N,OP,33,17,50,|,2
SW Barbur & Luradel,178,S,OP,19,54,73,|,6
SW Barbur & Luradel,179,N,FS,50,25,75,|,7
SW Barbur & Moss,180,N,NS,22,6,28,|,3
SW Barbur & Parkhill Dr,181,S,FS,1,4,5,|,0
SW Barbur & Parkhill,182,N,FS,4,2,6,|,0
11200 Block SW Barbur,183,E,AT,11,5,16,|,0
11200 Block SW Barbur,184,W,OP,3,11,14,|,0
SW Barbur & Pennoyer,185,S,OP,15,13,28,|,0
SW Barbur & Pennoyer,186,N,FS,11,7,18,|,0
SW Barbur & Primrose,187,W,NS,20,63,83,|,29
SW Barbur & Capitol Hwy,188,S,FS,3,6,9,|,0
SW Barbur & Slavin/Capitol Hwy,189,N,OP,4,3,7,|,0
SW Barbur & Terwilliger,191,W,FS,29,62,91,|,2
SW Barbur & Terwilliger,193,E,FS,68,17,85,|,4
8900 Block SW Barbur,194,W,AT,3,32,35,|,1
SW Barbur & Whitaker,195,N,FS,14,24,38,|,1
SW Barbur & Whitaker,196,S,OP,12,12,24,|,0
SW Barbur & Woods,197,N,NS,9,7,16,|,2
SW Barbur & Woods,198,S,OP,8,9,17,|,1
