"",,,,,,,,Monthly
Stop Location,Location ID,Direction,Position,Ons,Offs,Total,,Lifts
Webster & Clayton,6194,S,NS,2,2,4,|,1
SE Webster & Cypress,6195,N,NS,2,2,4,|,0
18000 Block Webster,6196,N,AT,1,2,3,|,0
17700 Block Webster,6197,N,AT,3,4,7,|,0
Webster & Kraxberger Middle School,6198,S,AT,1,3,4,|,0
SE Webster & Lake,6199,N,NS,4,3,7,|,1
Webster & Los Verdes,6201,S,FS,15,10,25,|,2
SE Webster & Mabel,6203,S,NS,2,2,4,|,0
SE Webster & Molt St,6205,S,FS,3,3,6,|,0
Webster & Oatfield,6206,S,NS,2,5,7,|,0
SE Webster & Pine Creek,6207,N,OP,0,1,1,|,1
Webster & Kirkwood,6208,N,NS,3,3,6,|,1
SE Webster & Savanna,6209,N,FS,0,0,0,|,0
SE Webster & Strawberry,6210,N,NS,4,4,8,|,1
SE Webster & Thiessen,6211,N,NS,14,10,24,|,10
SE Webster & Thiessen,6212,S,FS,9,9,18,|,4
SE Webster & Tuscany Ct,6213,S,NS,1,0,1,|,0
SE Webster & Wilshire,6215,S,OP,0,0,0,|,0
NE Weidler & Lloyd Center,6216,E,AT,177,178,355,|,257
NE Weidler & M L King,6218,E,FS,25,32,57,|,33
N Weidler & Williams,6220,E,NS,25,23,48,|,24
NE Weidler & 106th,6223,W,NS,6,6,12,|,7
NE Weidler & 111th,6225,W,FS,55,24,79,|,53
NE Weidler & 17th,6227,E,NS,36,45,81,|,16
NE Weidler & 2nd,6232,E,NS,7,20,27,|,40
NE Weidler & 21st,6235,E,NS,35,100,135,|,49
NE Weidler & 22nd,6237,E,NS,17,42,59,|,5
NE Weidler & 24th,6239,E,NS,9,23,32,|,6
NE Weidler & 7th,6240,E,NS,19,31,50,|,27
NE Weidler & 9th,6242,E,NS,11,33,44,|,24
N Whitaker & Hayden Meadows,6256,N,FS,6,15,21,|,8
N Willamette & Alma,6258,W,NS,2,34,36,|,1
N Willamette & Ida,6259,E,NS,24,2,26,|,1
N Willamette & Bryant,6260,N,NS,2,13,15,|,0
N Willamette & Edgewater,6262,E,FS,14,1,15,|,0
N Willamette & Burr,6263,W,FS,1,11,12,|,0
N Willamette & Carey,6264,N,NS,1,4,5,|,1
N Willamette & Carey,6265,E,FS,3,1,4,|,0
N Willamette & Chautauqua,6266,E,OP,6,1,7,|,0
N Willamette & Harvard,6269,W,NS,3,18,21,|,0
N Willamette & Harvard,6270,E,OP,12,5,17,|,0
N Willamette & Haven,6271,W,NS,8,35,43,|,0
N Willamette & Hurst,6273,W,NS,0,6,6,|,1
N Willamette & Macrum,6274,E,OP,7,0,7,|,1
N Willamette & Macrum,6275,W,NS,1,10,11,|,1
N Willamette & Menlo,6277,W,NS,2,14,16,|,0
N Willamette & Menlo,6278,E,OP,6,0,6,|,0
