"",,,,,,,,Monthly
Stop Location,Location ID,Direction,Position,Ons,Offs,Total,,Lifts
NE 15th & Thompson,6815,N,NS,7,29,36,|,1
NE 15th & Thompson,6816,S,NS,24,3,27,|,0
NE 15th & Tillamook,6817,S,FS,55,18,73,|,24
NE 16th & Multnomah,6818,S,NS,36,27,63,|,10
NW 158th & Greenbrier Pkwy,6828,N,FS,3,18,21,|,1
NW 158th & Greenbrier Pkwy,6829,S,OP,20,4,24,|,1
SW 158th & Jay,6830,N,FS,2,0,2,|,0
SW 158th & Walker,6832,N,FS,9,26,35,|,1
SW 158th & Walker,6833,S,FS,16,12,28,|,2
NE 15th & Hancock,6834,N,NS,27,60,87,|,44
16th & Harrison,6835,W,NS,1,0,1,|,0
16th & Harrison,6836,E,NS,1,2,3,|,0
16th & Jackson,6837,W,NS,0,0,0,|,0
NE 16th & Sandy,6839,N,NS,84,144,228,|,26
16th & Taylor,6840,E,NS,1,1,2,|,0
16th & Taylor,6841,W,NS,0,0,0,|,1
NE 16th & Multnomah,6842,N,FS,21,50,71,|,11
NE 15th & Broadway,6843,N,NS,82,72,154,|,47
SE 17th & Mitchell,6846,S,FS,8,16,24,|,4
SE 17th & Bybee,6847,S,NS,20,38,58,|,6
SE 17th & Bybee,6848,N,NS,9,15,24,|,3
SE 17th & Center,6849,N,NS,155,97,252,|,38
SE 17th & Center,6850,S,NS,102,133,235,|,18
SE 17th & Clatsop,6852,S,NS,5,31,36,|,7
SE 17th & Marion,6853,N,NS,13,2,15,|,4
SE 17th & Claybourne,6856,N,NS,21,9,30,|,4
SE 17th & Claybourne,6857,S,NS,9,16,25,|,5
SE 17th & Harney,6860,N,NS,5,1,6,|,0
SE 17th & Harold,6861,N,NS,14,4,18,|,0
SE 17th & Harold,6862,S,NS,4,12,16,|,1
SE 17th & Knight,6867,N,NS,15,3,18,|,1
SE 17th & Knight,6868,S,NS,4,14,18,|,1
SE 17th & Lava,6871,N,OP,12,1,13,|,2
SE 17th & Lava,6872,S,FS,1,10,11,|,0
SE 17th & Lexington,6873,N,NS,17,3,20,|,0
SE 17th & Lexington,6874,S,NS,2,23,25,|,0
SE 17th & Mall,6876,N,OP,51,124,175,|,28
SE 17th & Mall,6877,S,NS,104,40,144,|,34
SE 17th & McLoughlin,6882,N,NS,21,8,29,|,3
SE 17th & Ochoco St,6885,N,NS,35,21,56,|,6
SE 17th & Ochoco St,6886,S,NS,14,32,46,|,6
SE 17th & Rex,6889,N,NS,8,3,11,|,0
SE 17th & Rex,6890,S,NS,2,16,18,|,1
SE 17th & Schiller,6893,N,FS,6,3,9,|,0
SE 17th & Schiller,6894,S,NS,3,7,10,|,0
SE 17th & Tacoma,6896,S,NS,5,45,50,|,22
SE 17th & Tenino,6897,N,NS,40,6,46,|,29
