"",,,,,,,,Monthly
Stop Location,Location ID,Direction,Position,Ons,Offs,Total,,Lifts
E Burnside & NE 55th,788,W,NS,47,23,70,|,25
E Burnside & NE 58th,791,W,NS,21,3,24,|,4
W Burnside & SW 6th,792,E,NS,751,448,"1,199",|,294
E Burnside & SE 60th,793,E,NS,48,76,124,|,26
E Burnside & NE 60th,794,W,NS,78,49,127,|,14
E Burnside & NE 62nd,796,W,NS,11,4,15,|,1
E Burnside & SE 67th,799,E,OP,4,13,17,|,1
E Burnside & NE 67th,800,W,NS,11,7,18,|,1
E Burnside & NE 69th,801,W,NS,10,4,14,|,0
E Burnside & SE 72nd,806,E,NS,4,19,23,|,1
E Burnside & NE 72nd,807,W,NS,19,5,24,|,3
E Burnside & SE 74th,808,E,NS,7,21,28,|,1
E Burnside & NE 74th,809,W,NS,23,11,34,|,2
E Burnside & NE 79th,811,W,NS,49,14,63,|,8
E Burnside & SE 79th,812,E,NS,12,35,47,|,3
E Burnside & SE 82nd,813,E,NS,234,157,391,|,72
E Burnside & NE 82nd,814,W,NS,129,249,378,|,91
E Burnside & SE 87th,817,E,NS,8,22,30,|,4
E Burnside & NE 87th,818,W,NS,15,6,21,|,4
E Burnside & SE 8th,820,E,NS,115,163,278,|,25
E Burnside & SE 94th,822,E,FS,7,10,17,|,5
E Burnside & NE 94th,823,W,NS,10,11,21,|,4
S Buxton & SW Cherry Park,830,N,FS,0,2,2,|,0
S Buxton & SW Cherry Park,831,S,NS,3,0,3,|,1
Buxton & E Columbia River Hwy,832,N,NS,3,12,15,|,2
S Buxton & SW Martine,833,S,NS,1,0,1,|,0
S Buxton & SE 6th,836,N,NS,1,0,1,|,0
S Buxton & SE 8th,837,N,NS,1,0,1,|,0
SE Bybee & Milwaukie,838,W,NS,99,66,165,|,22
SE Bybee & Milwaukie,839,E,NS,11,21,32,|,3
SE Bybee & 14th,843,W,NS,1,2,3,|,1
SE Bybee & 14th,844,E,FS,2,2,4,|,0
SE Bybee & 17th,845,E,NS,64,62,126,|,21
SE Bybee & 22nd,852,E,FS,7,12,19,|,12
SE Bybee & 22nd,853,W,NS,11,4,15,|,15
SE Bybee & 23rd,855,W,NS,2,8,10,|,24
SE Bybee & 27th,858,E,FS,3,6,9,|,1
2400 Block SE Bybee,859,W,AT,2,3,5,|,0
SE Bybee & 28th,860,S,NS,0,1,1,|,0
4600 Block SW Cameron,861,E,AT,2,1,3,|,0
SW Cameron & Fairvale Ct,862,E,NS,3,4,7,|,0
SW Cameron & Shattuck,863,E,FS,4,4,8,|,0
SW Cameron & 53rd,865,E,NS,7,5,12,|,0
SW Campus Dr & OHSU Garage F,868,E,OP,29,9,38,|,4
SW Campus Dr & Terwilliger,870,E,NS,31,3,34,|,2
SW Campus Dr & Loading Dock 5,871,W,AT,109,8,117,|,1
7500 Block SW Canyon,882,W,AT,1,8,9,|,0
