"",,,,,,,,Monthly
Stop Location,Location ID,Direction,Position,Ons,Offs,Total,,Lifts
SW Jefferson & McNary,3045,S,FS,1,8,9,|,0
SW Jefferson Pkwy & McNary Pkwy,3046,N,NS,7,1,8,|,0
Jefferson & Mt Jefferson,3048,N,FS,2,0,2,|,0
SW Jefferson & 10th,3049,W,NS,197,357,554,|,112
SW Jefferson & 13th,3051,W,NS,30,85,115,|,56
SW Jefferson & 16th,3052,W,NS,55,86,141,|,5
SW Jefferson & 20th,3054,W,NS,38,18,56,|,6
Jenkins & Bardeen,3056,E,NS,2,2,4,|,0
SW Jenkins & Ecole,3062,W,NS,7,10,17,|,0
SW Jenkins & Briggs,3063,W,FS,4,7,11,|,1
SW Jenkins & Karl Braun,3064,E,FS,10,3,13,|,27
SW Jenkins & Hocken,3067,E,NS,12,12,24,|,3
SW Jenkins & Ecole,3069,E,OP,10,4,14,|,1
N Vancouver & Jessup,3070,N,NS,6,9,15,|,2
SE Johnson Creek & 42nd,3076,W,FS,7,15,22,|,1
SE Johnson Creek & Brookside,3077,N,FS,23,10,33,|,1
SE Johnson Creek & Brookside,3078,S,OP,9,12,21,|,2
SE Johnson Creek & Springwater Corridor,3079,N,NS,20,8,28,|,3
SE Johnson Creek & Springwater Corridor,3080,S,FS,12,27,39,|,4
SE Johnson Creek & 32nd,3081,W,NS,2,1,3,|,1
SE Johnson Creek & 36th,3082,W,OP,4,5,9,|,14
SE Johnson Creek & 36th,3083,E,NS,5,5,10,|,14
SE Johnson Creek & 42nd,3086,E,FS,16,6,22,|,2
NE Kane & 18th Ct,3091,N,OP,16,13,29,|,6
NE Kane & Division,3092,N,FS,52,47,99,|,74
NE Kane & Division,3093,S,NS,59,54,113,|,82
NE Kane & SE Stark,3094,N,NS,5,5,10,|,2
NE Kane & 15th,3097,N,FS,34,35,69,|,20
NE Kane & 18th Ct,3099,S,NS,21,25,46,|,20
SE Kane & 2nd,3100,N,OP,0,4,4,|,1
SE Kane & 2nd,3101,S,FS,4,0,4,|,0
NE Kane & 2nd Ct,3102,N,OP,4,3,7,|,2
NE Kane & 23rd,3104,S,FS,29,25,54,|,4
NE Kane & 23rd,3105,N,FS,27,32,59,|,4
NE Kane & 8th,3106,S,FS,1,0,1,|,0
NE Kane & 8th,3107,N,NS,0,1,1,|,0
SW Kelly & Corbett,3116,N,NS,19,35,54,|,6
50 Block Kerr Parkway,3125,S,AT,1,7,8,|,0
50 Block Kerr Parkway,3126,N,OP,7,3,10,|,0
Kerr & Boones Ferry Rd,3127,S,NS,2,9,11,|,17
Kerr & Independence,3129,N,FS,0,0,0,|,0
Kerr & Jefferson Pkwy,3132,N,FS,8,6,14,|,0
Kerr & McNary,3133,N,FS,6,3,9,|,0
Kerr & Tanglewood,3134,E,FS,2,3,5,|,0
Kerr & Tanglewood,3135,W,FS,4,2,6,|,1
Kerr & The Grotto,3137,S,FS,5,4,9,|,1
Kerr & The Grotto,3138,N,OP,7,5,12,|,2
