"",,,,,,,,Monthly
Stop Location,Location ID,Direction,Position,Ons,Offs,Total,,Lifts
SW Vermont & Chestnut,6025,E,NS,5,48,53,|,0
SW Vermont & Chestnut,6026,W,OP,34,9,43,|,0
SW Vermont & Idaho,6027,E,OP,0,0,0,|,0
SW Vermont & Idaho,6028,W,NS,0,3,3,|,0
SW Vermont & Idaho Dr,6029,W,FS,12,31,43,|,1
SW Vermont & Shattuck,6030,W,NS,3,3,6,|,0
SW Vermont & Capitol Hwy,6031,E,FS,1,0,1,|,0
SW Vermont & 13th,6032,W,OP,2,1,3,|,0
SW Vermont & 13th,6033,E,FS,1,2,3,|,0
SW Vermont & 24th,6034,W,FS,0,1,1,|,0
SW Vermont & 30th,6035,W,NS,1,9,10,|,0
SW Vermont & 30th,6036,E,NS,10,2,12,|,1
SW Vermont & 32nd,6037,W,FS,1,4,5,|,0
SW Vermont & 37th,6041,W,NS,1,7,8,|,0
SW Vermont & 37th,6042,E,NS,5,0,5,|,0
SW Vermont & 42nd,6043,W,FS,0,2,2,|,0
SW Vermont & 45th,6045,E,FS,23,1,24,|,1
SW Vermont & 50th,6047,W,NS,0,10,10,|,0
SW Vermont & 52nd,6048,E,NS,0,0,0,|,0
SW Vermont & 52nd,6049,W,NS,0,6,6,|,0
SW Vermont & 55th,6050,W,OP,0,6,6,|,0
SW Vermont & 60th,6051,W,OP,10,9,19,|,0
SW Vermont & 63rd,6052,W,OP,0,2,2,|,0
SW Virginia & California,6053,S,NS,0,2,2,|,0
SW Virginia & Nebraska,6057,N,NS,4,3,7,|,0
SW Virginia & Nevada,6059,N,NS,2,2,4,|,0
SW Virginia & Taylors Ferry,6060,S,NS,2,2,4,|,0
SW Virginia & Taylors Ferry,6061,N,FS,2,1,3,|,0
SW Virginia & Vermont,6062,S,NS,1,2,3,|,0
SW Virginia & Vermont,6063,N,NS,2,1,3,|,0
SW Vista & Broadway,6068,S,NS,0,18,18,|,0
SW Vista & Elm St,6074,S,NS,1,12,13,|,0
SW Vista & Elm St,6075,N,NS,2,0,2,|,0
SW Vista & Isabella,6077,S,NS,0,2,2,|,0
SW Vista & Jackson,6078,S,FS,0,6,6,|,0
SW Vista & Jackson,6079,N,FS,5,0,5,|,0
SW Vista & Madison,6082,S,NS,0,0,0,|,0
SW Vista & Main,6083,N,NS,13,2,15,|,0
SW Vista & Market Street,6084,N,FS,0,0,0,|,0
SW Vista & Market Street,6085,S,NS,1,1,2,|,0
SW Vista & Montgomery,6086,S,FS,0,1,1,|,0
SW Vista & Montgomery,6087,N,NS,1,0,1,|,0
SW Vista & Myrtle,6088,S,NS,0,4,4,|,0
SW Vista & Myrtle,6089,N,NS,2,0,2,|,0
SW Vista & Park Pl,6090,S,FS,2,18,20,|,0
SW Walnut & Brookside,6103,W,NS,3,1,4,|,0
SW Walnut & Grant,6104,E,FS,2,10,12,|,0
