"",,,,,,,,Monthly
Stop Location,Location ID,Direction,Position,Ons,Offs,Total,,Lifts
SE Division & 34th,1452,W,NS,79,28,107,|,11
SE Division & 37th,1457,W,NS,99,30,129,|,13
SE Division & Cesar Chavez Blvd,1458,E,NS,147,152,299,|,89
SE Division & Cesar Chavez Blvd,1459,W,NS,118,172,290,|,117
SE Division & 41st,1461,W,NS,40,21,61,|,11
SE Division & 41st,1462,E,NS,30,41,71,|,15
SE Division & 45th,1465,E,FS,15,36,51,|,5
SE Division & 45th,1466,W,NS,44,11,55,|,3
SE Division & 48th,1467,E,NS,21,50,71,|,27
SE Division & 48th,1468,W,NS,52,10,62,|,5
SE Division & 50th,1470,W,NS,71,67,138,|,30
SE Division & 52nd,1471,E,FS,102,64,166,|,22
SE Division & 52nd,1472,W,NS,66,56,122,|,13
SE Division & 55th,1475,E,FS,87,50,137,|,10
SE Division & 58th,1476,W,FS,39,78,117,|,18
SE Division & 60th,1477,E,OP,22,66,88,|,19
SE Division & 60th,1478,W,FS,47,16,63,|,19
SE Division & 64th,1480,E,NS,15,37,52,|,5
SE Division & 64th,1481,W,OP,28,10,38,|,3
SE Division & 67th,1483,E,FS,31,60,91,|,23
SE Division & 71st,1486,E,FS,11,37,48,|,4
SE Division & 71st,1487,W,OP,37,11,48,|,8
SE Division & 74th,1488,W,OP,49,16,65,|,10
SE Division & 76th,1489,E,OP,13,76,89,|,6
SE Division & 76th,1490,W,NS,26,9,35,|,6
SE Division & 77th,1492,W,NS,54,6,60,|,6
SE Division & 79th,1493,E,NS,5,51,56,|,2
SE Division & 8th,1496,W,FS,6,23,29,|,6
SE Division & 82nd,1497,E,FS,389,283,672,|,103
SE Division & 82nd,1499,W,FS,277,373,650,|,105
SE Division & 85th,1500,E,NS,19,39,58,|,6
SE Division & 85th,1501,W,NS,31,20,51,|,3
SE Division & 89th,1502,W,NS,22,14,36,|,3
SE Division & 89th,1503,E,FS,14,18,32,|,2
Division & 9th,1504,W,FS,0,2,2,|,0
SE Division & 92nd,1505,E,NS,23,36,59,|,24
SE Division & 92nd,1506,W,FS,43,23,66,|,24
SE Division & 98th,1508,W,FS,42,14,56,|,17
3100 Block SW Dosch,1510,S,AT,0,0,0,|,0
SW Dosch & Doschview,1511,S,OP,0,0,0,|,0
3500 Block SW Dosch,1513,S,AT,0,0,0,|,0
SW Dosch & Bridlemile,1515,E,NS,0,2,2,|,0
SW Dosch & Bridlemile,1516,W,OP,3,0,3,|,0
SW Dosch & Dosch Ct,1517,S,FS,0,8,8,|,0
SW Dosch & Dosch Ct,1518,N,OP,6,0,6,|,0
SW Dosch & Hamilton,1519,N,NS,0,1,1,|,0
SW Dosch & Martins,1520,S,OP,0,0,0,|,0
