"",,,,,,,,Monthly
Stop Location,Location ID,Direction,Position,Ons,Offs,Total,,Lifts
SE 122nd & Oak,6652,N,OP,93,167,260,|,76
SE 122nd & Oak,6653,S,NS,46,40,86,|,30
NE 122nd & Shaver,6654,N,NS,14,111,125,|,26
SE 122nd & Powell,6655,N,FS,285,87,372,|,109
SE 122nd & Ramona,6657,N,NS,45,10,55,|,3
SE 122nd & Ramona,6658,S,OP,10,36,46,|,2
SE 122nd & Raymond,6660,N,FS,33,5,38,|,21
SE 122nd & Reedway,6662,S,NS,4,13,17,|,30
NE 122nd & Sacramento,6667,S,NS,19,19,38,|,1
SE 122nd & Rhone,6668,S,NS,162,120,282,|,80
SE 122nd & Salmon,6669,N,FS,11,23,34,|,2
NE 122nd & San Rafael,6670,N,NS,51,78,129,|,49
NE 122nd & San Rafael,6671,S,FS,70,52,122,|,49
NE 122nd & Shaver,6672,S,NS,103,36,139,|,27
NE 122nd & Stanton,6673,N,NS,11,26,37,|,2
NE 122nd & Stanton,6674,S,NS,31,16,47,|,6
SE 122nd & Woodward Pl,6675,N,OP,24,16,40,|,16
SE 122nd & Woodward Pl,6676,S,FS,10,19,29,|,10
NE 125th Pl & Riverwood 40,6682,E,NS,1,7,8,|,3
NE 125th Pl & Shaver,6683,N,FS,1,2,3,|,0
SE 13th & Clatsop,6688,N,NS,11,1,12,|,0
SW 13th & Custer,6689,N,NS,3,8,11,|,0
SE 13th & Knapp,6691,N,NS,9,1,10,|,1
SE 13th & Lambert,6693,N,NS,31,4,35,|,1
SE 13th & Lambert,6694,S,NS,2,24,26,|,1
SE 13th & Sellwood,6707,S,NS,1,8,9,|,0
SE 13th & Tacoma,6708,N,NS,48,7,55,|,7
SE 13th & Tacoma,6709,S,FS,11,50,61,|,14
SE 13th & Umatilla,6711,N,NS,11,2,13,|,0
NE 132nd & Brazee,6713,S,NS,1,0,1,|,0
NE 132nd & Eugene,6714,N,FS,0,1,1,|,0
NE 132nd & Eugene,6715,S,NS,1,0,1,|,0
NE 132nd & Knott,6716,N,OP,1,5,6,|,0
NE 132nd & San Rafael,6718,S,NS,2,0,2,|,0
NE 133rd & Shaver,6719,S,NS,0,8,8,|,2
NE 135th & Fremont,6720,S,FS,5,5,10,|,1
NE 135th & Rose Parkway,6722,S,NS,3,3,6,|,0
6000 Block SE 136th,6723,N,AT,11,2,13,|,0
SE 136th & Center,6725,N,FS,12,2,14,|,1
SE 136th & Mall,6728,N,NS,15,2,17,|,12
SE 136th & Ramona,6729,N,OP,14,5,19,|,0
SE 136th & Ramona,6730,S,NS,6,17,23,|,1
SE 136th & Rhone,6731,N,FS,22,3,25,|,2
SW 14th Dr & Battaglia,6735,E,NS,0,0,0,|,0
SW 14th Dr & Battaglia,6736,W,OP,0,0,0,|,0
SW 14th Dr & Binford,6737,E,NS,2,1,3,|,0
SW 14th Dr & Binford,6738,W,OP,2,1,3,|,0
