"",,,,,,,,Monthly
Stop Location,Location ID,Direction,Position,Ons,Offs,Total,,Lifts
Clackamas Town Center Mall,12922,W,AT,"1,296",71,"1,367",|,270
SE Sunnyside & Misty Dr,12923,W,FS,24,2,26,|,5
SE Sunnyside & 147th,12924,E,NS,7,38,45,|,15
SE 152nd & Oregon Trail,12925,N,NS,0,1,1,|,0
SW Center & Lombard,12932,E,NS,1,13,14,|,0
SW Lombard & Center,12933,N,NS,11,2,13,|,3
E Burnside & SE 99th,12934,E,NS,17,19,36,|,5
19000 Block SE Hwy 224,12936,N,AT,0,0,0,|,0
19300 Block SE Hwy 224,12937,S,AT,0,0,0,|,0
9600 N Ramsey Blvd,12942,W,AT,0,1,1,|,0
SE Stark & 130th,12943,W,OP,66,24,90,|,8
SW Lombard & Broadway,12944,N,NS,8,150,158,|,28
SW Lombard & Broadway,12945,S,NS,134,14,148,|,20
SE Foster & 56th,12946,E,FS,10,31,41,|,3
SE Foster & 74th,12948,W,NS,24,12,36,|,33
SE Stark & 142nd,12949,W,OP,42,15,57,|,4
12600 Block SE Stark,12950,E,AT,29,92,121,|,27
SE Powell & 28th Pl,12951,E,FS,86,106,192,|,20
NE Kane & 15th,12952,S,OP,21,23,44,|,6
SE Stark & 214th,12953,E,OP,10,21,31,|,2
SE Stark & 169th,12954,E,FS,12,30,42,|,16
E Burnside & SE 57th,12955,E,FS,5,17,22,|,6
SE King & Cook Ct,12956,W,FS,33,26,59,|,5
SE Stark & Cherry Park,12957,W,NS,74,40,114,|,37
7500 Block SW Hunziker,12958,E,AT,2,4,6,|,0
PCC Lower Drive (G St) & H St,12959,W,OP,6,0,6,|,2
SW Barnes & 84th,12960,E,NS,13,6,19,|,1
SE Stark & 238th,12961,E,FS,14,37,51,|,25
7200 Block SW Durham,12962,N,OP,11,2,13,|,0
SW Oleson & Skyhar Dr,12963,N,OP,4,2,6,|,0
SW Oleson & Obrien,12964,N,OP,1,1,2,|,0
2900 Block NW Front,12965,S,AT,13,1,14,|,0
NE Prescott & 87th,12992,W,NS,8,3,11,|,2
SW Cedar Hills & Foothill Dr,12993,S,NS,2,8,10,|,0
SW Cedar Hills & Foothill Dr,13018,N,NS,17,5,22,|,1
SW Palater & Palatine Hill,13022,E,OP,0,2,2,|,0
SE Flavel & 69th,13024,W,NS,17,4,21,|,1
"2800 Blk NE Brookwood Pkwy, Library",13025,S,OP,5,0,5,|,0
NE Halsey & 159th Ct,13026,W,NS,12,2,14,|,1
NE Kane & SE Stark,13031,S,FS,67,120,187,|,71
SE Foster & 120th,13032,W,NS,8,12,20,|,1
NE Hood & 2nd,13033,S,FS,38,5,43,|,23
SW Walnut & Grant,13034,N,NS,4,2,6,|,0
SW 197th & Brookfield,13035,S,NS,2,3,5,|,0
SW 197th & Alderwood Ct,13036,N,NS,1,1,2,|,0
SE 90th & Causey,13037,S,FS,7,23,30,|,35
9400 Block NE Sunderland,13040,S,AT,1,16,17,|,35
