"",,,,,,,,Monthly
Stop Location,Location ID,Direction,Position,Ons,Offs,Total,,Lifts
NE Airport Way & 138th,10727,W,NS,11,9,20,|,2
12900 Block NE Airport Way,10728,W,AT,6,6,12,|,3
NE Airport Way & 122nd,10729,W,NS,15,16,31,|,3
NE Airport Way & Glenn Widing,10730,W,FS,24,21,45,|,2
11000 Block NE Holman,10731,W,OP,10,4,14,|,1
NE 105th & Simpson,10732,S,FS,1,4,5,|,1
NE 105th & Marx,10733,S,NS,3,0,3,|,0
NE 105th & Killingsworth,10734,S,FS,1,2,3,|,0
NE Weidler & 103rd Pl,10746,W,FS,48,61,109,|,60
NE Halsey & 102nd,10747,E,NS,97,77,174,|,50
SW Cedar Hills & Celeste,10749,S,NS,9,3,12,|,1
SW Cedar Hills & Celeste,10761,N,FS,5,9,14,|,0
NE Sandy & 105th,10779,E,NS,14,17,31,|,3
NE Sandy & 107th,10780,E,NS,12,11,23,|,7
NE Sandy & 109th,10781,E,NS,8,8,16,|,7
NE Sandy & 112th,10782,E,NS,5,19,24,|,4
NE Sandy & 115th,10783,E,NS,7,16,23,|,6
NE Sandy & 118th,10784,E,FS,14,9,23,|,3
NE Sandy & 125th Pl,10785,E,NS,17,11,28,|,5
NE Sandy & 131st Pl,10786,E,NS,7,11,18,|,1
NE Sandy & 133rd,10787,E,FS,8,16,24,|,18
NE Sandy & 138th,10788,E,FS,24,51,75,|,16
14300 Block NE Sandy,10789,E,AT,3,2,5,|,1
NE Sandy & 148th,10790,E,NS,9,20,29,|,3
W Burnside & NW 10th,10791,W,FS,139,191,330,|,77
W Burnside & SW 10th,10792,E,NS,247,99,346,|,60
NE Sandy & 38th,10793,E,OP,13,61,74,|,33
NE Sandy & 74th,10795,E,FS,8,33,41,|,6
7500 Block SW 45th,10801,S,AT,0,0,0,|,0
NW Thurman & 24th,10808,E,NS,11,0,11,|,4
W Burnside & NW 17th,10809,W,NS,15,65,80,|,15
NE Prescott & 89th,10820,W,NS,4,1,5,|,1
NW Eastman & Burnside,10821,N,FS,18,8,26,|,20
NE Sandy & 148th,10822,W,NS,14,6,20,|,5
NE Sandy & 138th,10823,W,NS,62,28,90,|,36
14300 Block NE Sandy,10824,W,OP,3,4,7,|,0
NE Sandy & 133rd,10825,W,OP,5,4,9,|,1
NE Sandy & 131st Pl,10826,W,FS,10,6,16,|,1
NE Sandy & 125th Pl,10827,W,OP,10,11,21,|,3
NE Sandy & 118th,10828,W,FS,6,11,17,|,2
NE Sandy & 115th,10829,W,OP,11,4,15,|,4
NE Sandy & 112th,10830,W,NS,21,7,28,|,3
NE Sandy & 109th,10831,W,FS,5,8,13,|,1
NE Sandy & 107th,10832,W,OP,10,13,23,|,7
NE Sandy & 44th,10834,W,FS,54,46,100,|,42
SE Eagle Creek Rd & Duus Rd,10835,S,OP,0,0,0,|,0
SE Eagle Creek Rd & Duus Rd,10836,N,FS,0,0,0,|,0
