"",,,,,,,,Monthly
Stop Location,Location ID,Direction,Position,Ons,Offs,Total,,Lifts
NE Sandy & 47th,5093,W,NS,48,13,61,|,6
NE Sandy & 47th,5094,E,FS,18,44,62,|,7
NE Sandy & 50th,5097,E,FS,8,28,36,|,6
NE Sandy & 50th,5098,W,FS,28,8,36,|,5
NE Sandy & 52nd,5100,W,FS,25,9,34,|,4
NE Sandy & 54th,5102,E,OP,9,42,51,|,1
NE Sandy & 54th,5103,W,NS,40,10,50,|,1
NE Sandy & 57th,5104,E,NS,23,128,151,|,66
NE Sandy & 57th,5105,W,NS,114,31,145,|,60
NE Sandy & 59th,5107,W,NS,21,12,33,|,5
NE Sandy & 60th,5110,E,FS,7,25,32,|,6
NE Sandy & 62nd,5112,E,FS,10,40,50,|,4
NE Sandy & 62nd,5113,W,NS,25,9,34,|,3
NE Sandy & 64th,5114,W,NS,35,6,41,|,1
NE Sandy & 65th,5115,E,NS,5,21,26,|,2
NE Sandy & 67th,5118,E,NS,6,57,63,|,5
NE Sandy & 67th,5119,W,NS,45,6,51,|,1
NE Sandy & 69th,5122,W,OP,82,43,125,|,38
NE Sandy & 70th,5123,E,FS,35,109,144,|,53
NE Sandy & Fremont,5125,W,FS,64,26,90,|,38
NE Sandy & 74th,5127,W,NS,34,10,44,|,7
NE Sandy & 77th,5132,E,NS,2,33,35,|,2
NE Sandy & 77th,5133,W,NS,32,2,34,|,1
NE Sandy & 79th,5135,E,FS,4,44,48,|,7
NE Sandy & 79th,5136,W,FS,46,8,54,|,6
NE Sandy & 82nd,5138,E,FS,77,135,212,|,47
NE Sandy & 82nd,5139,W,NS,158,97,255,|,52
NE Sandy & 86th,5140,W,FS,20,4,24,|,8
NE Sandy & 88th,5144,W,FS,22,6,28,|,20
NE Sandy & 91st,5145,W,NS,23,4,27,|,1
NE Sandy & 92nd,5146,E,NS,0,9,9,|,1
2500 Block of NE Saratoga,5148,W,AT,103,94,197,|,18
NE Saratoga & Dekum,5150,S,NS,11,1,12,|,0
4900 Block SW Scholls Ferry,5152,W,AT,4,18,22,|,4
5000 Block SW Scholls Ferry,5153,W,AT,18,31,49,|,7
5900 Block SW Scholls Ferry (Crosswalk),5155,S,OP,0,1,1,|,0
5900 Block SW Scholls Ferry (Crosswalk),5156,N,AT,1,1,2,|,0
6700 Block SW Scholls Ferry,5157,S,AT,11,33,44,|,1
6700 Block SW Scholls Ferry,5158,N,AT,14,10,24,|,0
7700 Block SW Scholls Ferry,5159,S,AT,3,5,8,|,13
8600 Block SW Scholls Ferry,5160,N,AT,25,5,30,|,1
8600 Block SW Scholls Ferry,5161,S,OP,3,38,41,|,3
SW Scholls Ferry & Allen,5162,N,FS,29,9,38,|,1
SW Scholls Ferry & Cascade,5164,S,FS,4,5,9,|,0
SW Scholls Ferry & Conestoga,5165,E,OP,26,26,52,|,2
SW Scholls Ferry & Conestoga,5166,W,FS,17,17,34,|,6
SW Scholls Ferry & Crestwood,5167,S,FS,0,3,3,|,0
