"",,,,,,,,Monthly
Stop Location,Location ID,Direction,Position,Ons,Offs,Total,,Lifts
21700 Block SE Hwy 224,8720,E,AT,0,2,2,|,0
21700 Block SE Hwy 224,8721,W,OP,1,0,1,|,0
600 Block NW Wade,8722,N,AT,0,0,0,|,0
800 Block NW Wade (at Library),8723,S,AT,1,8,9,|,2
12700 Block SE McLoughlin,8726,N,AT,8,8,16,|,1
NE 27th & Highland,8727,N,FS,0,14,14,|,6
SW Pacific Hwy & Royalty Parkway,8728,S,FS,8,55,63,|,21
5th & Washington (Oregon City),8732,W,NS,10,11,21,|,32
20000 Block SE Hwy 224,8735,W,AT,0,0,0,|,0
17300 Block SE Hwy 224,8736,W,OP,0,0,0,|,0
17400 Block SE Hwy 224,8737,E,AT,0,0,0,|,0
NE Vancouver Way & 3rd,8740,S,NS,2,1,3,|,0
2700 Block W Powell,8742,E,AT,57,89,146,|,42
2700 Block W Powell,8743,W,OP,94,49,143,|,47
NW St Helens & Harborton Dr,8744,N,NS,0,0,0,|,0
E Burnside & NE 97th,8745,W,NS,10,16,26,|,2
W Columbia River Hwy & NW Graham,8746,W,FS,52,3,55,|,4
20000 Block SE Hwy 224,8755,S,AT,0,0,0,|,0
Oregon City Transit Center,8758,N,AT,281,178,459,|,102
Oregon City Transit Center,8759,N,AT,67,112,179,|,19
Oregon City Transit Center,8760,S,AT,243,243,486,|,66
Oregon City Transit Center,8761,S,AT,281,268,549,|,138
Oregon City Transit Center,8762,W,AT,214,197,411,|,37
Webster & Cason,8763,N,NS,5,1,6,|,4
17100 Block SE Webster,8764,N,AT,0,3,3,|,0
SW Naito Parkway & Sheridan,8770,S,NS,36,3,39,|,1
SE Kane & Powell Valley,8776,S,NS,16,5,21,|,0
NW Bethany & Bronson,8779,S,NS,16,5,21,|,0
SW Sagert & 86th,8788,W,OP,2,6,8,|,0
SW Pacific Hwy & Durham,8792,N,FS,56,11,67,|,14
SE Hwy 224 & Tong,8794,E,OP,0,0,0,|,0
17700 Block SE Hwy 224,8795,W,AT,0,0,0,|,0
SW Barnes & Barnes,8798,W,FS,3,18,21,|,0
W Burnside & SW Barnes,8799,E,NS,20,3,23,|,1
4100 Block SE 182nd,8800,S,AT,0,21,21,|,3
NW Vaughn & 27th,8802,W,NS,5,106,111,|,11
2400 Block NW 29th,8808,N,AT,1,11,12,|,3
2500 Block NW 29th,8809,S,OP,2,0,2,|,2
4700 Block W Powell,8812,E,OP,17,35,52,|,26
N Rosa Parks Way & Albina,8814,W,NS,15,18,33,|,10
SE McLoughlin & Meldrum,8819,N,FS,12,5,17,|,7
SW Council Crest & Tualatin (north leg),8821,N,NS,2,0,2,|,0
SE Hwy 224 & Glover Rd,8823,S,FS,0,0,0,|,0
SE Hwy 224 & Hwy 211,8824,N,AT,3,2,5,|,1
19800 Block NE Halsey,8825,W,OP,9,3,12,|,0
13000 Block NW Cornell,8828,E,AT,8,6,14,|,0
SE Hwy 224 & 135th,8830,W,NS,14,3,17,|,0
