"",,,,,,,,Monthly
Stop Location,Location ID,Direction,Position,Ons,Offs,Total,,Lifts
SE Milwaukie & Tolman,3946,S,NS,10,61,71,|,14
SE Milwaukie & Tolman,3947,N,NS,46,10,56,|,14
N Mississippi & Beech,3955,N,NS,14,49,63,|,5
N Mississippi & Failing,3957,S,FS,132,59,191,|,20
N Mississippi & Failing,3958,N,NS,38,79,117,|,10
N Mississippi & Mason,3966,N,FS,24,54,78,|,15
N Mississippi & Mason,3967,S,NS,40,25,65,|,19
N Mississippi & Skidmore,3976,N,FS,13,27,40,|,7
N Mississippi & Skidmore,3977,S,NS,30,19,49,|,5
Molalla & Beverly,3981,S,FS,0,2,2,|,1
Molalla & Hilda,3983,N,NS,6,5,11,|,1
Molalla & Hillcrest,3984,N,NS,2,1,3,|,1
Molalla & Holmes,3985,S,FS,3,6,9,|,0
Molalla & Pearl,3989,S,NS,3,21,24,|,4
Molalla & Pearl,3990,N,NS,18,5,23,|,1
Molalla & Warner,3992,S,NS,2,3,5,|,0
Molalla & Willamette,3993,S,FS,3,2,5,|,1
Molalla & Willamette,3994,N,NS,3,2,5,|,3
Monroe & Boones Ferry Rd,3995,W,FS,1,6,7,|,0
Monroe & Boones Ferry Rd,3996,E,NS,3,2,5,|,0
SW Monroe & Greenridge,3997,E,NS,1,0,1,|,0
NE Morris & 111th,4011,W,NS,2,0,2,|,0
NE Morris & 117th,4012,E,NS,0,2,2,|,0
SE Morrison & Grand,4013,W,NS,149,129,278,|,54
SE Morrison & 12th,4014,W,FS,151,126,277,|,87
SE Morrison & 14th,4016,W,NS,83,32,115,|,17
SE Morrison & 16th,4019,W,NS,73,13,86,|,2
SE Morrison & 18th,4022,W,NS,36,10,46,|,12
SE Morrison & 20th,4023,W,NS,136,35,171,|,11
SE Morrison & 9th,4026,W,NS,61,27,88,|,6
Morrison Bridge,4028,E,AT,7,23,30,|,0
Morrison Bridge,4029,W,AT,14,11,25,|,0
10000 Block SE Mt Scott,4032,E,AT,0,3,3,|,0
9900 Block SE Mt Scott,4033,W,AT,3,0,3,|,0
SE Mt Scott & 103rd,4035,W,NS,4,4,8,|,11
SE Mt Scott & 105th,4036,E,OP,1,10,11,|,8
SE Mt Scott & 105th,4037,W,FS,6,1,7,|,0
SE Mt Scott & Aspen Summit,4039,E,FS,1,4,5,|,0
SE Mt Scott & 98th,4040,W,NS,2,0,2,|,2
NE Multnomah & Grand,4042,E,FS,68,119,187,|,26
NE Multnomah & Grand,4043,W,NS,60,74,134,|,28
NE Multnomah & 11th,4044,W,OP,109,55,164,|,35
NE Multnomah & 13th,4045,W,OP,77,234,311,|,25
NE Multnomah & 13th,4047,E,FS,149,39,188,|,19
NE Multnomah & 16th,4048,E,NS,5,15,20,|,10
NE Multnomah & 16th,4049,W,NS,16,5,21,|,6
NE Multnomah & 19th,4050,E,OP,2,8,10,|,1
