"",,,,,,,,Monthly
Stop Location,Location ID,Direction,Position,Ons,Offs,Total,,Lifts
19000 Block NE Sandy,9853,W,OP,3,0,3,|,0
W Burnside & SW 18th,9860,E,NS,1,2,3,|,1
SW Terwilliger & Sam Jackson,9861,N,NS,6,28,34,|,3
1100 Block N Hayden Meadows Dr,9862,N,NS,77,27,104,|,63
Willow Creek Transit Center,9869,E,AT,184,505,689,|,88
Willow Creek Transit Center,9871,E,AT,11,27,38,|,1
7600 Block SW Barnes,9872,W,OP,3,12,15,|,0
600 Block NW Naito Parkway,9873,N,AT,3,3,6,|,2
900 Block NW Naito Parkway,9874,N,OP,3,5,8,|,9
NW Naito Parkway & 9th,9875,N,OP,10,3,13,|,0
NW Front & 15th,9877,N,FS,4,7,11,|,1
NW Front & 17th,9878,N,FS,6,20,26,|,0
NW Front & 21st,9879,N,OP,1,7,8,|,0
NW Front & Nicolai,9880,N,FS,6,16,22,|,0
3000 Block NW Front,9881,N,OP,1,14,15,|,0
900 Block NW Naito Parkway,9889,S,AT,6,5,11,|,11
NW Naito Parkway & 9th,9890,S,FS,6,19,25,|,2
NW Front & 17th,9893,S,NS,28,11,39,|,0
NW Front & 21st,9894,S,NS,4,1,5,|,0
NW Front & Nicolai,9896,S,NS,10,7,17,|,0
NE Evergreen & 13th,9920,W,OP,0,1,1,|,0
NE Evergreen & NW Jackson School Rd N,9921,W,FS,0,0,0,|,0
NE Orenco Station Loop & MAX Station,9923,E,AT,139,53,192,|,27
300 Block E Main,9931,W,AT,1,0,1,|,0
E Main & N 1st,9933,W,NS,2,0,2,|,0
N 1st & NE Edison,9935,N,NS,1,0,1,|,0
N 1st & NE Grant,9936,N,NS,0,0,0,|,0
N 1st & NE Tiffany,9937,N,FS,0,0,0,|,0
2800 Block NW Glencoe,9938,N,OP,3,9,12,|,0
NW Glencoe & NE Cory,9939,N,FS,2,3,5,|,0
NW Glencoe & NE Lenox,9940,N,NS,3,5,8,|,0
NW Glencoe & NE Milne,9941,N,NS,1,1,2,|,0
NE Evergreen & NW Glencoe,9942,E,FS,1,0,1,|,0
NE Evergreen & 3rd,9943,E,NS,0,0,0,|,0
NE Evergreen & Sunburst,9944,E,NS,0,1,1,|,0
NE Evergreen & Jackson School Rd,9945,E,NS,1,0,1,|,0
NE Evergreen & Jackson Road Loop,9946,E,NS,0,0,0,|,0
NE Evergreen & 13th,9947,E,NS,1,1,2,|,0
NE 15th & Jones Farm Pkwy,9948,S,NS,4,5,9,|,0
NE Griffin Oaks & 15th,9949,E,FS,6,3,9,|,0
1800 Block NE Griffin Oaks,9950,E,AT,2,0,2,|,0
2200 Block NE Griffin Oaks,9951,E,AT,2,2,4,|,0
NE 25th & Kathryn,9952,S,NS,1,0,1,|,0
Fair Complex/Airport Park & Ride,9953,E,AT,41,45,86,|,46
Hillsboro Transit Center,9954,E,AT,58,16,74,|,11
Hillsboro Transit Center,9955,E,AT,278,420,698,|,112
Hillsboro Transit Center,9956,E,AT,184,73,257,|,36
