"",,,,,,,,Monthly
Stop Location,Location ID,Direction,Position,Ons,Offs,Total,,Lifts
SW 170th & Division,10443,S,OP,4,2,6,|,0
SW Dosch & Patton,10445,S,FS,0,0,0,|,0
SE 82nd & Sunnybrook,10446,S,NS,9,12,21,|,3
Oregon City Transit Center,10447,S,AT,82,83,165,|,38
8300 Block SW Apple Way,10448,E,AT,0,1,1,|,0
SE Belmont & 51st,10449,W,FS,13,8,21,|,1
8400 Block NE 33rd Dr,10450,S,OP,10,0,10,|,0
8400 Block NE 33rd Dr,10452,N,AT,0,19,19,|,0
NE Sandy & 154th,10453,W,FS,9,3,12,|,0
NE Shaver & 141st,10454,E,NS,5,16,21,|,2
NW 35th & Yeon,10455,N,NS,0,15,15,|,0
NW Evergreen Pkwy & NE Venetian (NW 196th),10457,W,NS,9,2,11,|,0
NW Evergreen Pkwy & NE Venetian (NW 196th),10458,E,NS,4,8,12,|,0
N Williams & Emerson,10463,N,NS,4,37,41,|,4
W Baseline & SW 185th,10464,E,NS,1,12,13,|,1
SW 45th & Vermont,10466,S,FS,1,0,1,|,0
400 Block Beavercreek Rd,10469,E,AT,6,56,62,|,27
2600 Block N Marine,10477,E,AT,0,1,1,|,0
SE 52nd & Woodstock,10481,S,NS,20,63,83,|,9
NE Evergreen & Evergreen Middle School,10482,E,AT,0,0,0,|,0
SE Woodstock & 51st,10484,E,FS,7,44,51,|,5
SE International Way & Criterion Ct,10489,S,OP,2,2,4,|,18
SE International Way & Criterion Ct,10490,N,NS,4,4,8,|,27
SW 5th & Hall,10491,S,NS,592,267,859,|,76
NE M L King & Morgan,10494,S,NS,25,11,36,|,3
SW Allen & 107th,10499,W,NS,1,5,6,|,0
26300 Block SE Hwy 224,10500,E,OP,2,0,2,|,1
26300 Block SE Hwy 224,10501,W,AT,0,1,1,|,0
NE 92nd & Hill,10505,N,FS,2,5,7,|,4
Ostman & Willamette Falls,10523,S,NS,1,1,2,|,0
Blankenship & Debok,10548,W,NS,6,6,12,|,1
NE Sandy & 185th Dr,10569,E,NS,6,12,18,|,1
NE Fremont & 51st,10571,E,NS,3,2,5,|,0
Parkrose/Sumner TC MAX Station,10572,N,AT,179,841,"1,020",|,0
Parkrose/Sumner TC MAX Station,10573,S,AT,876,197,"1,073",|,0
Cascades MAX Station,10574,W,AT,53,479,532,|,0
Cascades MAX Station,10575,E,AT,484,60,544,|,0
Mt Hood Ave MAX Station,10576,N,AT,52,313,365,|,0
Mt Hood Ave MAX Station,10577,S,AT,308,62,370,|,0
Portland Int'l Airport MAX Station,10579,,AT,"2,508","2,318","4,826",|,0
SE Sunnyside & 117th,10580,E,NS,4,9,13,|,1
SW Park Pl & Wright,10589,E,NS,3,1,4,|,0
N Vancouver Way & NE Walker St,10590,S,NS,33,5,38,|,22
N Vancouver Way & NE Walker St,10591,N,FS,3,17,20,|,21
SE Sunnyside & 117th,10592,W,NS,8,2,10,|,2
SE Holgate & 85th,10593,W,NS,74,110,184,|,105
NE Fremont & 45th,10594,W,FS,14,5,19,|,1
