"",,,,,,,,Monthly
Stop Location,Location ID,Direction,Position,Ons,Offs,Total,,Lifts
SW Multnomah & 45th,4052,W,FS,2,2,4,|,3
NE Multnomah & 9th,4055,E,NS,27,60,87,|,7
3600 Block SW Murray,4057,S,AT,10,7,17,|,1
3900 Block SW Murray,4060,N,AT,2,1,3,|,0
5300 Block SW Murray,4062,S,AT,11,14,25,|,10
SW Murray & Bonnie Brae,4064,S,NS,2,6,8,|,1
SW Murray & Bonnie Brae,4065,N,NS,12,4,16,|,0
SW Murray & Butner,4066,N,FS,9,11,20,|,1
SW Murray & Butner,4067,S,FS,15,13,28,|,1
SW Murray & Farmington,4068,S,FS,58,24,82,|,7
SW Murray & Farmington,4069,N,FS,28,43,71,|,10
SW Murray & Linda,4077,N,OP,8,10,18,|,12
SW Murray & Linda,4078,S,NS,8,3,11,|,1
NW Murray & Milburn,4080,S,NS,6,7,13,|,0
NW Murray & Science Park Dr,4085,N,FS,7,45,52,|,3
NW Murray & Science Park Dr,4086,S,NS,47,15,62,|,2
SW Murray & Tualatin Valley Hwy,4087,N,NS,15,34,49,|,3
SW Murray & Tualatin Valley Hwy,4088,S,FS,33,12,45,|,2
SW Murray & Walker,4090,N,FS,21,28,49,|,1
SW Murray & Walker,4091,S,NS,34,18,52,|,5
SW Murray & 6th,4095,N,NS,15,12,27,|,5
SW Nebraska & Corbett,4102,W,NS,2,0,2,|,0
SW Nebraska & Virginia,4103,E,NS,4,3,7,|,1
SW Nevada Ct & 54th,4104,W,OP,3,1,4,|,0
NW Nicolai & 27th,4105,E,NS,8,4,12,|,1
SW Oak & Armco Ave,4116,E,NS,48,24,72,|,14
SW Oak & 17th,4119,E,FS,78,58,136,|,31
SE Oak & 7th,4123,E,NS,63,41,104,|,24
SE Oak & 9th,4125,E,NS,21,50,71,|,17
14100 Block SE Oatfield,4136,S,AT,1,0,1,|,0
SE Oatfield & Oak Grove,4137,N,OP,5,10,15,|,1
16800 Block SE Oatfield,4138,S,OP,0,0,0,|,0
16800 Block SE Oatfield,4139,N,AT,0,0,0,|,0
Oatfield & Stone Oaks Ct,4140,S,OP,0,1,1,|,0
SE Oatfield & Alchar Dr,4141,W,FS,2,1,3,|,0
SE Oatfield & Aldercrest,4142,E,NS,1,1,2,|,0
SE Oatfield & Allan,4143,N,NS,2,0,2,|,0
SE Oatfield & Allan,4144,S,OP,0,1,1,|,0
Oatfield & Stone Oaks Ct,4145,N,NS,2,0,2,|,0
SE Oatfield & Clayson,4146,S,NS,3,2,5,|,0
SE Oatfield & Clayson,4147,N,OP,3,3,6,|,0
Oatfield & Collins Crest,4148,S,NS,3,2,5,|,0
SE Oatfield & Concord,4149,S,NS,3,8,11,|,0
SE Oatfield & Concord,4150,N,FS,4,5,9,|,0
SE Oatfield & Courtney,4151,S,NS,1,1,2,|,0
Oatfield & E Exeter,4154,S,NS,2,7,9,|,1
Oatfield & Glen Echo,4159,E,NS,6,4,10,|,0
