"",,,,,,,,Monthly
Stop Location,Location ID,Direction,Position,Ons,Offs,Total,,Lifts
2800 Block S Troutdale,5864,N,OP,0,0,0,|,0
3000 Block S Troutdale,5865,S,AT,0,0,0,|,0
S Troutdale & SE Beavercreek,5867,N,FS,0,1,1,|,0
S Troutdale & SE Beavercreek,5868,S,FS,1,0,1,|,0
S Troutdale & SE Chapman,5869,N,NS,1,2,3,|,0
S Troutdale Rd & SW Chapman,5870,S,NS,3,0,3,|,0
S Troutdale Rd & SE Stark,5871,N,FS,2,4,6,|,0
S Troutdale & SE Stark,5872,S,NS,6,1,7,|,0
S Troutdale & SE 19th,5874,N,FS,0,1,1,|,0
S Troutdale & SE 19th,5875,S,OP,1,0,1,|,0
S Troutdale & SE 21st,5876,N,FS,0,1,1,|,0
S Troutdale & SW 21st,5877,S,FS,3,0,3,|,0
SW Troy & 35th,5878,W,FS,34,103,137,|,13
SE Umatilla & 16th,5884,E,NS,1,8,9,|,0
NE M L King & Ainsworth,5886,N,NS,58,108,166,|,70
NE M L King & Ainsworth,5887,S,NS,89,39,128,|,53
NE M L King & Alberta,5889,S,FS,193,40,233,|,35
NE M L King & Alberta,5890,N,FS,143,392,535,|,94
SE M L King & Ash,5892,S,NS,11,30,41,|,2
NE M L King & Beech,5893,S,NS,81,36,117,|,19
NE M L King & Beech,5894,N,NS,37,69,106,|,21
NE M L King & Brazee,5896,N,NS,23,73,96,|,15
NE M L King & Broadway,5897,S,NS,31,89,120,|,62
NE M L King & Bryant,5899,N,NS,78,85,163,|,50
NE M L King & Bryant,5900,S,NS,34,18,52,|,5
NE M L King & E Burnside,5901,S,NS,80,226,306,|,67
NE M L King & Dekum,5903,N,NS,13,76,89,|,22
NE M L King & Dekum,5904,S,NS,74,16,90,|,14
NE M L King & Failing,5906,N,FS,28,78,106,|,39
NE M L King & Failing,5907,S,NS,90,28,118,|,22
NE M L King & Fargo,5908,S,FS,48,22,70,|,24
NE M L King & Fargo,5909,N,NS,11,35,46,|,8
NE M L King & Fremont,5910,N,NS,43,102,145,|,26
NE M L King & Fremont,5911,S,NS,73,48,121,|,24
NE M L King & Hoyt,5912,S,NS,59,20,79,|,7
NE M L King & Hancock,5914,S,NS,13,9,22,|,6
NE M L King & Holladay,5917,S,NS,99,463,562,|,101
NE M L King & Holland,5918,N,NS,13,38,51,|,5
NE M L King & Holland,5919,S,NS,154,90,244,|,77
NE M L King & Holman,5920,N,FS,3,14,17,|,2
NE M L King & Jarrett,5923,S,NS,71,23,94,|,24
NE M L King & Jarrett,5924,N,NS,15,57,72,|,18
NE M L King & Killingsworth,5927,S,FS,399,330,729,|,226
NE M L King & Killingsworth,5929,N,NS,84,187,271,|,92
NE M L King & Knott,5930,N,NS,37,91,128,|,18
NE M L King & Knott,5931,S,NS,91,40,131,|,22
NE M L King & Lombard St,5932,N,NS,63,66,129,|,26
