"",,,,,,,,Monthly
Stop Location,Location ID,Direction,Position,Ons,Offs,Total,,Lifts
9th & Washington,8100,W,NS,2,3,5,|,3
NW 90th & W Stark,8105,N,FS,0,1,1,|,0
SW 90th & Taylor,8106,S,NS,2,0,2,|,0
SW 90th & Washington,8108,S,FS,1,0,1,|,0
NE 92nd & Russell,8114,S,FS,3,3,6,|,14
NE 92nd & Russell,8115,N,OP,3,2,5,|,12
NE 92nd & Sacramento,8116,N,NS,2,5,7,|,0
NE 92nd & Schuyler,8118,S,NS,5,2,7,|,0
NE 92nd & Schuyler,8119,N,OP,3,3,6,|,1
NE 92nd & Thompson,8124,S,FS,10,5,15,|,0
NE 92nd & Tillamook,8125,N,OP,4,5,9,|,0
NE 92nd & Tillamook,8126,S,NS,2,2,4,|,0
SE 97th & Foster,8134,N,NS,7,72,79,|,3
NE 99th & Glisan,8140,N,FS,7,31,38,|,16
NE 99th & Glisan,8141,S,NS,32,10,42,|,19
NE 102nd & Knott,8149,N,NS,2,7,9,|,1
SE International Way & 40th,8152,E,FS,5,7,12,|,1
4400 Block SE International Way,8153,E,AT,5,4,9,|,1
4900 Block SE International Way (Blount),8154,E,OP,5,5,10,|,0
SE International Way & Mallard,8155,E,OP,2,4,6,|,0
5600 Block SE International Way,8156,S,OP,1,3,4,|,0
SE International Way & Mallard,8164,W,NS,3,3,6,|,0
4900 Block SE International Way (Blount),8165,W,AT,7,3,10,|,0
4500 Block SE International Way,8166,W,OP,3,4,7,|,2
SE International Way & 40th,8167,W,OP,8,7,15,|,0
SE 32nd & Johnson Creek,8168,N,NS,12,8,20,|,9
Hillsboro Transit Center,8181,E,AT,458,183,641,|,110
Gateway Transit Center,8190,S,AT,93,11,104,|,29
Gateway TC (Drop off only stop),8194,N,AT,174,680,854,|,176
Gresham Transit Center,8199,E,AT,2,220,222,|,9
Lake Oswego Transit Center,8207,S,AT,130,68,198,|,17
Lake Oswego Transit Center,8208,S,AT,95,166,261,|,80
Tigard Transit Center,8209,S,AT,221,309,530,|,67
Tigard Transit Center,8210,S,AT,63,67,130,|,11
Tigard Transit Center,8211,S,AT,229,229,458,|,95
Tigard Transit Center,8212,S,AT,148,90,238,|,37
Barbur Transit Center,8213,E,AT,77,588,665,|,19
SE Jackson & Main St,8223,W,NS,460,257,717,|,222
SE Jackson & 21st,8225,E,NS,423,319,742,|,232
SW Troy & 37th,8227,W,FS,0,0,0,|,0
SW Hamilton & 54th Pl,8229,E,FS,0,0,0,|,0
NW 158th & Schendel,8230,S,NS,30,16,46,|,3
158th & Baseline,8231,S,FS,3,5,8,|,7
SW 158th & W Baseline,8232,N,FS,5,5,10,|,1
NW 158th & Schendel,8233,N,FS,15,19,34,|,2
SW 158th & Jenkins,8234,N,NS,2,1,3,|,0
SE 82nd & Boise,8237,S,NS,31,141,172,|,51
