"",,,,,,,,Monthly
Stop Location,Location ID,Direction,Position,Ons,Offs,Total,,Lifts
NW Leahy & 101st,3379,W,OP,0,0,0,|,0
NW Leahy & 95th,3383,E,FS,0,0,0,|,0
NW Leahy & 97th,3385,E,NS,2,0,2,|,0
12100 Block SW Lesser,3387,N,AT,0,0,0,|,0
12000 Block SW Lesser,3388,S,OP,0,0,0,|,0
SW Lesser & Haines,3389,S,NS,2,3,5,|,2
SW Lesser & 60th,3392,S,OP,4,1,5,|,0
SW Lesser & 60th,3393,E,FS,2,3,5,|,0
300 Block SW Lincoln,3397,E,AT,192,56,248,|,14
SW Lincoln & 1st,3398,W,FS,53,219,272,|,13
SE Lincoln & 57th,3403,E,NS,8,4,12,|,0
SE Lincoln & 57th,3404,W,OP,4,10,14,|,3
Linn & A V Davis,3407,S,NS,10,22,32,|,8
Linn & Charman,3408,S,FS,3,3,6,|,0
Linn & Charman,3409,N,OP,4,2,6,|,0
Linn & Ethel,3410,N,NS,26,10,36,|,13
Linn & Holmes,3411,S,NS,4,20,24,|,3
Linn & Holmes,3412,N,NS,13,6,19,|,1
Linn & Narain,3413,N,FS,5,2,7,|,1
Linn & Oak,3414,S,NS,7,15,22,|,0
Linn & Park,3415,S,FS,1,8,9,|,0
Linn & Pearl,3416,N,FS,19,7,26,|,0
Linn & Williams,3418,N,NS,33,3,36,|,4
SE Linn & 13th,3419,W,NS,9,1,10,|,0
SE Linn & 16th,3421,W,NS,5,3,8,|,1
Linn & 4th,3422,S,NS,3,8,11,|,1
Linn & 4th,3423,N,OP,5,6,11,|,1
SE Linwood & Montgomery,3424,S,OP,1,1,2,|,0
SE Linwood & Montgomery,3425,N,NS,1,1,2,|,0
11600 Block SE Linwood,3426,N,OP,2,1,3,|,0
11600 Block SE Linwood,3427,S,AT,2,2,4,|,0
12300 Block SE Linwood,3428,N,OP,4,2,6,|,0
12300 Block SE Linwood,3429,S,AT,5,4,9,|,0
SE Linwood & Furnberg,3430,N,NS,0,0,0,|,0
SE Linwood & Furnberg,3431,S,OP,0,1,1,|,0
11900 Block SE Linwood (Linwood Sch),3432,N,OP,2,3,5,|,0
11900 Block SE Linwood (Linwood Sch),3433,S,AT,3,2,5,|,0
SE Linwood & Monroe,3434,N,FS,2,1,3,|,0
SE Linwood & Monroe,3435,S,NS,1,1,2,|,0
SW Locust & Hall,3438,W,NS,1,4,5,|,1
SW Locust & Hall,3439,E,FS,6,1,7,|,1
SW Locust & 80th,3440,E,NS,0,1,1,|,0
SW Locust & 82nd,3441,W,FS,0,1,1,|,0
SW Locust & 82nd,3442,E,NS,2,0,2,|,0
N Lombard & Mississippi,3451,E,NS,22,19,41,|,7
N Lombard & Albina,3452,W,NS,11,35,46,|,3
N Lombard & Albina,3453,E,FS,42,19,61,|,1
