"",,,,,,,,Monthly
Stop Location,Location ID,Direction,Position,Ons,Offs,Total,,Lifts
SE Hwy 224 & Bakers Ferry Rd,2881,E,FS,1,6,7,|,0
SE Hwy 224 & Bakers Ferry Rd,2882,W,OP,6,1,7,|,1
16400 Block SE Hwy 224,2883,E,OP,0,0,0,|,0
16400 Block SE Hwy 224,2884,W,AT,1,1,2,|,0
16000 Block SE Hwy 224,2885,S,FS,0,2,2,|,0
16000 Block SE Hwy 224,2886,N,NS,1,0,1,|,0
SE Hwy 212 & Evelyn,2888,E,NS,5,27,32,|,4
SE Hwy 212 & 102nd,2889,W,FS,11,5,16,|,1
SE Hwy 212 & 130th,2890,W,NS,10,1,11,|,0
Hwy 212 & Fred Meyer Dc Entr,2891,E,FS,1,13,14,|,2
11400 Block SE Hwy 212,2892,W,AT,11,2,13,|,2
SE Hwy 224 & Hwy 212,2895,S,FS,0,2,2,|,0
SE Hwy 224 & Hwy 212,2896,N,NS,1,0,1,|,0
SE Hwy 224 & Marna,2898,W,FS,0,0,0,|,0
10700 Block SE Hwy 212,2899,W,AT,12,1,13,|,4
SE Hwy 224 & Odell,2900,E,NS,0,0,0,|,0
SE Hwy 212 & 122nd,2904,E,FS,2,29,31,|,1
SE Hwy 212 & 122nd,2905,W,FS,14,2,16,|,1
SE Hwy 212 & 130th,2906,E,NS,1,10,11,|,1
SE Hwy 224 & 135th,2907,E,FS,4,16,20,|,1
SE Hwy 224 & 142nd,2908,E,NS,0,9,9,|,1
SE Hwy 224 & 142nd,2909,W,NS,8,0,8,|,1
SE Hwy 224 & 152nd,2910,E,OP,0,1,1,|,0
SE Hwy 224 & 152nd,2911,W,NS,2,0,2,|,0
SE Hwy 224 & 197th,2912,E,FS,0,0,0,|,0
SE Hwy 224 & 197th,2913,W,OP,0,0,0,|,0
SE Hwy 224 & 82nd Dr,2914,E,NS,37,26,63,|,6
SE Hwy 212 & 82nd Dr,2915,W,NS,9,29,38,|,5
N Interstate & Albina,2945,S,NS,14,18,32,|,2
N Interstate & Graham,2962,N,FS,2,3,5,|,0
N Interstate & Graham,2964,S,OP,3,2,5,|,0
N Ivanhoe & Baltimore,3008,N,NS,36,7,43,|,3
N Ivanhoe & Charleston,3009,E,NS,3,50,53,|,9
Jackson & 12th,3020,S,NS,3,5,8,|,1
Jackson & 12th,3021,N,NS,2,4,6,|,1
Jackson & 15th,3024,S,NS,2,1,3,|,0
Jackson & 15th,3025,N,NS,2,2,4,|,0
Jean Rd & Bryant,3030,E,NS,1,0,1,|,0
Jean Rd & Bryant,3031,W,FS,0,1,1,|,0
Jean Rd & Schalit,3032,E,FS,1,0,1,|,0
SW Jean Rd & Tualata,3033,W,OP,0,1,1,|,0
Jean Rd & Schalit,3036,W,FS,0,1,1,|,0
SW Jean Rd & Tualata,3038,E,FS,2,0,2,|,0
SW Jefferson & Broadway,3039,W,NS,12,447,459,|,32
Jefferson & Independence,3040,S,OP,2,9,11,|,0
Jefferson & Independence,3041,N,NS,5,0,5,|,0
2 Jefferson Parkway,3043,E,FS,4,1,5,|,0
