"",,,,,,,,Monthly
Stop Location,Location ID,Direction,Position,Ons,Offs,Total,,Lifts
NW 119th & Maple Hill,13285,S,FS,0,0,0,|,0
NW 119th & Old Quarry,13286,S,FS,0,0,0,|,0
NW 119th & Sunningdale,13287,S,FS,0,0,0,|,0
NW 119th & Coleman,13288,S,FS,0,0,0,|,0
NW 119th & Vallevue,13289,S,FS,0,0,0,|,0
NW 119th & Lovejoy,13290,S,FS,0,0,0,|,0
NW 119th & Kearney,13291,S,FS,0,0,0,|,0
NW 119th & Reeves,13292,S,FS,0,0,0,|,0
NW St Helens & Saltzman,13293,N,OP,1,5,6,|,0
NW St Helens & Saltzman,13294,S,FS,4,1,5,|,0
SE Division & SE Division St MAX Station,13297,E,AT,327,81,408,|,89
SE Division & SE Division St MAX Station,13298,W,OP,80,296,376,|,73
SW Harrison & 6th,13305,W,NS,55,412,467,|,75
NW Cornell & Murray,13309,E,NS,11,29,40,|,7
SW Taylor & Selba Terrace,13310,W,OP,0,0,0,|,0
SW Taylor & Selba Terrace,13311,E,NS,0,0,0,|,0
NW Division & Wonderview,13312,W,NS,11,9,20,|,3
Glenn Otto Park,13314,W,AT,8,6,14,|,0
E Columbia River Hwy & SE Kibling,13315,W,OP,2,1,3,|,1
SE 185th Ave/Rockwood,13320,S,NS,1,3,4,|,3
2800 Block SW Hocken,13325,N,AT,5,12,17,|,2
E Burnside & SE Sandy,13327,E,FS,199,354,553,|,231
NE Couch & 12th,13328,W,NS,296,253,549,|,191
NE Couch & 7th,13329,W,NS,148,101,249,|,37
E Columbia River Hwy & SE Jackson Park,13331,S,NS,0,1,1,|,0
E Columbia River Hwy & SE Jackson Park,13332,N,OP,0,0,0,|,0
E Burnside & E 181st Ave Park & Ride,13345,E,AT,0,2,2,|,0
SW Capitol & Carson,13347,N,FS,7,4,11,|,2
Civic Drive MAX Station,13449,W,AT,288,91,379,|,0
Civic Drive MAX Station,13450,E,AT,88,296,384,|,0
NW McDaniel & Harding Ct,13455,W,FS,0,0,0,|,0
Oatfield & Webster,13458,N,FS,5,2,7,|,0
Webster & Oatfield,13459,N,FS,4,2,6,|,1
NW Cornell & 118th,13465,E,FS,12,7,19,|,0
NE Kane & SE 1st,13468,S,NS,6,2,8,|,3
SE Kane & 5th St,13469,S,FS,0,0,0,|,1
SE Kane & 5th St,13470,N,NS,1,1,2,|,1
SE Division & 156th,13471,E,OP,32,81,113,|,36
NE Columbia Blvd & 47th,13472,W,FS,23,48,71,|,3
E Powell & NE Elliott,13473,W,NS,0,0,0,|,0
E Powell & NE Elliott,13474,E,OP,1,0,1,|,1
SE 257th/Kane & Powell Valley,13475,S,FS,0,2,2,|,0
SE Kane & Powell Valley,13476,N,FS,9,14,23,|,0
SE Jackson & Main,13477,E,FS,178,186,364,|,45
23200 Block NE Sandy,13478,W,OP,8,7,15,|,3
N Fessenden & Iris Way,13479,W,FS,26,79,105,|,17
NE Glisan & 127th,13480,W,FS,1,1,2,|,0
