"",,,,,,,,Monthly
Stop Location,Location ID,Direction,Position,Ons,Offs,Total,,Lifts
NW 21st & Irving,7113,N,NS,7,60,67,|,24
NW 21st & Irving,7114,S,NS,81,5,86,|,15
NW 21st & Lovejoy,7121,S,NS,110,6,116,|,43
NW 21st & Lovejoy,7122,N,FS,6,102,108,|,51
NW 21st & Northrup,7127,S,NS,71,3,74,|,17
NW 21st & Northrup,7128,N,NS,5,50,55,|,30
NW 21st & Pettygrove,7130,N,FS,4,55,59,|,4
SE 21st & Washington,7136,S,NS,33,4,37,|,3
NE 21st & Weidler,7138,N,NS,15,26,41,|,5
NE 21st & Weidler,7139,S,NS,23,12,35,|,13
SE 22nd & Bluebird,7141,S,NS,1,1,2,|,0
SE 22nd & Wren,7144,S,FS,0,0,0,|,0
SE 223rd & Ankeny,7145,N,OP,1,1,2,|,0
SE 223rd & Ankeny,7146,S,FS,3,2,5,|,1
SE 223rd & Oak,7149,S,NS,4,30,34,|,8
SE 223rd & Salmon,7150,N,NS,3,3,6,|,1
SE 223rd & Salmon,7151,S,OP,2,2,4,|,4
SE 223rd & Stark,7152,N,FS,89,10,99,|,19
SE 223rd & Yamhill,7153,N,OP,2,3,5,|,0
SE 223rd & Yamhill,7154,S,NS,4,5,9,|,1
SE 23rd & Bybee,7156,S,NS,0,1,1,|,0
NW 23rd & Flanders,7157,N,NS,18,55,73,|,20
NW 23rd & Irving,7161,N,NS,11,74,85,|,12
NW 23rd & Irving,7162,S,NS,134,14,148,|,20
NW 23rd & Lovejoy,7163,N,NS,15,169,184,|,101
NW 23rd & Thurman,7169,N,FS,36,89,125,|,20
SE 23rd & Tolman (Union Manor),7172,N,NS,26,18,44,|,187
NW 23rd & Westover,7174,S,NS,37,25,62,|,8
NE 24th & Broadway,7188,N,FS,14,45,59,|,25
NE 24th & Fremont,7190,N,FS,6,26,32,|,0
NE 24th & Fremont,7191,S,NS,28,7,35,|,1
NE 24th & Hancock,7193,S,NS,16,3,19,|,0
NE 24th & Klickitat,7194,N,NS,1,18,19,|,0
NE 24th & Klickitat,7196,S,NS,20,1,21,|,0
NE 24th & Knott,7197,N,NS,1,32,33,|,1
NE 24th & Knott,7198,S,NS,32,2,34,|,1
NE 24th & Siskiyou,7201,N,NS,2,27,29,|,0
NE 24th & Siskiyou,7202,S,NS,28,2,30,|,0
NE 24th & Thompson,7205,S,NS,15,2,17,|,1
NE 24th & Thompson,7206,N,NS,2,10,12,|,1
NE 24th & Tillamook,7208,N,NS,2,10,12,|,0
SE 25th & Morrison,7216,N,NS,47,7,54,|,1
SE Clinton & 26th,7223,W,FS,16,21,37,|,1
SE 26th & Gladstone,7224,S,NS,4,11,15,|,0
SE 26th & Kelly,7226,S,OP,29,11,40,|,0
SE 26th & Powell,7227,N,FS,67,148,215,|,6
SE 26th & Powell,7228,S,NS,108,53,161,|,10
