"",,,,,,,,Monthly
Stop Location,Location ID,Direction,Position,Ons,Offs,Total,,Lifts
McVey & Oak,3818,E,FS,0,0,0,|,0
SE McKinley & Jefferson,3825,N,OP,1,2,3,|,0
13700 Block SE McLoughlin,3827,S,OP,9,8,17,|,3
SE McLoughlin & Boardman,3829,S,FS,15,29,44,|,7
SE McLoughlin & Chestnut,3830,S,FS,4,12,16,|,0
McLoughlin & Clackamette Dr,3831,S,NS,45,61,106,|,32
16000 Block SE McLoughlin,3832,S,AT,9,30,39,|,10
SE McLoughlin & Concord,3833,S,FS,54,68,122,|,35
SE McLoughlin & Courtney,3834,S,NS,36,47,83,|,26
SE McLoughlin & Hull Ave,3838,S,FS,9,22,31,|,1
SE McLoughlin & Jennings,3839,S,FS,26,56,82,|,10
SE McLoughlin & Maple,3840,S,NS,13,33,46,|,8
SE McLoughlin & Meldrum,3841,S,NS,7,15,22,|,2
McLoughlin & Oregon City Shopping Center,3842,N,AT,74,55,129,|,36
SE McLoughlin & Oak Grove,3843,S,FS,114,152,266,|,85
SE Frontage Rd & Ochoco St,3846,S,FS,16,5,21,|,1
SE McLoughlin & Park Ave,3848,S,NS,359,59,418,|,74
SE McLoughlin & Risley,3849,S,FS,10,24,34,|,10
SE McLoughlin & River Rd,3850,S,FS,16,15,31,|,6
SE McLoughlin & Roethe,3851,S,FS,53,115,168,|,37
SE McLoughlin & Silver Springs,3852,S,OP,21,15,36,|,4
SE McLoughlin & Silverleaf,3853,S,NS,19,18,37,|,5
8500 Block SE McLoughlin,3854,S,AT,1,2,3,|,4
SE McLoughlin & Vineyard,3857,S,FS,23,31,54,|,10
SE McLoughlin & Lakewood,3860,S,OP,1,5,6,|,1
McNary & Churchill Downs,3862,E,FS,3,1,4,|,0
McNary & Condolea,3863,W,FS,1,3,4,|,0
McNary & Condolea,3864,E,OP,4,0,4,|,0
Meridian Park Hospital Rd & SW 65th,3867,N,NS,3,0,3,|,0
Meridian Park Hospital Main Stop,3868,N,AT,56,66,122,|,19
13500 Block SW Millikan,3892,E,OP,6,6,12,|,1
SE Milwaukie & Center,3908,N,FS,37,18,55,|,48
SE Milwaukie & Center,3909,S,NS,17,45,62,|,35
SE Milwaukie & Claybourne,3911,S,NS,17,48,65,|,30
SE Milwaukie & Claybourne,3912,N,NS,37,15,52,|,38
SE Milwaukie & Haig,3916,S,NS,13,15,28,|,1
SE Milwaukie & Haig,3917,N,NS,22,19,41,|,3
SE Milwaukie & Insley,3921,S,OP,5,24,29,|,3
SE Milwaukie & Insley,3922,N,FS,30,5,35,|,2
SE Milwaukie & Long,3928,S,FS,10,20,30,|,9
SE Milwaukie & Long,3929,N,OP,20,10,30,|,5
SE Milwaukie & Mall,3931,S,NS,13,22,35,|,27
SE Milwaukie & Mall,3932,N,NS,23,13,36,|,18
SE Milwaukie & Mitchell,3933,N,FS,43,19,62,|,102
SE Milwaukie & Mitchell,3935,S,OP,15,38,53,|,78
SE Milwaukie & Ramona,3938,S,NS,5,35,40,|,1
SE Milwaukie & Ramona,3940,N,OP,44,4,48,|,2
