"",,,,,,,,Monthly
Stop Location,Location ID,Direction,Position,Ons,Offs,Total,,Lifts
SE Thiessen & Topaz,14041,W,FS,1,1,2,|,1
SE Thiessen & Anna Marie Ct,14042,W,FS,2,5,7,|,4
SE Thiessen & Anna Marie Ct,14043,E,NS,3,1,4,|,3
SE Thiessen & Topaz,14044,E,FS,1,1,2,|,0
SE Thiessen & Johnson,14045,E,NS,1,1,2,|,0
17800 Block SE 82nd Dr,14046,S,AT,2,6,8,|,2
2000 Block Washington,14047,W,FS,3,4,7,|,0
2000 Block Washington,14048,E,OP,3,4,7,|,1
17800 Block SE 82nd Dr,14049,N,OP,5,3,8,|,2
SW Hall & Spruce,14051,S,NS,2,2,4,|,1
SW Hall & Spruce,14052,N,FS,2,2,4,|,1
SW Columbia & 2nd,14053,E,NS,216,6,222,|,20
Ostman & Fields,14054,S,NS,1,1,2,|,0
27400 Block SE Eagle Creek Rd,14055,S,OP,0,0,0,|,0
High St & 2nd,14056,S,NS,7,3,10,|,1
W Burnside & NW 2nd,14057,W,FS,93,424,517,|,174
6200 Block SW Hall,14059,S,OP,81,39,120,|,14
5000 Block SW Vermont,14062,E,AT,0,0,0,|,0
SE Jefferson & Main,14064,E,NS,19,69,88,|,14
