"",,,,,,,,Monthly
Stop Location,Location ID,Direction,Position,Ons,Offs,Total,,Lifts
SW Barbur & Bertha,199,W,FS,116,199,315,|,27
SW Barbur & 13th,200,W,FS,16,25,41,|,3
SW Barbur & Evans,201,S,NS,3,22,25,|,0
SW Barbur & 19th,202,E,NS,106,33,139,|,14
SW Barbur & 2nd,203,N,NS,58,3,61,|,1
SW Barbur & 3rd,207,W,NS,11,65,76,|,1
SW Barbur & 30th,208,E,FS,94,20,114,|,29
SW Barbur & 53rd,209,W,NS,8,17,25,|,0
SW Barbur & 53rd,210,E,FS,21,11,32,|,1
SW Pacific Hwy & 64th,211,E,NS,42,24,66,|,2
Barbur Transit Center,212,E,AT,548,53,601,|,20
12200 Block NW Barnes,227,S,AT,45,8,53,|,1
NW Barnes & Saltzman,228,N,AT,10,15,25,|,4
7600 Block SW Barnes,229,E,FS,33,6,39,|,1
8200 Block SW Barnes (Art School),230,E,OP,6,8,14,|,0
8200 Block SW Barnes (Art School),231,W,AT,9,7,16,|,0
9300 Block SW Barnes,233,E,AT,7,8,15,|,5
12400 Block NW Barnes,234,N,OP,12,38,50,|,0
8800 Block SW Barnes (Catlin Gabel School),235,W,NS,3,16,19,|,1
SW Barnes & Leahy,236,E,NS,89,25,114,|,1
SW Barnes & Leahy,237,W,NS,19,85,104,|,2
SW Barnes & Miller,238,E,FS,31,25,56,|,2
SW Barnes & Miller,239,W,FS,20,55,75,|,2
SW Barnes & Monterey/St Vincent Hosp Dr,240,W,NS,3,6,9,|,1
SW Barnes & Monterey,241,E,NS,8,3,11,|,2
SW Barnes & W Stark,247,E,FS,24,8,32,|,0
SW Barnes & 70th,251,E,OP,4,1,5,|,1
SW Barnes & 70th,252,W,FS,1,9,10,|,1
SW Barnes & 84th,253,W,FS,4,6,10,|,0
SW Barnes & 88th,255,E,NS,18,3,21,|,0
E Baseline & Valley View,256,E,OP,5,1,6,|,1
SE Tualatin Valley Hwy & 44th,257,W,NS,40,30,70,|,119
700 Block Baseline,258,E,AT,13,5,18,|,2
SW Baseline & Adams,259,W,NS,80,13,93,|,25
E Main & NE Brookwood,260,W,FS,4,13,17,|,1
E Main & SE Brookwood,261,E,NS,14,4,18,|,1
Baseline St & S 26th,263,E,NS,39,15,54,|,6
SW Baseline St & 17th,264,W,OP,31,42,73,|,19
W Baseline Rd & SW Lisa,265,W,FS,6,1,7,|,0
2200 Block Baseline,267,E,AT,50,30,80,|,22
1000 Block SW Baseline St,268,W,AT,26,52,78,|,18
W Baseline Rd & SW Willow Creek Dr,269,E,NS,1,16,17,|,0
Baseline St & S 1st,270,E,FS,20,20,40,|,13
Baseline St & S 10th,271,E,NS,60,27,87,|,25
Baseline St & S 12th,272,E,FS,77,30,107,|,13
Baseline St & S 14th,273,E,NS,47,29,76,|,6
W Baseline Rd & SW 185th,275,W,FS,0,0,0,|,0
