"",,,,,,,,Monthly
Stop Location,Location ID,Direction,Position,Ons,Offs,Total,,Lifts
SW Railroad & Washington,3670,N,OP,60,52,112,|,13
SE Main & Scott,3672,N,OP,0,1,1,|,1
SW Main & Scoffins,3673,W,NS,103,317,420,|,62
N Main & NE 10th,3683,N,NS,1,15,16,|,3
E Main & NE 12th,3687,W,FS,0,8,8,|,0
E Main & SE 12th,3688,E,NS,7,1,8,|,2
Main & 13th,3690,N,FS,4,0,4,|,2
Main & 15th,3693,N,NS,0,0,0,|,0
E Main & SE 18th,3711,W,OP,6,4,10,|,0
E Main & SE 18th,3712,E,FS,4,6,10,|,0
N Main & NE 2nd,3715,N,NS,8,61,69,|,17
E Main & SE 24th,3716,W,NS,3,3,6,|,0
E Main & SE 24th,3717,E,NS,4,4,8,|,0
E Main & SE 26th,3718,W,OP,10,6,16,|,1
E Main & SE 28th,3719,E,NS,10,8,18,|,0
SE Main & 3rd,3720,S,NS,0,15,15,|,2
400 Block SE Main (Estacada City Hall),3724,S,AT,64,48,112,|,14
N Main & NE 5th,3725,N,NS,3,8,11,|,1
Main & 8th St,3727,W,NS,14,20,34,|,8
SW Martinazzi & Boones Ferry,3778,N,NS,31,4,35,|,0
SW Martinazzi & Seneca,3779,S,NS,4,36,40,|,3
13700 Block SE McLoughlin,3780,N,AT,4,6,10,|,1
SE McLoughlin & Boardman,3781,N,FS,36,18,54,|,9
SE McLoughlin & Chestnut,3782,N,NS,8,6,14,|,0
SE McLoughlin & Concord,3783,N,FS,77,62,139,|,43
SE McLoughlin & Courtney,3784,N,FS,50,39,89,|,34
SE McLoughlin & Holly Farm Mall,3789,N,AT,20,17,37,|,8
SE McLoughlin & Hull Ave,3790,N,FS,25,11,36,|,2
SE McLoughlin & Jennings,3791,N,FS,59,23,82,|,5
SE McLoughlin & Maple,3792,N,NS,19,11,30,|,4
SE McLoughlin & Naef,3794,N,FS,43,15,58,|,5
SE McLoughlin & Oak Grove,3795,N,FS,158,134,292,|,142
SE Ochoco & McLoughlin,3797,W,NS,5,12,17,|,0
SE McLoughlin & Park Ave,3798,N,FS,50,325,375,|,85
SE McLoughlin & Risley,3799,N,FS,19,15,34,|,6
SE McLoughlin & Roethe,3800,N,FS,126,50,176,|,28
SE McLoughlin & Silver Springs,3801,N,NS,8,10,18,|,3
SE McLoughlin & Silverleaf,3802,N,OP,13,9,22,|,5
SE McLoughlin & Vineyard,3807,N,FS,44,32,76,|,19
12200 Block SE McLoughlin,3810,N,AT,7,10,17,|,9
600 Block McVey,3811,E,OP,1,0,1,|,0
600 Block McVey,3812,W,AT,0,0,0,|,0
McVey & Cornell,3813,W,NS,0,2,2,|,0
McVey & Cornell,3814,E,FS,3,0,3,|,0
McVey & Maple,3815,E,NS,3,0,3,|,0
McVey & Lakefront,3816,W,NS,0,1,1,|,0
McVey & Oak,3817,W,FS,0,0,0,|,0
