"",,,,,,,,Monthly
Stop Location,Location ID,Direction,Position,Ons,Offs,Total,,Lifts
NE 11th & Holladay,8513,N,NS,69,231,300,|,37
E Main & NE 14th,8514,E,OP,1,1,2,|,0
E Main & NE 14th,8537,W,FS,1,1,2,|,0
NE Evergreen Pkwy & NW Atkeson Ln,8539,E,NS,1,10,11,|,0
NW Evergreen Pkwy & NE John Olsen,8540,W,FS,20,9,29,|,2
NW Evergreen Pkwy & NE Aloclek Ct,8541,W,FS,13,4,17,|,0
NE Century (NW 229th) & Butler,8542,S,NS,6,5,11,|,0
NE Cornell & Century (NW 229th),8543,W,FS,7,13,20,|,4
NE Cornell & Elam Young West,8545,W,OP,3,6,9,|,1
3300 Block NE Cornell,8546,W,AT,5,6,11,|,0
NE Cornell & 25th,8547,W,FS,14,25,39,|,5
NE Cornell & Hillaire Dr,8548,W,NS,15,12,27,|,0
NE Cornell & Arrington,8549,W,NS,22,11,33,|,1
NE Cornell & Grant,8550,S,NS,8,4,12,|,3
NE Cornell & Jackson,8551,S,NS,2,2,4,|,0
SE 10th & E Main,8552,N,NS,17,2,19,|,4
NE Cornell & Jackson,8553,N,OP,2,1,3,|,0
NE Cornell & Grant,8554,N,NS,7,8,15,|,1
NE Cornell & Arrington,8555,E,OP,9,21,30,|,0
NE Cornell & Hillaire Dr,8556,E,FS,18,13,31,|,1
NE 25th & Cornell,8557,N,FS,2,3,5,|,1
NE Cornell & 34th,8558,E,NS,4,4,8,|,0
NE Cornell & Elam Young West,8559,E,FS,5,4,9,|,0
NE Cornell & Century (NW 231st),8561,E,FS,8,7,15,|,2
NW Evergreen Pkwy & NE Aloclek Dr,8562,E,FS,4,19,23,|,0
NW Evergreen Pkwy & NE John Olsen,8563,E,NS,9,19,28,|,5
NE 148th & Sacramento,8564,N,NS,1,2,3,|,0
NE 148th & Fremont,8567,N,NS,4,3,7,|,5
NE Sandy & 152nd,8569,E,FS,5,16,21,|,4
NE Sandy & 158th,8570,E,NS,14,33,47,|,2
NE Sandy & 162nd,8571,E,NS,49,39,88,|,36
NE Sandy & 165th,8572,E,FS,5,11,16,|,1
NE 181st & Halsey,8580,S,NS,36,11,47,|,24
NE 181st & Halsey,8581,N,NS,12,39,51,|,16
NE 181st & San Rafael,8582,N,NS,2,9,11,|,2
NE Sandy & 165th,8584,W,FS,11,3,14,|,1
NE Sandy & 162nd,8585,W,OP,24,14,38,|,4
NE Sandy & 152nd,8587,W,OP,15,4,19,|,3
NE 148th & 147th,8589,S,FS,1,0,1,|,0
NE 148th & Sacramento,8592,S,OP,2,0,2,|,0
SW 257th & Hensley Rd,8595,S,FS,4,1,5,|,0
SW 257th & 28th,8597,S,FS,1,4,5,|,1
SW 257th & SE Stark,8598,N,FS,20,12,32,|,6
SW 257th & 28th,8599,N,OP,1,1,2,|,0
SW 185th & Alexander,8603,S,NS,10,94,104,|,16
SW Murray & Allen,8604,S,FS,51,81,132,|,17
SW Murray & Davis,8605,S,NS,5,6,11,|,6
