"",,,,,,,,Monthly
Stop Location,Location ID,Direction,Position,Ons,Offs,Total,,Lifts
2400 Block NE Riverside Way,9371,W,AT,7,0,7,|,0
SE Powell Valley & Barnes Flag Stop,9383,W,AT,0,0,0,|,0
SW 1st & Arthur,9397,S,NS,8,3,11,|,0
N Going & Port Center Way,9399,E,NS,51,9,60,|,4
NE 21st & Riverside Way,9402,S,FS,6,0,6,|,0
N Killingsworth & Greeley,9403,E,FS,42,6,48,|,5
NW 23rd Pl & Westover,9404,N,NS,0,0,0,|,0
SW Hamilton & 55th Pl,9405,E,OP,0,0,0,|,0
SW Boones Ferry Rd & 13th Ct,9406,W,NS,0,0,0,|,0
SW Boones Ferry Rd & 13th Ct,9407,E,FS,1,0,1,|,0
Exceed Enterprises,9412,S,AT,8,9,17,|,43
NE Sunderland & 33rd Dr (In),9414,E,NS,1,0,1,|,0
NW Division & Angeline,9425,W,OP,6,2,8,|,5
NW Division & Angeline,9426,E,NS,1,7,8,|,2
SW 257th & Jennings Way,9427,E,NS,1,4,5,|,0
SW 257th & Jennings Way,9428,W,OP,11,1,12,|,1
SE Main & E 1st,9429,N,NS,2,1,3,|,0
NE Main & E 1st,9430,S,NS,0,3,3,|,0
N Lombard & Catlin,9431,N,NS,2,53,55,|,5
N Lombard & Weyerhauser,9432,N,FS,0,25,25,|,4
14500 Block N Lombard,9434,N,AT,1,2,3,|,0
N Lombard & Catlin,9435,S,NS,88,2,90,|,15
10200 Block N Lombard,9436,S,AT,43,0,43,|,5
NE Vancouver Way & Freightliner,9438,N,FS,1,8,9,|,0
N Marine & Leadbetter,9439,E,NS,2,2,4,|,0
N Marine & Bybee Lake Road,9440,E,FS,1,0,1,|,0
6100 Block N Marine,9441,E,AT,1,0,1,|,0
5300 Block N Marine,9442,E,OP,0,0,0,|,0
N Marine & Gantenbein,9444,E,OP,0,0,0,|,0
9000 Block NE Vancouver Way,9449,W,AT,54,13,67,|,1
NE Middlefield & 6th Drive,9451,E,NS,0,0,0,|,0
NE 6th Drive & Faloma,9453,N,NS,2,0,2,|,0
N Marine & Gantenbein,9454,W,NS,0,0,0,|,0
N Marine & Anchor,9455,W,NS,1,0,1,|,0
6100 Block N Marine,9457,W,AT,0,2,2,|,0
N Marine & Bybee Lake Road,9458,W,NS,0,3,3,|,0
N Marine & Pacific Gateway Blvd,9459,W,FS,2,3,5,|,0
14500 Block N Lombard,9460,S,OP,1,3,4,|,0
SW Hocken & Millikan,9462,S,NS,7,7,14,|,1
13500 Block SW Millikan,9463,W,AT,3,3,6,|,0
13900 Block SW Millikan,9464,W,AT,2,2,4,|,0
14100 Block SW Millikan,9465,E,OP,1,3,4,|,0
13900 Block SW Millikan,9466,E,OP,3,2,5,|,1
NW 185th & Bronson,9467,N,FS,7,34,41,|,2
13900 Block SW 72nd,9469,E,AT,0,2,2,|,0
NW Graham/257th & 257th Way,9470,N,FS,3,30,33,|,2
NW Graham/257th & 257th Way,9471,S,OP,27,2,29,|,4
