"",,,,,,,,Monthly
Stop Location,Location ID,Direction,Position,Ons,Offs,Total,,Lifts
600 Block NW Eastman (Townfair),1583,S,OP,1,0,1,|,0
NW Eastman & 3rd,1585,N,FS,2,2,4,|,1
NW Eastman & 3rd,1586,S,OP,1,1,2,|,0
SW Eastman & 4th,1587,E,OP,2,0,2,|,0
SW Eastman & 4th,1588,S,FS,0,0,0,|,0
SE Ellis & Foster,1596,W,NS,2,22,24,|,3
SE Ellis & Foster,1597,E,FS,8,7,15,|,1
SE Ellis & 86th Ave,1598,W,NS,8,2,10,|,1
SE Ellis & 86th Ct,1600,E,OP,1,6,7,|,0
SE Ellis & 89th,1602,E,OP,1,5,6,|,5
SE Ellis & 92nd,1604,E,NS,2,11,13,|,0
NW Everett & Broadway,1606,E,NS,23,46,69,|,24
NW Everett & 11th,1607,E,FS,75,35,110,|,21
NW Everett & 14th,1608,E,NS,43,17,60,|,3
NW Everett & 19th,1611,E,NS,89,23,112,|,63
NW Everett & 2nd,1612,E,NS,310,141,451,|,86
NW Everett & 21st,1615,E,FS,116,36,152,|,49
2700 Block SW Fairview,1618,E,AT,0,0,0,|,0
2700 Block SW Fairview,1619,W,OP,0,0,0,|,0
2800 Block SW Fairview,1620,W,AT,0,0,0,|,0
2800 Block SW Fairview,1622,S,OP,1,0,1,|,0
2800 Block SW Fairview,1623,N,AT,0,1,1,|,0
4000 Block SW Fairview (Arboretum),1624,N,AT,3,2,5,|,0
4000 Block SW Fairview (Arboretum),1625,S,OP,1,2,3,|,0
SW Fairview & Bennington,1626,E,OP,0,1,1,|,0
SW Fairview & Bennington,1627,S,FS,4,0,4,|,0
SW Fairview & Canterbury,1628,N,NS,1,1,2,|,0
SW Fairview & Cascade,1629,S,NS,1,0,1,|,0
SW Fairview & Champlain,1632,E,OP,1,0,1,|,0
SW Fairview & Kingston,1633,E,NS,10,20,30,|,1
2900 Block SW Fairview,1635,W,AT,0,2,2,|,0
2900 Block SW Fairview,1636,E,OP,2,0,2,|,0
SW Fairview & View Place,1637,S,FS,0,1,1,|,0
SW Fairview & Wildwood Trail,1638,N,AT,0,0,0,|,0
SW Fairview & Wildwood Trail,1639,S,AT,0,0,0,|,0
SW Farmington & 156th,1640,E,OP,53,26,79,|,2
SW Farmington & 157th Pl,1641,W,OP,34,48,82,|,3
18200 Block SW Farmington,1642,E,AT,0,0,0,|,0
SW Farmington & Erickson,1646,E,FS,7,27,34,|,4
SW Farmington & Hall,1648,W,NS,42,8,50,|,8
SW Farmington & Hocken,1649,W,NS,9,3,12,|,0
SW Farmington & Hocken,1650,E,FS,3,11,14,|,3
SW Farmington & Kinnaman,1651,W,FS,21,58,79,|,2
SW Farmington & Kinnaman,1652,E,NS,34,17,51,|,10
17500 Block SW Farmington,1657,W,OP,78,67,145,|,40
SW Farmington & Remington Dr,1658,E,FS,82,78,160,|,32
SW Farmington & Murray,1660,W,FS,46,57,103,|,10
