"",,,,,,,,Monthly
Stop Location,Location ID,Direction,Position,Ons,Offs,Total,,Lifts
SE M L King & Morrison,13584,S,FS,32,107,139,|,21
NW Cornell & 118th,13586,W,OP,6,14,20,|,0
SW Hamilton & 52nd,13587,W,FS,0,3,3,|,0
SW Summit Dr & Greenburg,13588,E,NS,16,12,28,|,1
SW Summit Dr & Palmblad,13589,W,NS,10,18,28,|,3
SW 72nd & Cherry Dr,13590,S,NS,0,1,1,|,0
NE Sandy & 104th,13591,W,OP,20,24,44,|,8
Beavercreek & Danielson Dr,13592,W,NS,82,11,93,|,39
NE 238th & Halsey,13594,N,FS,16,22,38,|,10
SE Stark & 85th,13596,W,NS,18,3,21,|,4
SE Grand & Stark,13597,N,FS,119,50,169,|,44
800 Block NE 181st,13598,S,OP,12,6,18,|,3
SW Moody & Meade South,13601,S,AT,83,30,113,|,9
Willamette Dr & Webb,13603,N,NS,4,0,4,|,0
SE M L King & Stark,13613,S,FS,40,89,129,|,32
700 Block NW Naito Parkway,13621,S,AT,3,6,9,|,11
N Hayden Island Dr & Tomahawk Island Dr,13629,N,FS,7,47,54,|,5
Relay Resources,13630,N,AT,8,14,22,|,5
Hwy 224 & Paul Bunyan Ln,13631,E,NS,0,0,0,|,0
Hwy 224  & Paul Bunyan Ln,13632,W,OP,0,0,0,|,0
NE 9th & Hassalo,13633,S,NS,48,33,81,|,8
N Vancouver Way & Jubitz,13635,N,OP,10,25,35,|,6
SW Main & Commercial,13636,E,FS,75,88,163,|,9
NW Yeon & 44th,13637,E,NS,36,56,92,|,11
NE 102nd & Sandy,13639,N,NS,8,12,20,|,7
SW Jenkins & Murray,13640,W,NS,2,2,4,|,0
N Kerby & Stanton,13642,S,NS,3,9,12,|,2
N Vancouver Way & Jubitz,13643,S,AT,32,13,45,|,4
Kerr & Hidalgo,13645,S,FS,5,7,12,|,1
SW 40th & Troy,13647,S,FS,1,2,3,|,0
N Vancouver Way & NE Middlefield,13648,N,NS,2,22,24,|,1
900 Block Washington,13649,S,AT,2,3,5,|,20
SE Orient Dr & Elsa St,13650,E,NS,0,0,0,|,0
NE Sandy & 87th,13651,E,OP,3,18,21,|,16
20300 Block SE Hwy 224,13654,W,AT,0,0,0,|,0
20200 Block SE Hwy 224,13655,E,AT,0,0,0,|,0
SE Hwy 224 & McPartland,13657,W,FS,0,0,0,|,0
SE Hwy 224 & Eckert Ln,13662,N,NS,3,0,3,|,1
SE Hwy 224 & Goosehollow,13663,N,NS,5,0,5,|,1
NW Laidlaw & Preakness,13666,W,FS,7,3,10,|,0
NW Laidlaw & 167th Pl,13667,W,OP,1,0,1,|,0
NW Laidlaw & Cove,13668,S,OP,2,2,4,|,3
NW Laidlaw & West Union,13669,S,FS,7,2,9,|,0
NW Laidlaw & Emerald Canyon,13670,S,FS,3,2,5,|,0
NW 174th & Lonerock,13671,S,FS,4,2,6,|,8
NW 174th & Bethany Elem School,13672,S,AT,3,3,6,|,0
NW 174th & Parkview,13673,S,FS,1,1,2,|,0
