"",,,,,,,,Monthly
Stop Location,Location ID,Direction,Position,Ons,Offs,Total,,Lifts
NE Cornell & Butler,10015,S,FS,11,12,23,|,7
NE Cornell & Walbridge,10016,W,FS,4,4,8,|,2
NW Cornell & NE Amberglen (NW Amberwood),10021,E,NS,17,20,37,|,8
NW Cornell & NE Overlook (NW Amberbrook),10022,E,NS,5,4,9,|,1
NW Cornell & NE John Olsen (NW 206th),10023,E,NS,22,13,35,|,10
NW Cornell & 192nd,10024,E,NS,10,3,13,|,0
NW Cornell & NE Aloclek,10025,E,FS,5,3,8,|,1
NE Cornell & 25th,10026,E,FS,24,23,47,|,7
NE Cornell & 48th,10028,E,NS,7,10,17,|,4
NW Cornell & NE Cornelius Pass,10029,E,FS,4,4,8,|,0
NE Cornell & Butler,10030,E,NS,14,18,32,|,7
NE Cornell & NW Walbridge,10031,E,NS,7,7,14,|,1
NE Cornell & Stucki (NW Amberglen),10032,E,FS,38,18,56,|,4
NE Century (NW 231st) & Alder/Orenco Stn,10033,N,FS,7,24,31,|,3
4100 Block SW 110th,10035,S,OP,48,0,48,|,0
4200 Block SW 110th,10036,N,AT,1,51,52,|,0
10200 Block SW Park Way,10037,W,AT,1,0,1,|,0
NE Century (NW 231st) & Carillion,10041,S,NS,1,6,7,|,0
NE Century (NW 231st) & Orenco Max Stn,10042,S,NS,27,98,125,|,7
NE Century (NW 231st) & Dogwood,10043,S,NS,1,3,4,|,0
NE Century (NW 231st) & Orenco Ridge,10044,S,FS,1,6,7,|,0
E Main (W Baseline) & SE 58th Ct,10045,W,OP,0,1,1,|,0
E Main (W Baseline) & NE 53rd,10046,W,NS,6,7,13,|,1
E Main (W Baseline) & NE 49th,10047,W,NS,2,1,3,|,4
E Main (W Baseline) & SE 58th Ct,10049,E,NS,2,0,2,|,1
E Main (W Baseline) & NE 53rd,10050,E,NS,11,8,19,|,5
E Main (W Baseline) & NE 49th,10051,E,NS,2,1,3,|,5
NE Century (NW 231st) & Campus Way,10052,N,NS,6,2,8,|,1
NE Century (NW 231st) & Dogwood,10053,N,NS,3,0,3,|,0
NE Century (NW 231st) & Deer Run,10054,N,FS,5,1,6,|,0
NE Evergreen Pkwy & 106th (NW 188th),10056,E,NS,12,35,47,|,5
Dawson Creek & Brookwood,10061,N,FS,1,5,6,|,1
Shute Rd & Dawson Creek Dr,10063,S,NS,2,1,3,|,0
NW 31st & Guam,10071,S,NS,1,19,20,|,1
3300 Block NW Guam,10072,W,AT,0,2,2,|,0
NW Guam & 35th,10073,W,NS,0,17,17,|,0
3300 Block NW 35th,10074,N,AT,0,8,8,|,0
NW Kaiser & Snowlily Dr,10076,N,NS,2,6,8,|,0
NW Kaiser & Two Ponds Dr,10077,N,FS,3,12,15,|,3
15500 Block NW Springville,10078,W,AT,1,4,5,|,0
NW Springville & 160th,10079,W,FS,3,8,11,|,0
NW Springville & Sickle Terrace,10080,W,FS,1,6,7,|,0
NW Springville & Joss,10081,W,NS,0,7,7,|,11
NW Springville & Samuel Drive,10082,W,OP,0,1,1,|,0
NW Springville & 173rd,10083,W,OP,0,3,3,|,0
NW Bethany & Cornell,10084,N,FS,21,20,41,|,12
NW Bethany & Bronson,10085,N,FS,6,12,18,|,1
