"",,,,,,,,Monthly
Stop Location,Location ID,Direction,Position,Ons,Offs,Total,,Lifts
NW 29th & 31st,7320,N,OP,0,21,21,|,1
NE 30th & Alberta,7326,S,NS,21,20,41,|,6
NE 30th & Emerson,7327,N,NS,6,8,14,|,6
NE 30th & Emerson,7328,S,NS,9,11,20,|,2
NE 30th & Killingsworth,7329,N,NS,24,19,43,|,3
SE 32nd & Floss,7334,S,OP,8,5,13,|,0
SE 32nd & Bybee,7335,N,NS,2,2,4,|,0
SE 32nd & Bybee,7336,S,NS,3,2,5,|,0
SE 32nd & Hillside,7339,N,OP,21,11,32,|,19
SE 32nd & Harvey,7340,S,OP,2,5,7,|,1
SE 32nd & Harvey,7341,N,NS,6,4,10,|,0
SE 32nd & Hillside,7342,S,NS,12,19,31,|,22
SE 32nd & Knapp,7344,N,NS,0,3,3,|,0
SE 32nd & Knapp,7345,S,NS,5,0,5,|,0
SE 32nd & Malcolm,7346,N,OP,4,3,7,|,0
SE 32nd & Malcolm,7347,S,FS,3,4,7,|,1
SE 32nd & Meek,7349,S,NS,5,10,15,|,5
SE 32nd & Olsen,7350,N,NS,8,6,14,|,3
SE 32nd & Olsen,7351,S,FS,5,7,12,|,2
SE 32nd & Rex,7352,S,NS,18,4,22,|,0
SE 32nd & Tolman,7357,N,NS,1,2,3,|,0
SE 32nd & Tolman,7358,S,NS,4,1,5,|,0
SE 32nd & Van Water,7359,N,OP,3,3,6,|,0
SE 32nd & Woodstock,7360,N,NS,4,11,15,|,1
NE 33rd & Ainsworth,7361,S,FS,8,1,9,|,2
NE 33rd & Ainsworth,7362,N,NS,1,8,9,|,0
NE 33rd & Alberta,7363,S,NS,27,1,28,|,6
NE 33rd & Alberta Ct,7364,N,NS,1,19,20,|,1
NE 33rd & Brazee,7365,N,OP,3,5,8,|,0
NE 33rd & Brazee,7366,S,NS,10,2,12,|,0
NE 33rd & Bryce,7368,S,NS,4,0,4,|,0
NE 33rd & Dekum,7369,N,NS,13,11,24,|,1
NE 33rd & Dekum,7370,S,NS,15,17,32,|,2
NE 33rd & Emerson,7371,N,NS,5,39,44,|,7
NE 33rd & Emerson,7372,S,NS,27,4,31,|,5
NE 33rd & Alameda,7373,N,NS,5,16,21,|,1
NE 33rd & Fremont,7374,S,NS,12,5,17,|,0
NE 33rd & Going,7375,N,NS,1,8,9,|,3
NE 33rd & Hancock,7377,S,NS,3,3,6,|,0
NE 33rd & Holman,7378,N,NS,1,15,16,|,0
NE 33rd & Holman,7379,S,FS,17,1,18,|,1
NE 33rd & Jarrett,7380,N,OP,3,11,14,|,10
NE 33rd & Jarrett,7381,S,NS,12,1,13,|,4
NE 33rd & Killingsworth,7382,S,NS,41,43,84,|,5
NE 33rd & Killingsworth,7383,N,NS,32,40,72,|,4
NE 33rd & Knott,7385,N,FS,3,7,10,|,2
NE 33rd & Knott,7386,S,FS,8,2,10,|,0
