"",,,,,,,,Monthly
Stop Location,Location ID,Direction,Position,Ons,Offs,Total,,Lifts
SE Woodstock & 34th,6406,W,OP,5,5,10,|,0
SE Woodstock & 36th,6407,E,NS,4,6,10,|,5
3600 Block SE Woodstock,6408,W,OP,8,6,14,|,0
SE Woodstock & Cesar Chavez Blvd,6409,W,NS,17,3,20,|,3
SE Woodstock & 41st,6411,E,NS,8,68,76,|,37
SE Woodstock & 41st,6412,W,NS,65,13,78,|,15
SE Woodstock & 43rd,6413,E,NS,19,80,99,|,61
SE Woodstock & 43rd,6414,W,NS,102,38,140,|,99
SE Woodstock & 46th,6415,E,NS,152,202,354,|,202
SE Woodstock & 46th,6416,W,NS,49,56,105,|,80
SE Woodstock & 49th,6419,E,FS,17,25,42,|,26
SE Woodstock & 49th,6420,W,NS,24,13,37,|,20
SE Woodstock & 51st,6421,W,NS,51,6,57,|,7
SE Woodstock & 92nd,6427,E,NS,42,109,151,|,28
SE Yamhill & 69th,6442,W,NS,8,6,14,|,1
SE Yamhill & 71st,6443,E,NS,2,19,21,|,0
SE Yamhill & 71st,6444,W,NS,13,3,16,|,0
SE Yamhill & 73rd,6445,E,NS,2,11,13,|,0
SE Yamhill & 73rd,6446,W,FS,14,2,16,|,0
SE Yamhill & 76th,6447,E,NS,4,43,47,|,5
4200 Block NW Yeon,6458,W,AT,0,5,5,|,0
4000 Block NW Yeon Frontage Rd,6460,E,AT,20,1,21,|,1
3900 Block NW Yeon Frontage Rd,6463,E,AT,3,0,3,|,0
3900 Block NW Yeon,6467,W,AT,0,17,17,|,0
NW Yeon & 44th,6470,E,FS,79,53,132,|,8
2200 Block SW 1st,6472,N,AT,3,14,17,|,0
SW 1st & Madison Tower,6473,S,AT,1,0,1,|,0
SW 1st & Arthur,6474,S,NS,6,1,7,|,0
SW 1st & Arthur,6475,N,NS,0,6,6,|,0
SW Washington & Adams,6477,E,NS,44,348,392,|,114
SW 1st & Hooker,6480,S,NS,2,0,2,|,0
SW 1st & Hooker,6481,N,NS,0,1,1,|,0
SW 1st & Woods,6488,S,NS,1,0,1,|,0
SW 1st & Woods,6489,N,FS,0,1,1,|,0
SE 10th & Maple,6495,N,NS,73,71,144,|,31
SE 10th & Maple,6496,S,FS,80,63,143,|,27
SE Tualatin Valley Hwy & 11th,6498,S,FS,30,24,54,|,5
SE 10th & Walnut,6499,N,NS,75,94,169,|,15
SE 10th & Walnut,6500,S,NS,138,74,212,|,22
SE 10th & Baseline,6502,N,NS,55,3,58,|,4
100 Block NE 102nd,6503,S,AT,12,5,17,|,4
NE 102nd & Davis,6504,N,NS,4,7,11,|,6
NE 102nd & Alton,6505,S,NS,6,2,8,|,9
NE 102nd & Beech,6506,N,FS,1,5,6,|,1
NE 102nd & Bell,6507,S,FS,10,5,15,|,4
NE 102nd & Brazee,6508,N,NS,3,8,11,|,5
NE 102nd & Brazee,6509,S,FS,13,2,15,|,11
