"",,,,,,,,Monthly
Stop Location,Location ID,Direction,Position,Ons,Offs,Total,,Lifts
NE 82nd & Hassalo,7978,S,OP,39,27,66,|,11
SE 82nd & Hawthorne,7979,N,NS,30,22,52,|,5
SE 82nd & Hawthorne,7980,S,NS,22,20,42,|,4
SE 82nd & Ogden,7982,N,OP,82,27,109,|,32
SE 82nd & Holgate,7984,N,FS,311,231,542,|,182
SE 82nd & Holgate,7986,S,NS,239,269,508,|,162
NE 82nd & Holladay,7987,N,NS,15,17,32,|,7
SE 82nd & Johnson Creek,7988,S,FS,36,45,81,|,37
SE 82nd & King,7990,S,FS,45,367,412,|,108
NE 82nd & Klickitat,7991,N,NS,10,52,62,|,8
NE 82nd & Klickitat,7992,S,NS,65,20,85,|,11
SE 82nd & Lambert,7993,N,FS,37,22,59,|,32
SE 82nd & Lambert,7994,S,NS,21,35,56,|,50
SE 82nd & Lindy,7995,N,NS,162,85,247,|,121
SE 82nd & Lindy,7996,S,FS,67,120,187,|,82
NE 82nd & 82nd Ave MAX Stn/I-84,7999,N,AT,944,837,"1,781",|,261
NE 82nd & 82nd Ave MAX Stn/I-84,8000,S,AT,686,641,"1,327",|,176
NE 82nd & Madison HS,8001,N,OP,115,215,330,|,14
NE 82nd & Madison HS,8002,S,AT,197,180,377,|,8
SE 82nd & Main,8004,S,NS,12,15,27,|,3
SE 82nd & McBride,8005,N,OP,4,15,19,|,6
SE 82nd & McBride,8006,S,NS,18,6,24,|,4
SE 82nd & Mill,8007,N,NS,50,34,84,|,9
SE 82nd & Mill,8008,S,FS,38,66,104,|,5
SE 82nd & Mitchell,8009,S,FS,11,26,37,|,11
NE 82nd & Multnomah,8010,N,NS,25,31,56,|,9
SE 82nd & Ogden,8013,S,NS,21,63,84,|,23
NE 82nd & Oregon,8014,N,OP,7,8,15,|,3
SE 82nd & Otty,8016,S,FS,52,91,143,|,63
SE 82nd & Overland,8017,N,FS,80,62,142,|,48
SE 82nd & Overland,8018,S,NS,34,47,81,|,15
SE 82nd & Powell,8023,N,FS,373,328,701,|,135
SE 82nd & Powell,8024,S,FS,339,364,703,|,125
NE 82nd & Prescott,8025,S,FS,54,43,97,|,28
NE 82nd & Prescott,8026,N,NS,41,53,94,|,12
SE 82nd & Ramona,8027,N,OP,24,19,43,|,9
SE 82nd & Ramona,8028,S,NS,49,37,86,|,20
SE 82nd & Raymond Ct,8029,N,NS,71,32,103,|,40
SE 82nd & Raymond,8030,S,NS,31,71,102,|,35
SE 82nd & Rhone,8031,N,NS,25,21,46,|,6
NE 82nd & Russell,8033,N,NS,42,29,71,|,18
NE 82nd & Russell,8034,S,OP,46,12,58,|,16
NE 82nd & Thompson,8035,S,FS,35,22,57,|,7
NE 82nd & Sacramento,8036,N,NS,23,26,49,|,11
SE 82nd & Salmon,8037,N,OP,15,13,28,|,2
NE 82nd & Sandy,8038,S,NS,188,109,297,|,63
NE 82nd & Sandy,8039,N,FS,117,205,322,|,58
