"",,,,,,,,Monthly
Stop Location,Location ID,Direction,Position,Ons,Offs,Total,,Lifts
SW Dosch & Martins,1521,N,FS,0,0,0,|,0
SW Dosch & Newby,1522,S,OP,0,0,0,|,0
SW Dosch & Newby,1523,N,FS,1,0,1,|,0
SW Dosch & Patton,1524,N,NS,12,0,12,|,0
5400 Block SE Duke,1528,E,AT,5,13,18,|,4
SE Duke & 78th,1529,W,OP,34,3,37,|,2
SE Duke & 52nd,1530,W,NS,12,6,18,|,1
SE Duke & 57th,1531,E,FS,2,13,15,|,1
SE Duke & 57th,1532,W,FS,16,2,18,|,1
SE Duke & 60th,1534,W,NS,49,19,68,|,19
SE Duke & 64th,1537,E,NS,8,28,36,|,6
SE Duke & 65th,1538,W,NS,26,6,32,|,1
SE Duke & 67th,1539,E,NS,9,38,47,|,30
SE Duke & 60th,1540,E,NS,23,46,69,|,28
SE Duke & 67th,1541,W,NS,41,8,49,|,43
SE Duke & 72nd,1544,E,NS,18,69,87,|,12
SE Duke & 72nd,1545,W,FS,64,17,81,|,8
SE Duke & 75th,1546,E,NS,4,21,25,|,16
SE Duke & 74th,1547,W,NS,30,5,35,|,17
SE Duke & 78th,1548,E,NS,1,28,29,|,1
SE Duke & 82nd,1550,E,NS,5,104,109,|,44
SE Duke & 81st,1551,W,NS,88,6,94,|,15
SE Eagle Creek Rd & Currin,1555,N,FS,0,0,0,|,0
28200 Block SE Eagle Creek Rd,1556,S,AT,2,3,5,|,0
28400 Block SE Eagle Creek Rd,1557,N,AT,4,1,5,|,1
25800 Block SE Eagle Creek Rd,1558,N,AT,5,6,11,|,2
SE Eagle Creek Rd & Riverside Way,1559,S,FS,4,5,9,|,1
SE Eagle Creek Rd & Folsom,1560,S,NS,0,0,0,|,0
SE Eagle Creek Rd & Heiple Rd,1561,N,OP,1,0,1,|,0
SE Eagle Creek Rd & Heiple Rd,1562,S,FS,0,1,1,|,0
SE Eagle Creek Rd & Hwy 211,1563,S,FS,2,2,4,|,0
SE Eagle Creek Rd & Hwy 211,1564,N,NS,1,2,3,|,1
SE Eagle Creek Rd & Risberg,1565,N,OP,1,2,3,|,0
SE Eagle Creek Rd & Risberg,1566,S,NS,1,1,2,|,0
SE Eagle Creek Rd & Wildcat Mtn,1567,S,NS,1,3,4,|,0
SE Eagle Creek Rd & Wildcat Mtn,1568,N,FS,3,1,4,|,0
SW Eastman & Birdsdale,1569,N,OP,4,1,5,|,0
SW Eastman & Birdsdale,1570,S,FS,0,2,2,|,0
1500 Block NW Eastman,1571,S,AT,3,12,15,|,17
NW Eastman & Division,1572,N,FS,96,5,101,|,30
SE 223rd & NW 20th,1576,S,NS,2,10,12,|,7
SW Eastman & Florence,1577,E,OP,1,0,1,|,0
SW Eastman & Florence,1578,W,FS,0,1,1,|,0
1300 Block NW Eastman,1579,S,AT,2,95,97,|,23
SW Eastman & W Powell,1580,N,NS,2,4,6,|,2
NW Eastman & W Powell,1581,S,NS,1,2,3,|,0
600 Block NW Eastman (Townfair),1582,N,AT,0,0,0,|,1
